-- This is the "unedited" data on target postgres
-- should include target data like lot_face_point used only in the web app
-- Hang on to the source shps - they are frozen in time circa August 2018
-- The basic plan: load this to postgres first, then
-- we will dump out as shp and toss over to an sde-like facsimile
-- I am artisinally hand-crafting data by dumping shps with sources
--  tax_block_polygon       dof_dtm.tax_block_polygon_0829SDO@geocdev 
--  tax_block_point         dof_dtm.tax_block_point_0830SDO 
--  tax_lot_polygon         dof_dtm.tax_lot_polygon_0821@geocdev 
--  tax_lot_point           dof_taxmap.tax_lot_point@geodev  (~Sept 2018)
--  tax_lot_face            dof_taxmap.tax_lot_face@geocdev (~Sept 2018)
--  lot_face_point          dof_taxmap.lot_face_point@geocdev (~Sept 2018)

--then
-- 
--    shp2pgsql -s 2263 -g shape -m /c/matt_projects/dtm2cloud/src/helpers/mappingfiles/tax_block_polygon -a /d/matt_projects_data/dtm2cloud/tax_block_polygon.shp tax_block_polygon > /d/matt_projects_data/dtm2cloud/tax_block_polygon.sql
--    shp2pgsql -s 2263 -g shape -m /c/matt_projects/dtm2cloud/src/helpers/mappingfiles/tax_block_point -a /d/matt_projects_data/dtm2cloud/tax_block_point.shp tax_block_point > /d/matt_projects_data/dtm2cloud/tax_block_point.sql
--    shp2pgsql -s 2263 -g shape -m /c/matt_projects/dtm2cloud/src/helpers/mappingfiles/tax_lot_polygon -a /d/matt_projects_data/dtm2cloud/tax_lot_polygon.shp tax_lot_polygon > /d/matt_projects_data/dtm2cloud/tax_lot_polygon.sql
--    shp2pgsql -s 2263 -g shape -m /c/matt_projects/dtm2cloud/src/helpers/mappingfiles/tax_lot_point -a /d/matt_projects_data/dtm2cloud/tax_lot_point.shp tax_lot_point > /d/matt_projects_data/dtm2cloud/tax_lot_point.sql
--    shp2pgsql -s 2263 -g shape -m /c/matt_projects/dtm2cloud/src/helpers/mappingfiles/tax_lot_face -a /d/matt_projects_data/dtm2cloud/tax_lot_face.shp tax_lot_face > /d/matt_projects_data/dtm2cloud/tax_lot_face.sql    
--    shp2pgsql -s 2263 -g shape -m /c/matt_projects/dtm2cloud/src/helpers/mappingfiles/lot_face_point -a /d/matt_projects_data/dtm2cloud/lot_face_point.shp lot_face_point > /d/matt_projects_data/dtm2cloud/lot_face_point.sql
--
-- After IDing a good block pluck out the SQLs (see oldskool greps below)  
--
-- TEMPLATE
--------------------------------------------------------------------------------
-- <boro> block XX unedited data
-- Description: This block is very special to me and my testing family...
--------------------------------------------------------------------------------
-- <boro> block XX tax_block_polygon 
-- grep "('3','2386'," /d/matt_projects_data/dtm2cloud/tax_block_polygon.sql > /d/matt_projects_data/dtm2cloud/tax_block_polygon_temp.sql
-- <boro> block XX tax_block_point 
-- grep "('3','2386'," /d/matt_projects_data/dtm2cloud/tax_block_point.sql > /d/matt_projects_data/dtm2cloud/tax_block_point_temp.sql
-- <boro> block XX tax_lot_polygon 
-- grep "','302386" /d/matt_projects_data/dtm2cloud/tax_lot_polygon.sql > /d/matt_projects_data/dtm2cloud/tax_lot_polygon_temp.sql
-- <boro> block XX tax_lot_point 
-- grep "('302386" /d/matt_projects_data/dtm2cloud/tax_lot_point.sql > /d/matt_projects_data/dtm2cloud/tax_lot_point_temp.sql
-- <boro> block XX tax_lot_face
-- grep ",'302386" /d/matt_projects_data/dtm2cloud/tax_lot_face.sql > /d/matt_projects_data/dtm2cloud/tax_lot_face_temp.sql
-- <boro> block XX lot_face_point
-- grep ",'302386" /d/matt_projects_data/dtm2cloud/lot_face_point.sql > /d/matt_projects_data/dtm2cloud/lot_face_point_temp.sql
--
-- globalids should be completely removed but for now disable and pop at end
begin;
alter table tax_block_polygon alter globalid drop not null;
alter table tax_lot_polygon alter globalid drop not null;
alter table tax_lot_face alter globalid drop not null;
commit;
--------------------------------------------------------------------------------
begin;
--------------------------------------------------------------------------------
-- brooklyn block 2386 unedited data
-- an archetypal merge in the edited data
-- on August 22 2018 lots 12 and 14 (3023860012,3023860014)
-- merged into 7 (3023860007)
--------------------------------------------------------------------------------
-- brooklyn block 2386 tax_block_polygon 
INSERT INTO "tax_block_polygon" ("boro","block","eop_overlap_flag","jagged_st_flag","created_by","created_date","last_modified_by","last_modified_date","section_number","volume_number",shape) VALUES ('3','2386','0','0',NULL,NULL,'LTP',NULL,'8','5','0106000020D70800000100000001030000000100000016000000004AB030326F2E41008AC87F293E084100864845D96E2E4100CCDB35493B084180C66B1D5A6E2E4100CE91F23B3C084180FF1B3A236E2E4100FEAAB9A43C08410040F122F96D2E4100200F13F53C084100A7A237CA6D2E410006BFA34E3D084180C8487C9C6D2E41002092F0A53D084180BA8875706D2E4100404DFCF93D084180B3EB644E6D2E410056F8023B3E084100CB9D1F2C6D2E4100A8596F7C3E0841008310160B6D2E4100624680BB3E08418035A9EEE76C2E4100AE9E9BFE3E084100B65AADB96C2E4100064CE8563F0841809DB220126D2E41001EA9713742084180FACEB5256D2E4100D8FE81DA420841001B83D43B6D2E41005075B49243084100D50A596B6D2E41007A85631E45084180A8DC03226E2E410076CA8FC0430841007FE9ACD46E2E4100100B686A42084180BD8402346F2E410008D1D4B341084180CD5B6D8B6F2E4100DAE46A0C410841004AB030326F2E41008AC87F293E0841');
-- brooklyn block 2386 tax_block_point
INSERT INTO "tax_block_point" ("boro","block",shape) VALUES ('3','2386','0101000020D708000080D3A35E226E2E410088E21233400841');
-- brooklyn block 2386 tax_lot_polygon 
INSERT INTO "tax_lot_polygon" ("boro","block","lot","bbl","community_district","regular_lot_indicator","number_lot_sides","condo_flag","reuc_flag","air_rights_flag","subterranean_flag","easement_flag","section_number","volume_number","page_number","lot_note","nycmap_bldg_flag","missing_rpad_flag","conversion_exception_flag","value_reflected_out_flag","created_by","created_date","last_modified_by","last_modified_date","av_change","bw_change","effective_tax_year","bill_bbl_flag",shape) VALUES ('3','2386','24','3023860024','0',NULL,'0',NULL,NULL,NULL,NULL,NULL,'8','5','7',NULL,'1','0','0','0',NULL,NULL,'sj',NULL,'0','0',NULL,'0','0106000020D708000001000000010300000001000000050000000040F122F96D2E4100200F13F53C084100A7A237CA6D2E410006BFA34E3D0841008FFAAA226E2E410056A22D2F40084180274996516E2E4100366C9CD53F08410040F122F96D2E4100200F13F53C0841');
INSERT INTO "tax_lot_polygon" ("boro","block","lot","bbl","community_district","regular_lot_indicator","number_lot_sides","condo_flag","reuc_flag","air_rights_flag","subterranean_flag","easement_flag","section_number","volume_number","page_number","lot_note","nycmap_bldg_flag","missing_rpad_flag","conversion_exception_flag","value_reflected_out_flag","created_by","created_date","last_modified_by","last_modified_date","av_change","bw_change","effective_tax_year","bill_bbl_flag",shape) VALUES ('3','2386','18','3023860018','0','I','0',NULL,NULL,NULL,NULL,NULL,'8','5','7',NULL,'0','0','0','0',NULL,NULL,'sj',NULL,'0','0',NULL,'0','0106000020D70800000100000001030000000100000006000000803EBD11DB6E2E4100CAF629CF3E0841004AB030326F2E41008AC87F293E084100864845D96E2E4100CCDB35493B084180C66B1D5A6E2E4100CE91F23B3C084100C31CFCCA6E2E4100309DDEED3E0841803EBD11DB6E2E4100CAF629CF3E0841');
INSERT INTO "tax_lot_polygon" ("boro","block","lot","bbl","community_district","regular_lot_indicator","number_lot_sides","condo_flag","reuc_flag","air_rights_flag","subterranean_flag","easement_flag","section_number","volume_number","page_number","lot_note","nycmap_bldg_flag","missing_rpad_flag","conversion_exception_flag","value_reflected_out_flag","created_by","created_date","last_modified_by","last_modified_date","av_change","bw_change","effective_tax_year","bill_bbl_flag",shape) VALUES ('3','2386','29','3023860029','0',NULL,'0',NULL,NULL,NULL,NULL,NULL,'8','5','7',NULL,'1','0','0','0',NULL,NULL,'sj',NULL,'0','0',NULL,'0','0106000020D7080000010000000103000000010000000500000000CB9D1F2C6D2E4100A8596F7C3E0841008310160B6D2E4100624680BB3E084100174AAC526D2E41004A429C0F41084100D1B5B5736D2E410092558BD040084100CB9D1F2C6D2E4100A8596F7C3E0841');
INSERT INTO "tax_lot_polygon" ("boro","block","lot","bbl","community_district","regular_lot_indicator","number_lot_sides","condo_flag","reuc_flag","air_rights_flag","subterranean_flag","easement_flag","section_number","volume_number","page_number","lot_note","nycmap_bldg_flag","missing_rpad_flag","conversion_exception_flag","value_reflected_out_flag","created_by","created_date","last_modified_by","last_modified_date","av_change","bw_change","effective_tax_year","bill_bbl_flag",shape) VALUES ('3','2386','27','3023860027','0',NULL,'0',NULL,NULL,NULL,NULL,NULL,'8','5','7',NULL,'0','0','0','0',NULL,NULL,'sj',NULL,'0','0',NULL,'0','0106000020D7080000010000000103000000010000000500000000A2E0E8C86D2E41008E3086DA40084180BA8875706D2E4100404DFCF93D084180B3EB644E6D2E410056F8023B3E0841802965D8A66D2E4100A4DB8C1B41084100A2E0E8C86D2E41008E3086DA400841');
INSERT INTO "tax_lot_polygon" ("boro","block","lot","bbl","community_district","regular_lot_indicator","number_lot_sides","condo_flag","reuc_flag","air_rights_flag","subterranean_flag","easement_flag","section_number","volume_number","page_number","lot_note","nycmap_bldg_flag","missing_rpad_flag","conversion_exception_flag","value_reflected_out_flag","created_by","created_date","last_modified_by","last_modified_date","av_change","bw_change","effective_tax_year","bill_bbl_flag",shape) VALUES ('3','2386','2','3023860002','0',NULL,'0',NULL,NULL,NULL,NULL,NULL,'8','5','7',NULL,'0','0','0','0',NULL,NULL,'sj',NULL,'0','0',NULL,'0','0106000020D708000001000000010300000001000000070000000071DB7DDC6D2E41001200967D41084100A2E0E8C86D2E41008E3086DA400841802965D8A66D2E4100A4DB8C1B41084100F571F39B6D2E4100AC005930410841809DB220126D2E41001EA9713742084180FACEB5256D2E4100D8FE81DA4208410071DB7DDC6D2E41001200967D410841');
INSERT INTO "tax_lot_polygon" ("boro","block","lot","bbl","community_district","regular_lot_indicator","number_lot_sides","condo_flag","reuc_flag","air_rights_flag","subterranean_flag","easement_flag","section_number","volume_number","page_number","lot_note","nycmap_bldg_flag","missing_rpad_flag","conversion_exception_flag","value_reflected_out_flag","created_by","created_date","last_modified_by","last_modified_date","av_change","bw_change","effective_tax_year","bill_bbl_flag",shape) VALUES ('3','2386','23','3023860023','0',NULL,'0',NULL,NULL,NULL,NULL,NULL,'8','5','7',NULL,'1','0','0','0',NULL,NULL,'sj',NULL,'0','0',NULL,'0','0106000020D7080000010000000103000000010000000500000080274996516E2E4100366C9CD53F084180E773AD7B6E2E4100160843853F084180FF1B3A236E2E4100FEAAB9A43C08410040F122F96D2E4100200F13F53C084180274996516E2E4100366C9CD53F0841');
INSERT INTO "tax_lot_polygon" ("boro","block","lot","bbl","community_district","regular_lot_indicator","number_lot_sides","condo_flag","reuc_flag","air_rights_flag","subterranean_flag","easement_flag","section_number","volume_number","page_number","lot_note","nycmap_bldg_flag","missing_rpad_flag","conversion_exception_flag","value_reflected_out_flag","created_by","created_date","last_modified_by","last_modified_date","av_change","bw_change","effective_tax_year","bill_bbl_flag",shape) VALUES ('3','2386','3','3023860003','0',NULL,'0',NULL,NULL,NULL,NULL,NULL,'8','5','7',NULL,'1','0','0','0',NULL,NULL,'sj',NULL,'0','0',NULL,'0','0106000020D70800000100000001030000000100000005000000801FB19CF26D2E410052F0C7354208410071DB7DDC6D2E41001200967D41084180FACEB5256D2E4100D8FE81DA420841001B83D43B6D2E41005075B492430841801FB19CF26D2E410052F0C735420841');
INSERT INTO "tax_lot_polygon" ("boro","block","lot","bbl","community_district","regular_lot_indicator","number_lot_sides","condo_flag","reuc_flag","air_rights_flag","subterranean_flag","easement_flag","section_number","volume_number","page_number","lot_note","nycmap_bldg_flag","missing_rpad_flag","conversion_exception_flag","value_reflected_out_flag","created_by","created_date","last_modified_by","last_modified_date","av_change","bw_change","effective_tax_year","bill_bbl_flag",shape) VALUES ('3','2386','14','3023860014','0',NULL,'0',NULL,NULL,NULL,NULL,NULL,'8','5','7',NULL,'2','0','0','0',NULL,NULL,'sj',NULL,'0','0',NULL,'0','0106000020D7080000010000000103000000010000000500000080BD8402346F2E410008D1D4B341084180CD5B6D8B6F2E4100DAE46A0C410841004AB030326F2E41008AC87F293E0841803EBD11DB6E2E4100CAF629CF3E084180BD8402346F2E410008D1D4B3410841');
INSERT INTO "tax_lot_polygon" ("boro","block","lot","bbl","community_district","regular_lot_indicator","number_lot_sides","condo_flag","reuc_flag","air_rights_flag","subterranean_flag","easement_flag","section_number","volume_number","page_number","lot_note","nycmap_bldg_flag","missing_rpad_flag","conversion_exception_flag","value_reflected_out_flag","created_by","created_date","last_modified_by","last_modified_date","av_change","bw_change","effective_tax_year","bill_bbl_flag",shape) VALUES ('3','2386','1','3023860001','0','I','0',NULL,NULL,NULL,NULL,NULL,'8','5','7',NULL,'1','0','0','0',NULL,NULL,'sj',NULL,'0','0',NULL,'0','0106000020D7080000010000000103000000010000000900000000F571F39B6D2E4100AC00593041084100A153168B6D2E41004619EBA340084100D1B5B5736D2E410092558BD040084100174AAC526D2E41004A429C0F41084180C9E2842F6D2E4100969AB7524108418035A9EEE76C2E4100AE9E9BFE3E084100B65AADB96C2E4100064CE8563F0841809DB220126D2E41001EA9713742084100F571F39B6D2E4100AC005930410841');
INSERT INTO "tax_lot_polygon" ("boro","block","lot","bbl","community_district","regular_lot_indicator","number_lot_sides","condo_flag","reuc_flag","air_rights_flag","subterranean_flag","easement_flag","section_number","volume_number","page_number","lot_note","nycmap_bldg_flag","missing_rpad_flag","conversion_exception_flag","value_reflected_out_flag","created_by","created_date","last_modified_by","last_modified_date","av_change","bw_change","effective_tax_year","bill_bbl_flag",shape) VALUES ('3','2386','7','3023860007','0',NULL,'0',NULL,NULL,NULL,NULL,NULL,'8','5','7',NULL,'1','0','0','0',NULL,NULL,'sj',NULL,'0','0',NULL,'0','0106000020D7080000010000000103000000010000000A000000007FE9ACD46E2E4100100B686A42084180E773AD7B6E2E4100160843853F084180274996516E2E4100366C9CD53F0841008FFAAA226E2E410056A22D2F40084180B0A0EFF46D2E41006E757A8640084100A2E0E8C86D2E41008E3086DA4008410071DB7DDC6D2E41001200967D410841801FB19CF26D2E410052F0C73542084180A8DC03226E2E410076CA8FC0430841007FE9ACD46E2E4100100B686A420841');
INSERT INTO "tax_lot_polygon" ("boro","block","lot","bbl","community_district","regular_lot_indicator","number_lot_sides","condo_flag","reuc_flag","air_rights_flag","subterranean_flag","easement_flag","section_number","volume_number","page_number","lot_note","nycmap_bldg_flag","missing_rpad_flag","conversion_exception_flag","value_reflected_out_flag","created_by","created_date","last_modified_by","last_modified_date","av_change","bw_change","effective_tax_year","bill_bbl_flag",shape) VALUES ('3','2386','28','3023860028','0','I','0',NULL,NULL,NULL,NULL,NULL,'8','5','7',NULL,'1','0','0','0',NULL,NULL,'sj',NULL,'0','0',NULL,'0','0106000020D70800000100000001030000000100000007000000802965D8A66D2E4100A4DB8C1B41084180B3EB644E6D2E410056F8023B3E084100CB9D1F2C6D2E4100A8596F7C3E084100D1B5B5736D2E410092558BD040084100A153168B6D2E41004619EBA340084100F571F39B6D2E4100AC005930410841802965D8A66D2E4100A4DB8C1B410841');
INSERT INTO "tax_lot_polygon" ("boro","block","lot","bbl","community_district","regular_lot_indicator","number_lot_sides","condo_flag","reuc_flag","air_rights_flag","subterranean_flag","easement_flag","section_number","volume_number","page_number","lot_note","nycmap_bldg_flag","missing_rpad_flag","conversion_exception_flag","value_reflected_out_flag","created_by","created_date","last_modified_by","last_modified_date","av_change","bw_change","effective_tax_year","bill_bbl_flag",shape) VALUES ('3','2386','21','3023860021','0','I','0',NULL,NULL,NULL,NULL,NULL,'8','5','7',NULL,'2','0','0','0',NULL,NULL,'sj',NULL,'0','0',NULL,'0','0106000020D7080000010000000103000000010000000500000080E773AD7B6E2E4100160843853F084100C31CFCCA6E2E4100309DDEED3E084180C66B1D5A6E2E4100CE91F23B3C084180FF1B3A236E2E4100FEAAB9A43C084180E773AD7B6E2E4100160843853F0841');
INSERT INTO "tax_lot_polygon" ("boro","block","lot","bbl","community_district","regular_lot_indicator","number_lot_sides","condo_flag","reuc_flag","air_rights_flag","subterranean_flag","easement_flag","section_number","volume_number","page_number","lot_note","nycmap_bldg_flag","missing_rpad_flag","conversion_exception_flag","value_reflected_out_flag","created_by","created_date","last_modified_by","last_modified_date","av_change","bw_change","effective_tax_year","bill_bbl_flag",shape) VALUES ('3','2386','12','3023860012','0',NULL,'0',NULL,NULL,NULL,NULL,NULL,'8','5','7',NULL,'0','0','0','0',NULL,NULL,'sj',NULL,'0','0',NULL,'0','0106000020D70800000100000001030000000100000006000000803EBD11DB6E2E4100CAF629CF3E084100C31CFCCA6E2E4100309DDEED3E084180E773AD7B6E2E4100160843853F0841007FE9ACD46E2E4100100B686A42084180BD8402346F2E410008D1D4B3410841803EBD11DB6E2E4100CAF629CF3E0841');
INSERT INTO "tax_lot_polygon" ("boro","block","lot","bbl","community_district","regular_lot_indicator","number_lot_sides","condo_flag","reuc_flag","air_rights_flag","subterranean_flag","easement_flag","section_number","volume_number","page_number","lot_note","nycmap_bldg_flag","missing_rpad_flag","conversion_exception_flag","value_reflected_out_flag","created_by","created_date","last_modified_by","last_modified_date","av_change","bw_change","effective_tax_year","bill_bbl_flag",shape) VALUES ('3','2386','129','3023860129','0',NULL,'0',NULL,NULL,NULL,NULL,NULL,'8','5','7',NULL,'0','0','0','0',NULL,NULL,'sj',NULL,'0','0',NULL,'0','0106000020D7080000010000000103000000010000000500000080C9E2842F6D2E4100969AB75241084100174AAC526D2E41004A429C0F410841008310160B6D2E4100624680BB3E08418035A9EEE76C2E4100AE9E9BFE3E084180C9E2842F6D2E4100969AB752410841');
INSERT INTO "tax_lot_polygon" ("boro","block","lot","bbl","community_district","regular_lot_indicator","number_lot_sides","condo_flag","reuc_flag","air_rights_flag","subterranean_flag","easement_flag","section_number","volume_number","page_number","lot_note","nycmap_bldg_flag","missing_rpad_flag","conversion_exception_flag","value_reflected_out_flag","created_by","created_date","last_modified_by","last_modified_date","av_change","bw_change","effective_tax_year","bill_bbl_flag",shape) VALUES ('3','2386','4','3023860004','0',NULL,'0',NULL,NULL,NULL,NULL,NULL,'8','5','7',NULL,'0','0','0','0',NULL,NULL,'sj',NULL,'0','0',NULL,'0','0106000020D7080000010000000103000000010000000500000080A8DC03226E2E410076CA8FC0430841801FB19CF26D2E410052F0C735420841001B83D43B6D2E41005075B49243084100D50A596B6D2E41007A85631E45084180A8DC03226E2E410076CA8FC0430841');
INSERT INTO "tax_lot_polygon" ("boro","block","lot","bbl","community_district","regular_lot_indicator","number_lot_sides","condo_flag","reuc_flag","air_rights_flag","subterranean_flag","easement_flag","section_number","volume_number","page_number","lot_note","nycmap_bldg_flag","missing_rpad_flag","conversion_exception_flag","value_reflected_out_flag","created_by","created_date","last_modified_by","last_modified_date","av_change","bw_change","effective_tax_year","bill_bbl_flag",shape) VALUES ('3','2386','26','3023860026','0',NULL,'0',NULL,NULL,NULL,NULL,NULL,'8','5','7',NULL,'1','0','0','0',NULL,NULL,'sj',NULL,'0','0',NULL,'0','0106000020D7080000010000000103000000010000000500000080B0A0EFF46D2E41006E757A8640084180C8487C9C6D2E41002092F0A53D084180BA8875706D2E4100404DFCF93D084100A2E0E8C86D2E41008E3086DA40084180B0A0EFF46D2E41006E757A86400841');
INSERT INTO "tax_lot_polygon" ("boro","block","lot","bbl","community_district","regular_lot_indicator","number_lot_sides","condo_flag","reuc_flag","air_rights_flag","subterranean_flag","easement_flag","section_number","volume_number","page_number","lot_note","nycmap_bldg_flag","missing_rpad_flag","conversion_exception_flag","value_reflected_out_flag","created_by","created_date","last_modified_by","last_modified_date","av_change","bw_change","effective_tax_year","bill_bbl_flag",shape) VALUES ('3','2386','25','3023860025','0',NULL,'0',NULL,NULL,NULL,NULL,NULL,'8','5','7',NULL,'1','0','0','0',NULL,NULL,'sj',NULL,'0','0',NULL,'0','0106000020D7080000010000000103000000010000000500000080C8487C9C6D2E41002092F0A53D084180B0A0EFF46D2E41006E757A86400841008FFAAA226E2E410056A22D2F40084100A7A237CA6D2E410006BFA34E3D084180C8487C9C6D2E41002092F0A53D0841');
-- brooklyn block 2386 tax_lot_point 
INSERT INTO "tax_lot_point" ("bbl","lot","air_rights_flag","condo_flag","reuc_flag","subterranean_flag","lot_area",shape) VALUES ('3023860001','1',NULL,NULL,NULL,NULL,'3605.3','0101000020D7080000F02BB107FD6C2E41FEE5A3069B400841');
INSERT INTO "tax_lot_point" ("bbl","lot","air_rights_flag","condo_flag","reuc_flag","subterranean_flag","lot_area",shape) VALUES ('3023860002','2',NULL,NULL,NULL,NULL,'2289.8','0101000020D7080000E798314F776D2E41FDB21784DA410841');
INSERT INTO "tax_lot_point" ("bbl","lot","air_rights_flag","condo_flag","reuc_flag","subterranean_flag","lot_area",shape) VALUES ('3023860003','3',NULL,NULL,NULL,NULL,'2586.6','0101000020D7080000E03B21298C6D2E4100B13A2588420841');
INSERT INTO "tax_lot_point" ("bbl","lot","air_rights_flag","condo_flag","reuc_flag","subterranean_flag","lot_area",shape) VALUES ('3023860004','4',NULL,NULL,NULL,NULL,'5550.0','0101000020D7080000A0901DFAAE6D2E41FFE5BA15AA430841');
INSERT INTO "tax_lot_point" ("bbl","lot","air_rights_flag","condo_flag","reuc_flag","subterranean_flag","lot_area",shape) VALUES ('3023860007','7',NULL,NULL,NULL,NULL,'10185.1','0101000020D708000091DAD3D84E6E2E41014669E9A2410841');
INSERT INTO "tax_lot_point" ("bbl","lot","air_rights_flag","condo_flag","reuc_flag","subterranean_flag","lot_area",shape) VALUES ('3023860012','12',NULL,NULL,NULL,NULL,'5429.8','0101000020D7080000547E52DFD76E2E41FFEC00C99C400841');
INSERT INTO "tax_lot_point" ("bbl","lot","air_rights_flag","condo_flag","reuc_flag","subterranean_flag","lot_area",shape) VALUES ('3023860014','14',NULL,NULL,NULL,NULL,'4962.4','0101000020D7080000848F5C41336F2E41FEC84CAAEE3F0841');
INSERT INTO "tax_lot_point" ("bbl","lot","air_rights_flag","condo_flag","reuc_flag","subterranean_flag","lot_area",shape) VALUES ('3023860018','18',NULL,NULL,NULL,NULL,'6517.7','0101000020D7080000F4781E24C86E2E41007E3C8A1B3D0841');
INSERT INTO "tax_lot_point" ("bbl","lot","air_rights_flag","condo_flag","reuc_flag","subterranean_flag","lot_area",shape) VALUES ('3023860021','21',NULL,NULL,NULL,NULL,'3796.8','0101000020D708000096CB180C746E2E41FEF1CC9AE03D0841');
INSERT INTO "tax_lot_point" ("bbl","lot","air_rights_flag","condo_flag","reuc_flag","subterranean_flag","lot_area",shape) VALUES ('3023860023','23',NULL,NULL,NULL,NULL,'2381.8','0101000020D7080000939332683A6E2E41FE990B2B3D3E0841');
INSERT INTO "tax_lot_point" ("bbl","lot","air_rights_flag","condo_flag","reuc_flag","subterranean_flag","lot_area",shape) VALUES ('3023860024','24',NULL,NULL,NULL,NULL,'2655.0','0101000020D7080000716CFAE60D6E2E41FFBA5820923E0841');
INSERT INTO "tax_lot_point" ("bbl","lot","air_rights_flag","condo_flag","reuc_flag","subterranean_flag","lot_area",shape) VALUES ('3023860025','25',NULL,NULL,NULL,NULL,'2587.8','0101000020D7080000AEABA193DF6D2E41FE391A8FEA3E0841');
INSERT INTO "tax_lot_point" ("bbl","lot","air_rights_flag","condo_flag","reuc_flag","subterranean_flag","lot_area",shape) VALUES ('3023860026','26',NULL,NULL,NULL,NULL,'2491.3','0101000020D708000064B594B2B26D2E41FE56613B403F0841');
INSERT INTO "tax_lot_point" ("bbl","lot","air_rights_flag","condo_flag","reuc_flag","subterranean_flag","lot_area",shape) VALUES ('3023860027','27',NULL,NULL,NULL,NULL,'1927.6','0101000020D7080000C5D0EDA68B6D2E41FE7194C48A3F0841');
INSERT INTO "tax_lot_point" ("bbl","lot","air_rights_flag","condo_flag","reuc_flag","subterranean_flag","lot_area",shape) VALUES ('3023860028','28',NULL,NULL,NULL,NULL,'1687.1','0101000020D7080000CB44FFCD666D2E41FF80FCADB53F0841');
INSERT INTO "tax_lot_point" ("bbl","lot","air_rights_flag","condo_flag","reuc_flag","subterranean_flag","lot_area",shape) VALUES ('3023860029','29',NULL,NULL,NULL,NULL,'1513.0','0101000020D70800003DAAEA653F6D2E4100F9CD05C63F0841');
INSERT INTO "tax_lot_point" ("bbl","lot","air_rights_flag","condo_flag","reuc_flag","subterranean_flag","lot_area",shape) VALUES ('3023860129','129',NULL,NULL,NULL,NULL,'1610.0','0101000020D708000040A6794D1D6D2E41007CF01B07400841');
-- brooklyn block 2386 tax_lot_face
INSERT INTO "tax_lot_face" ("tax_lot_face_type","boro","block","lot","bbl","lot_face_length","source","block_face_flag","lot_face_length_error","created_by","created_date","last_modified_by","last_modified_date","av_change","bw_change","approx_length_flag",shape) VALUES ('0','3','2386','24','3023860024','100.00000000','0','0','0',NULL,NULL,NULL,NULL,'0','0','0','0105000020D70800000100000001020000000200000000A7A237CA6D2E410006BFA34E3D0841008FFAAA226E2E410056A22D2F400841');
INSERT INTO "tax_lot_face" ("tax_lot_face_type","boro","block","lot","bbl","lot_face_length","source","block_face_flag","lot_face_length_error","created_by","created_date","last_modified_by","last_modified_date","av_change","bw_change","approx_length_flag",shape) VALUES ('0','3','2386','3','3023860003','100.00000000','0','0','0',NULL,NULL,NULL,NULL,'0','0','0','0105000020D708000001000000010200000002000000001B83D43B6D2E41005075B492430841801FB19CF26D2E410052F0C735420841');
INSERT INTO "tax_lot_face" ("tax_lot_face_type","boro","block","lot","bbl","lot_face_length","source","block_face_flag","lot_face_length_error","created_by","created_date","last_modified_by","last_modified_date","av_change","bw_change","approx_length_flag",shape) VALUES ('0','3','2386','23','3023860023','100.00000000','0','0','0',NULL,NULL,NULL,NULL,'0','0','0','0105000020D7080000010000000102000000020000000040F122F96D2E4100200F13F53C084180274996516E2E4100366C9CD53F0841');
INSERT INTO "tax_lot_face" ("tax_lot_face_type","boro","block","lot","bbl","lot_face_length","source","block_face_flag","lot_face_length_error","created_by","created_date","last_modified_by","last_modified_date","av_change","bw_change","approx_length_flag",shape) VALUES ('0','3','2386','129','3023860129','18.75000000','0','1','0',NULL,NULL,NULL,NULL,'0','0','0','0105000020D708000001000000010200000002000000008310160B6D2E4100624680BB3E08418035A9EEE76C2E4100AE9E9BFE3E0841');
INSERT INTO "tax_lot_face" ("tax_lot_face_type","boro","block","lot","bbl","lot_face_length","source","block_face_flag","lot_face_length_error","created_by","created_date","last_modified_by","last_modified_date","av_change","bw_change","approx_length_flag",shape) VALUES ('0','3','2386','29','3023860029','18.75000000','0','0','0',NULL,NULL,NULL,NULL,'0','0','0','0105000020D70800000100000001020000000200000000174AAC526D2E41004A429C0F41084100D1B5B5736D2E410092558BD0400841');
INSERT INTO "tax_lot_face" ("tax_lot_face_type","boro","block","lot","bbl","lot_face_length","source","block_face_flag","lot_face_length_error","created_by","created_date","last_modified_by","last_modified_date","av_change","bw_change","approx_length_flag",shape) VALUES ('0','3','2386','24','3023860024','100.00000000','0','0','0',NULL,NULL,NULL,NULL,'0','0','0','0105000020D70800000100000001020000000200000080274996516E2E4100366C9CD53F08410040F122F96D2E4100200F13F53C0841');
INSERT INTO "tax_lot_face" ("tax_lot_face_type","boro","block","lot","bbl","lot_face_length","source","block_face_flag","lot_face_length_error","created_by","created_date","last_modified_by","last_modified_date","av_change","bw_change","approx_length_flag",shape) VALUES ('0','3','2386','129','3023860129','80.00000000','0','0','0',NULL,NULL,NULL,NULL,'0','0','0','0105000020D7080000010000000102000000020000008035A9EEE76C2E4100AE9E9BFE3E084180C9E2842F6D2E4100969AB752410841');
INSERT INTO "tax_lot_face" ("tax_lot_face_type","boro","block","lot","bbl","lot_face_length","source","block_face_flag","lot_face_length_error","created_by","created_date","last_modified_by","last_modified_date","av_change","bw_change","approx_length_flag",shape) VALUES ('0','3','2386','129','3023860129','18.75000000','0','0','0',NULL,NULL,NULL,NULL,'0','0','0','0105000020D70800000100000001020000000200000080C9E2842F6D2E4100969AB75241084100174AAC526D2E41004A429C0F410841');
INSERT INTO "tax_lot_face" ("tax_lot_face_type","boro","block","lot","bbl","lot_face_length","source","block_face_flag","lot_face_length_error","created_by","created_date","last_modified_by","last_modified_date","av_change","bw_change","approx_length_flag",shape) VALUES ('0','3','2386','28','3023860028','20.00000000','0','0','0',NULL,NULL,NULL,NULL,'0','0','0','0105000020D70800000100000001020000000200000000A153168B6D2E41004619EBA340084100F571F39B6D2E4100AC005930410841');
INSERT INTO "tax_lot_face" ("tax_lot_face_type","boro","block","lot","bbl","lot_face_length","source","block_face_flag","lot_face_length_error","created_by","created_date","last_modified_by","last_modified_date","av_change","bw_change","approx_length_flag",shape) VALUES ('0','3','2386','12','3023860012','100.00000000','0','0','0',NULL,NULL,NULL,NULL,'0','0','0','0105000020D70800000100000001020000000200000080BD8402346F2E410008D1D4B3410841803EBD11DB6E2E4100CAF629CF3E0841');
INSERT INTO "tax_lot_face" ("tax_lot_face_type","boro","block","lot","bbl","lot_face_length","source","block_face_flag","lot_face_length_error","created_by","created_date","last_modified_by","last_modified_date","av_change","bw_change","approx_length_flag",shape) VALUES ('0','3','2386','27','3023860027','18.75000000','0','0','0',NULL,NULL,NULL,NULL,'0','0','0','0105000020D708000001000000010200000002000000802965D8A66D2E4100A4DB8C1B41084100A2E0E8C86D2E41008E3086DA400841');
INSERT INTO "tax_lot_face" ("tax_lot_face_type","boro","block","lot","bbl","lot_face_length","source","block_face_flag","lot_face_length_error","created_by","created_date","last_modified_by","last_modified_date","av_change","bw_change","approx_length_flag",shape) VALUES ('0','3','2386','26','3023860026','25.00000000','0','1','0',NULL,NULL,NULL,NULL,'0','0','0','0105000020D70800000100000001020000000200000080C8487C9C6D2E41002092F0A53D084180BA8875706D2E4100404DFCF93D0841');
INSERT INTO "tax_lot_face" ("tax_lot_face_type","boro","block","lot","bbl","lot_face_length","source","block_face_flag","lot_face_length_error","created_by","created_date","last_modified_by","last_modified_date","av_change","bw_change","approx_length_flag",shape) VALUES ('0','3','2386','24','3023860024','25.50000000','0','0','0',NULL,NULL,NULL,NULL,'0','0','0','0105000020D708000001000000010200000002000000008FFAAA226E2E410056A22D2F40084180274996516E2E4100366C9CD53F0841');
INSERT INTO "tax_lot_face" ("tax_lot_face_type","boro","block","lot","bbl","lot_face_length","source","block_face_flag","lot_face_length_error","created_by","created_date","last_modified_by","last_modified_date","av_change","bw_change","approx_length_flag",shape) VALUES ('0','3','2386','1','3023860001','75.00000000','0','0','0',NULL,NULL,NULL,NULL,'0','0','0','0105000020D708000001000000010200000002000000809DB220126D2E41001EA9713742084100F571F39B6D2E4100AC005930410841');
INSERT INTO "tax_lot_face" ("tax_lot_face_type","boro","block","lot","bbl","lot_face_length","source","block_face_flag","lot_face_length_error","created_by","created_date","last_modified_by","last_modified_date","av_change","bw_change","approx_length_flag",shape) VALUES ('0','3','2386','28','3023860028','6.25000000','0','0','0',NULL,NULL,NULL,NULL,'0','0','0','0105000020D70800000100000001020000000200000000F571F39B6D2E4100AC005930410841802965D8A66D2E4100A4DB8C1B410841');
INSERT INTO "tax_lot_face" ("tax_lot_face_type","boro","block","lot","bbl","lot_face_length","source","block_face_flag","lot_face_length_error","created_by","created_date","last_modified_by","last_modified_date","av_change","bw_change","approx_length_flag",shape) VALUES ('0','3','2386','2','3023860002','100.00000000','0','0','0',NULL,NULL,NULL,NULL,'0','0','0','0105000020D70800000100000001020000000200000080FACEB5256D2E4100D8FE81DA4208410071DB7DDC6D2E41001200967D410841');
INSERT INTO "tax_lot_face" ("tax_lot_face_type","boro","block","lot","bbl","lot_face_length","source","block_face_flag","lot_face_length_error","created_by","created_date","last_modified_by","last_modified_date","av_change","bw_change","approx_length_flag",shape) VALUES ('0','3','2386','26','3023860026','25.00000000','0','0','0',NULL,NULL,NULL,NULL,'0','0','0','0105000020D70800000100000001020000000200000000A2E0E8C86D2E41008E3086DA40084180B0A0EFF46D2E41006E757A86400841');
INSERT INTO "tax_lot_face" ("tax_lot_face_type","boro","block","lot","bbl","lot_face_length","source","block_face_flag","lot_face_length_error","created_by","created_date","last_modified_by","last_modified_date","av_change","bw_change","approx_length_flag",shape) VALUES ('0','3','2386','25','3023860025','24.50000000','0','1','0',NULL,NULL,NULL,NULL,'0','0','0','0105000020D70800000100000001020000000200000000A7A237CA6D2E410006BFA34E3D084180C8487C9C6D2E41002092F0A53D0841');
INSERT INTO "tax_lot_face" ("tax_lot_face_type","boro","block","lot","bbl","lot_face_length","source","block_face_flag","lot_face_length_error","created_by","created_date","last_modified_by","last_modified_date","av_change","bw_change","approx_length_flag",shape) VALUES ('0','3','2386','28','3023860028','80.00000000','0','0','0',NULL,NULL,NULL,NULL,'0','0','0','0105000020D70800000100000001020000000200000000CB9D1F2C6D2E4100A8596F7C3E084100D1B5B5736D2E410092558BD0400841');
INSERT INTO "tax_lot_face" ("tax_lot_face_type","boro","block","lot","bbl","lot_face_length","source","block_face_flag","lot_face_length_error","created_by","created_date","last_modified_by","last_modified_date","av_change","bw_change","approx_length_flag",shape) VALUES ('0','3','2386','4','3023860004','100.00000000','0','0','0',NULL,NULL,NULL,NULL,'0','0','0','0105000020D708000001000000010200000002000000801FB19CF26D2E410052F0C735420841001B83D43B6D2E41005075B492430841');
INSERT INTO "tax_lot_face" ("tax_lot_face_type","boro","block","lot","bbl","lot_face_length","source","block_face_flag","lot_face_length_error","created_by","created_date","last_modified_by","last_modified_date","av_change","bw_change","approx_length_flag",shape) VALUES ('0','3','2386','1','3023860001','20.00000000','0','0','0',NULL,NULL,NULL,NULL,'0','0','0','0105000020D70800000100000001020000000200000000F571F39B6D2E4100AC00593041084100A153168B6D2E41004619EBA3400841');
INSERT INTO "tax_lot_face" ("tax_lot_face_type","boro","block","lot","bbl","lot_face_length","source","block_face_flag","lot_face_length_error","created_by","created_date","last_modified_by","last_modified_date","av_change","bw_change","approx_length_flag",shape) VALUES ('0','3','2386','14','3023860014','48.00000000','0','0','0',NULL,NULL,NULL,NULL,'0','0','0','0105000020D708000001000000010200000002000000004AB030326F2E41008AC87F293E0841803EBD11DB6E2E4100CAF629CF3E0841');
INSERT INTO "tax_lot_face" ("tax_lot_face_type","boro","block","lot","bbl","lot_face_length","source","block_face_flag","lot_face_length_error","created_by","created_date","last_modified_by","last_modified_date","av_change","bw_change","approx_length_flag",shape) VALUES ('0','3','2386','14','3023860014','100.00000000','0','0','0',NULL,NULL,NULL,NULL,'0','0','0','0105000020D708000001000000010200000002000000803EBD11DB6E2E4100CAF629CF3E084180BD8402346F2E410008D1D4B3410841');
INSERT INTO "tax_lot_face" ("tax_lot_face_type","boro","block","lot","bbl","lot_face_length","source","block_face_flag","lot_face_length_error","created_by","created_date","last_modified_by","last_modified_date","av_change","bw_change","approx_length_flag",shape) VALUES ('0','3','2386','7','3023860007','100.00000000','0','0','0',NULL,NULL,NULL,NULL,'0','0','0','0105000020D708000001000000010200000002000000007FE9ACD46E2E4100100B686A42084180E773AD7B6E2E4100160843853F0841');
INSERT INTO "tax_lot_face" ("tax_lot_face_type","boro","block","lot","bbl","lot_face_length","source","block_face_flag","lot_face_length_error","created_by","created_date","last_modified_by","last_modified_date","av_change","bw_change","approx_length_flag",shape) VALUES ('0','3','2386','18','3023860018','70.00000000','0','1','0',NULL,NULL,NULL,NULL,'0','0','0','0105000020D70800000100000001020000000200000000864845D96E2E4100CCDB35493B084180C66B1D5A6E2E4100CE91F23B3C0841');
INSERT INTO "tax_lot_face" ("tax_lot_face_type","boro","block","lot","bbl","lot_face_length","source","block_face_flag","lot_face_length_error","created_by","created_date","last_modified_by","last_modified_date","av_change","bw_change","approx_length_flag",shape) VALUES ('0','3','2386','3','3023860003','25.00000000','0','0','0',NULL,NULL,NULL,NULL,'0','0','0','0105000020D708000001000000010200000002000000801FB19CF26D2E410052F0C7354208410071DB7DDC6D2E41001200967D410841');
INSERT INTO "tax_lot_face" ("tax_lot_face_type","boro","block","lot","bbl","lot_face_length","source","block_face_flag","lot_face_length_error","created_by","created_date","last_modified_by","last_modified_date","av_change","bw_change","approx_length_flag",shape) VALUES ('0','3','2386','1','3023860001','80.00000000','0','0','0',NULL,NULL,NULL,NULL,'0','0','0','0105000020D70800000100000001020000000200000080C9E2842F6D2E4100969AB7524108418035A9EEE76C2E4100AE9E9BFE3E0841');
INSERT INTO "tax_lot_face" ("tax_lot_face_type","boro","block","lot","bbl","lot_face_length","source","block_face_flag","lot_face_length_error","created_by","created_date","last_modified_by","last_modified_date","av_change","bw_change","approx_length_flag",shape) VALUES ('0','3','2386','7','3023860007','100.00000000','0','0','0',NULL,NULL,NULL,NULL,'0','0','0','0105000020D70800000100000001020000000400000000A2E0E8C86D2E41008E3086DA4008410071DB7DDC6D2E41001200967D410841801FB19CF26D2E410052F0C73542084180A8DC03226E2E410076CA8FC0430841');
INSERT INTO "tax_lot_face" ("tax_lot_face_type","boro","block","lot","bbl","lot_face_length","source","block_face_flag","lot_face_length_error","created_by","created_date","last_modified_by","last_modified_date","av_change","bw_change","approx_length_flag",shape) VALUES ('0','3','2386','2','3023860002','25.00000000','0','1','0',NULL,NULL,NULL,NULL,'0','0','0','0105000020D708000001000000010200000002000000809DB220126D2E41001EA9713742084180FACEB5256D2E4100D8FE81DA420841');
INSERT INTO "tax_lot_face" ("tax_lot_face_type","boro","block","lot","bbl","lot_face_length","source","block_face_flag","lot_face_length_error","created_by","created_date","last_modified_by","last_modified_date","av_change","bw_change","approx_length_flag",shape) VALUES ('0','3','2386','28','3023860028','12.50000000','0','0','0',NULL,NULL,NULL,NULL,'0','0','0','0105000020D70800000100000001020000000200000000D1B5B5736D2E410092558BD040084100A153168B6D2E41004619EBA3400841');
INSERT INTO "tax_lot_face" ("tax_lot_face_type","boro","block","lot","bbl","lot_face_length","source","block_face_flag","lot_face_length_error","created_by","created_date","last_modified_by","last_modified_date","av_change","bw_change","approx_length_flag",shape) VALUES ('0','3','2386','4','3023860004','50.00000000','0','1','0',NULL,NULL,NULL,NULL,'0','0','0','0105000020D708000001000000010200000002000000001B83D43B6D2E41005075B49243084100D50A596B6D2E41007A85631E450841');
INSERT INTO "tax_lot_face" ("tax_lot_face_type","boro","block","lot","bbl","lot_face_length","source","block_face_flag","lot_face_length_error","created_by","created_date","last_modified_by","last_modified_date","av_change","bw_change","approx_length_flag",shape) VALUES ('0','3','2386','14','3023860014','100.00000000','0','1','0',NULL,NULL,NULL,NULL,'0','0','0','0105000020D70800000100000001020000000200000080CD5B6D8B6F2E4100DAE46A0C410841004AB030326F2E41008AC87F293E0841');
INSERT INTO "tax_lot_face" ("tax_lot_face_type","boro","block","lot","bbl","lot_face_length","source","block_face_flag","lot_face_length_error","created_by","created_date","last_modified_by","last_modified_date","av_change","bw_change","approx_length_flag",shape) VALUES ('0','3','2386','2','3023860002','100.00000000','0','0','0',NULL,NULL,NULL,NULL,'0','0','0','0105000020D70800000100000001020000000400000000A2E0E8C86D2E41008E3086DA400841802965D8A66D2E4100A4DB8C1B41084100F571F39B6D2E4100AC005930410841809DB220126D2E41001EA97137420841');
INSERT INTO "tax_lot_face" ("tax_lot_face_type","boro","block","lot","bbl","lot_face_length","source","block_face_flag","lot_face_length_error","created_by","created_date","last_modified_by","last_modified_date","av_change","bw_change","approx_length_flag",shape) VALUES ('0','3','2386','26','3023860026','100.00000000','0','0','0',NULL,NULL,NULL,NULL,'0','0','0','0105000020D70800000100000001020000000200000080BA8875706D2E4100404DFCF93D084100A2E0E8C86D2E41008E3086DA400841');
INSERT INTO "tax_lot_face" ("tax_lot_face_type","boro","block","lot","bbl","lot_face_length","source","block_face_flag","lot_face_length_error","created_by","created_date","last_modified_by","last_modified_date","av_change","bw_change","approx_length_flag",shape) VALUES ('0','3','2386','18','3023860018','56.25000000','0','0','0',NULL,NULL,NULL,NULL,'0','0','0','0105000020D70800000100000001020000000300000000C31CFCCA6E2E4100309DDEED3E0841803EBD11DB6E2E4100CAF629CF3E0841004AB030326F2E41008AC87F293E0841');
INSERT INTO "tax_lot_face" ("tax_lot_face_type","boro","block","lot","bbl","lot_face_length","source","block_face_flag","lot_face_length_error","created_by","created_date","last_modified_by","last_modified_date","av_change","bw_change","approx_length_flag",shape) VALUES ('0','3','2386','7','3023860007','100.00000000','0','1','0',NULL,NULL,NULL,NULL,'0','0','0','0105000020D70800000100000001020000000200000080A8DC03226E2E410076CA8FC0430841007FE9ACD46E2E4100100B686A420841');
INSERT INTO "tax_lot_face" ("tax_lot_face_type","boro","block","lot","bbl","lot_face_length","source","block_face_flag","lot_face_length_error","created_by","created_date","last_modified_by","last_modified_date","av_change","bw_change","approx_length_flag",shape) VALUES ('0','3','2386','18','3023860018','0.00000000','1','0','2',NULL,NULL,NULL,NULL,'0','0','0','0105000020D70800000100000001020000000200000080C66B1D5A6E2E4100CE91F23B3C084100C31CFCCA6E2E4100309DDEED3E0841');
INSERT INTO "tax_lot_face" ("tax_lot_face_type","boro","block","lot","bbl","lot_face_length","source","block_face_flag","lot_face_length_error","created_by","created_date","last_modified_by","last_modified_date","av_change","bw_change","approx_length_flag",shape) VALUES ('0','3','2386','12','3023860012','100.00000000','0','0','0',NULL,NULL,NULL,NULL,'0','0','0','0105000020D70800000100000001020000000200000080E773AD7B6E2E4100160843853F0841007FE9ACD46E2E4100100B686A420841');
INSERT INTO "tax_lot_face" ("tax_lot_face_type","boro","block","lot","bbl","lot_face_length","source","block_face_flag","lot_face_length_error","created_by","created_date","last_modified_by","last_modified_date","av_change","bw_change","approx_length_flag",shape) VALUES ('0','3','2386','25','3023860025','100.00000000','0','0','0',NULL,NULL,NULL,NULL,'0','0','0','0105000020D708000001000000010200000002000000008FFAAA226E2E410056A22D2F40084100A7A237CA6D2E410006BFA34E3D0841');
INSERT INTO "tax_lot_face" ("tax_lot_face_type","boro","block","lot","bbl","lot_face_length","source","block_face_flag","lot_face_length_error","created_by","created_date","last_modified_by","last_modified_date","av_change","bw_change","approx_length_flag",shape) VALUES ('0','3','2386','12','3023860012','52.00000000','0','0','0',NULL,NULL,NULL,NULL,'0','0','0','0105000020D708000001000000010200000003000000803EBD11DB6E2E4100CAF629CF3E084100C31CFCCA6E2E4100309DDEED3E084180E773AD7B6E2E4100160843853F0841');
INSERT INTO "tax_lot_face" ("tax_lot_face_type","boro","block","lot","bbl","lot_face_length","source","block_face_flag","lot_face_length_error","created_by","created_date","last_modified_by","last_modified_date","av_change","bw_change","approx_length_flag",shape) VALUES ('0','3','2386','4','3023860004','50.00000000','0','0','0',NULL,NULL,NULL,NULL,'0','0','0','0105000020D70800000100000001020000000200000080A8DC03226E2E410076CA8FC0430841801FB19CF26D2E410052F0C735420841');
INSERT INTO "tax_lot_face" ("tax_lot_face_type","boro","block","lot","bbl","lot_face_length","source","block_face_flag","lot_face_length_error","created_by","created_date","last_modified_by","last_modified_date","av_change","bw_change","approx_length_flag",shape) VALUES ('0','3','2386','12','3023860012','52.00000000','0','1','0',NULL,NULL,NULL,NULL,'0','0','0','0105000020D708000001000000010200000002000000007FE9ACD46E2E4100100B686A42084180BD8402346F2E410008D1D4B3410841');
INSERT INTO "tax_lot_face" ("tax_lot_face_type","boro","block","lot","bbl","lot_face_length","source","block_face_flag","lot_face_length_error","created_by","created_date","last_modified_by","last_modified_date","av_change","bw_change","approx_length_flag",shape) VALUES ('0','3','2386','21','3023860021','30.00000000','0','1','0',NULL,NULL,NULL,NULL,'0','0','0','0105000020D70800000100000001020000000200000080C66B1D5A6E2E4100CE91F23B3C084180FF1B3A236E2E4100FEAAB9A43C0841');
INSERT INTO "tax_lot_face" ("tax_lot_face_type","boro","block","lot","bbl","lot_face_length","source","block_face_flag","lot_face_length_error","created_by","created_date","last_modified_by","last_modified_date","av_change","bw_change","approx_length_flag",shape) VALUES ('0','3','2386','28','3023860028','18.75000000','0','1','0',NULL,NULL,NULL,NULL,'0','0','0','0105000020D70800000100000001020000000200000080B3EB644E6D2E410056F8023B3E084100CB9D1F2C6D2E4100A8596F7C3E0841');
INSERT INTO "tax_lot_face" ("tax_lot_face_type","boro","block","lot","bbl","lot_face_length","source","block_face_flag","lot_face_length_error","created_by","created_date","last_modified_by","last_modified_date","av_change","bw_change","approx_length_flag",shape) VALUES ('0','3','2386','129','3023860129','80.00000000','0','0','0',NULL,NULL,NULL,NULL,'0','0','0','0105000020D70800000100000001020000000200000000174AAC526D2E41004A429C0F410841008310160B6D2E4100624680BB3E0841');
INSERT INTO "tax_lot_face" ("tax_lot_face_type","boro","block","lot","bbl","lot_face_length","source","block_face_flag","lot_face_length_error","created_by","created_date","last_modified_by","last_modified_date","av_change","bw_change","approx_length_flag",shape) VALUES ('0','3','2386','14','3023860014','48.00000000','0','1','0',NULL,NULL,NULL,NULL,'0','0','0','0105000020D70800000100000001020000000200000080BD8402346F2E410008D1D4B341084180CD5B6D8B6F2E4100DAE46A0C410841');
INSERT INTO "tax_lot_face" ("tax_lot_face_type","boro","block","lot","bbl","lot_face_length","source","block_face_flag","lot_face_length_error","created_by","created_date","last_modified_by","last_modified_date","av_change","bw_change","approx_length_flag",shape) VALUES ('0','3','2386','27','3023860027','100.00000000','0','0','0',NULL,NULL,NULL,NULL,'0','0','0','0105000020D70800000100000001020000000200000000A2E0E8C86D2E41008E3086DA40084180BA8875706D2E4100404DFCF93D0841');
INSERT INTO "tax_lot_face" ("tax_lot_face_type","boro","block","lot","bbl","lot_face_length","source","block_face_flag","lot_face_length_error","created_by","created_date","last_modified_by","last_modified_date","av_change","bw_change","approx_length_flag",shape) VALUES ('0','3','2386','27','3023860027','18.75000000','0','1','0',NULL,NULL,NULL,NULL,'0','0','0','0105000020D70800000100000001020000000200000080BA8875706D2E4100404DFCF93D084180B3EB644E6D2E410056F8023B3E0841');
INSERT INTO "tax_lot_face" ("tax_lot_face_type","boro","block","lot","bbl","lot_face_length","source","block_face_flag","lot_face_length_error","created_by","created_date","last_modified_by","last_modified_date","av_change","bw_change","approx_length_flag",shape) VALUES ('0','3','2386','2','3023860002','25.00000000','0','0','0',NULL,NULL,NULL,NULL,'0','0','0','0105000020D7080000010000000102000000020000000071DB7DDC6D2E41001200967D41084100A2E0E8C86D2E41008E3086DA400841');
INSERT INTO "tax_lot_face" ("tax_lot_face_type","boro","block","lot","bbl","lot_face_length","source","block_face_flag","lot_face_length_error","created_by","created_date","last_modified_by","last_modified_date","av_change","bw_change","approx_length_flag",shape) VALUES ('0','3','2386','29','3023860029','80.00000000','0','0','0',NULL,NULL,NULL,NULL,'0','0','0','0105000020D708000001000000010200000002000000008310160B6D2E4100624680BB3E084100174AAC526D2E41004A429C0F410841');
INSERT INTO "tax_lot_face" ("tax_lot_face_type","boro","block","lot","bbl","lot_face_length","source","block_face_flag","lot_face_length_error","created_by","created_date","last_modified_by","last_modified_date","av_change","bw_change","approx_length_flag",shape) VALUES ('0','3','2386','18','3023860018','100.00000000','0','1','0',NULL,NULL,NULL,NULL,'0','0','0','0105000020D708000001000000010200000002000000004AB030326F2E41008AC87F293E084100864845D96E2E4100CCDB35493B0841');
INSERT INTO "tax_lot_face" ("tax_lot_face_type","boro","block","lot","bbl","lot_face_length","source","block_face_flag","lot_face_length_error","created_by","created_date","last_modified_by","last_modified_date","av_change","bw_change","approx_length_flag",shape) VALUES ('0','3','2386','29','3023860029','18.75000000','0','1','0',NULL,NULL,NULL,NULL,'0','0','0','0105000020D70800000100000001020000000200000000CB9D1F2C6D2E4100A8596F7C3E0841008310160B6D2E4100624680BB3E0841');
INSERT INTO "tax_lot_face" ("tax_lot_face_type","boro","block","lot","bbl","lot_face_length","source","block_face_flag","lot_face_length_error","created_by","created_date","last_modified_by","last_modified_date","av_change","bw_change","approx_length_flag",shape) VALUES ('0','3','2386','23','3023860023','25.00000000','0','1','0',NULL,NULL,NULL,NULL,'0','0','0','0105000020D70800000100000001020000000200000080FF1B3A236E2E4100FEAAB9A43C08410040F122F96D2E4100200F13F53C0841');
INSERT INTO "tax_lot_face" ("tax_lot_face_type","boro","block","lot","bbl","lot_face_length","source","block_face_flag","lot_face_length_error","created_by","created_date","last_modified_by","last_modified_date","av_change","bw_change","approx_length_flag",shape) VALUES ('0','3','2386','26','3023860026','100.00000000','0','0','0',NULL,NULL,NULL,NULL,'0','0','0','0105000020D70800000100000001020000000200000080B0A0EFF46D2E41006E757A8640084180C8487C9C6D2E41002092F0A53D0841');
INSERT INTO "tax_lot_face" ("tax_lot_face_type","boro","block","lot","bbl","lot_face_length","source","block_face_flag","lot_face_length_error","created_by","created_date","last_modified_by","last_modified_date","av_change","bw_change","approx_length_flag",shape) VALUES ('0','3','2386','23','3023860023','100.00000000','0','0','0',NULL,NULL,NULL,NULL,'0','0','0','0105000020D70800000100000001020000000200000080E773AD7B6E2E4100160843853F084180FF1B3A236E2E4100FEAAB9A43C0841');
INSERT INTO "tax_lot_face" ("tax_lot_face_type","boro","block","lot","bbl","lot_face_length","source","block_face_flag","lot_face_length_error","created_by","created_date","last_modified_by","last_modified_date","av_change","bw_change","approx_length_flag",shape) VALUES ('0','3','2386','21','3023860021','0.00000000','1','0','2',NULL,NULL,NULL,NULL,'0','0','0','0105000020D70800000100000001020000000200000000C31CFCCA6E2E4100309DDEED3E084180C66B1D5A6E2E4100CE91F23B3C0841');
INSERT INTO "tax_lot_face" ("tax_lot_face_type","boro","block","lot","bbl","lot_face_length","source","block_face_flag","lot_face_length_error","created_by","created_date","last_modified_by","last_modified_date","av_change","bw_change","approx_length_flag",shape) VALUES ('0','3','2386','23','3023860023','25.00000000','0','0','0',NULL,NULL,NULL,NULL,'0','0','0','0105000020D70800000100000001020000000200000080274996516E2E4100366C9CD53F084180E773AD7B6E2E4100160843853F0841');
INSERT INTO "tax_lot_face" ("tax_lot_face_type","boro","block","lot","bbl","lot_face_length","source","block_face_flag","lot_face_length_error","created_by","created_date","last_modified_by","last_modified_date","av_change","bw_change","approx_length_flag",shape) VALUES ('0','3','2386','28','3023860028','100.00000000','0','0','0',NULL,NULL,NULL,NULL,'0','0','0','0105000020D708000001000000010200000002000000802965D8A66D2E4100A4DB8C1B41084180B3EB644E6D2E410056F8023B3E0841');
INSERT INTO "tax_lot_face" ("tax_lot_face_type","boro","block","lot","bbl","lot_face_length","source","block_face_flag","lot_face_length_error","created_by","created_date","last_modified_by","last_modified_date","av_change","bw_change","approx_length_flag",shape) VALUES ('0','3','2386','27','3023860027','100.00000000','0','0','0',NULL,NULL,NULL,NULL,'0','0','0','0105000020D70800000100000001020000000200000080B3EB644E6D2E410056F8023B3E0841802965D8A66D2E4100A4DB8C1B410841');
INSERT INTO "tax_lot_face" ("tax_lot_face_type","boro","block","lot","bbl","lot_face_length","source","block_face_flag","lot_face_length_error","created_by","created_date","last_modified_by","last_modified_date","av_change","bw_change","approx_length_flag",shape) VALUES ('0','3','2386','1','3023860001','25.00000000','0','1','0',NULL,NULL,NULL,NULL,'0','0','0','0105000020D7080000010000000102000000020000008035A9EEE76C2E4100AE9E9BFE3E084100B65AADB96C2E4100064CE8563F0841');
INSERT INTO "tax_lot_face" ("tax_lot_face_type","boro","block","lot","bbl","lot_face_length","source","block_face_flag","lot_face_length_error","created_by","created_date","last_modified_by","last_modified_date","av_change","bw_change","approx_length_flag",shape) VALUES ('0','3','2386','3','3023860003','100.00000000','0','0','0',NULL,NULL,NULL,NULL,'0','0','0','0105000020D7080000010000000102000000020000000071DB7DDC6D2E41001200967D41084180FACEB5256D2E4100D8FE81DA420841');
INSERT INTO "tax_lot_face" ("tax_lot_face_type","boro","block","lot","bbl","lot_face_length","source","block_face_flag","lot_face_length_error","created_by","created_date","last_modified_by","last_modified_date","av_change","bw_change","approx_length_flag",shape) VALUES ('0','3','2386','1','3023860001','100.00000000','0','1','0',NULL,NULL,NULL,NULL,'0','0','0','0105000020D70800000100000001020000000200000000B65AADB96C2E4100064CE8563F0841809DB220126D2E41001EA97137420841');
INSERT INTO "tax_lot_face" ("tax_lot_face_type","boro","block","lot","bbl","lot_face_length","source","block_face_flag","lot_face_length_error","created_by","created_date","last_modified_by","last_modified_date","av_change","bw_change","approx_length_flag",shape) VALUES ('0','3','2386','4','3023860004','100.00000000','0','1','0',NULL,NULL,NULL,NULL,'0','0','0','0105000020D70800000100000001020000000200000000D50A596B6D2E41007A85631E45084180A8DC03226E2E410076CA8FC0430841');
INSERT INTO "tax_lot_face" ("tax_lot_face_type","boro","block","lot","bbl","lot_face_length","source","block_face_flag","lot_face_length_error","created_by","created_date","last_modified_by","last_modified_date","av_change","bw_change","approx_length_flag",shape) VALUES ('0','3','2386','3','3023860003','25.00000000','0','1','0',NULL,NULL,NULL,NULL,'0','0','0','0105000020D70800000100000001020000000200000080FACEB5256D2E4100D8FE81DA420841001B83D43B6D2E41005075B492430841');
INSERT INTO "tax_lot_face" ("tax_lot_face_type","boro","block","lot","bbl","lot_face_length","source","block_face_flag","lot_face_length_error","created_by","created_date","last_modified_by","last_modified_date","av_change","bw_change","approx_length_flag",shape) VALUES ('0','3','2386','21','3023860021','0.00000000','1','0','2',NULL,NULL,NULL,NULL,'0','0','0','0105000020D70800000100000001020000000200000080E773AD7B6E2E4100160843853F084100C31CFCCA6E2E4100309DDEED3E0841');
INSERT INTO "tax_lot_face" ("tax_lot_face_type","boro","block","lot","bbl","lot_face_length","source","block_face_flag","lot_face_length_error","created_by","created_date","last_modified_by","last_modified_date","av_change","bw_change","approx_length_flag",shape) VALUES ('0','3','2386','21','3023860021','100.00000000','0','0','0',NULL,NULL,NULL,NULL,'0','0','0','0105000020D70800000100000001020000000200000080FF1B3A236E2E4100FEAAB9A43C084180E773AD7B6E2E4100160843853F0841');
INSERT INTO "tax_lot_face" ("tax_lot_face_type","boro","block","lot","bbl","lot_face_length","source","block_face_flag","lot_face_length_error","created_by","created_date","last_modified_by","last_modified_date","av_change","bw_change","approx_length_flag",shape) VALUES ('0','3','2386','24','3023860024','25.50000000','0','1','0',NULL,NULL,NULL,NULL,'0','0','0','0105000020D7080000010000000102000000020000000040F122F96D2E4100200F13F53C084100A7A237CA6D2E410006BFA34E3D0841');
INSERT INTO "tax_lot_face" ("tax_lot_face_type","boro","block","lot","bbl","lot_face_length","source","block_face_flag","lot_face_length_error","created_by","created_date","last_modified_by","last_modified_date","av_change","bw_change","approx_length_flag",shape) VALUES ('0','3','2386','1','3023860001','50.00000000','0','0','0',NULL,NULL,NULL,NULL,'0','0','0','0105000020D70800000100000001020000000400000000A153168B6D2E41004619EBA340084100D1B5B5736D2E410092558BD040084100174AAC526D2E41004A429C0F41084180C9E2842F6D2E4100969AB752410841');
INSERT INTO "tax_lot_face" ("tax_lot_face_type","boro","block","lot","bbl","lot_face_length","source","block_face_flag","lot_face_length_error","created_by","created_date","last_modified_by","last_modified_date","av_change","bw_change","approx_length_flag",shape) VALUES ('0','3','2386','7','3023860007','100.00000000','0','0','0',NULL,NULL,NULL,NULL,'0','0','0','0105000020D70800000100000001020000000500000080E773AD7B6E2E4100160843853F084180274996516E2E4100366C9CD53F0841008FFAAA226E2E410056A22D2F40084180B0A0EFF46D2E41006E757A8640084100A2E0E8C86D2E41008E3086DA400841');
INSERT INTO "tax_lot_face" ("tax_lot_face_type","boro","block","lot","bbl","lot_face_length","source","block_face_flag","lot_face_length_error","created_by","created_date","last_modified_by","last_modified_date","av_change","bw_change","approx_length_flag",shape) VALUES ('0','3','2386','25','3023860025','24.50000000','0','0','0',NULL,NULL,NULL,NULL,'0','0','0','0105000020D70800000100000001020000000200000080B0A0EFF46D2E41006E757A86400841008FFAAA226E2E410056A22D2F400841');
INSERT INTO "tax_lot_face" ("tax_lot_face_type","boro","block","lot","bbl","lot_face_length","source","block_face_flag","lot_face_length_error","created_by","created_date","last_modified_by","last_modified_date","av_change","bw_change","approx_length_flag",shape) VALUES ('0','3','2386','29','3023860029','80.00000000','0','0','0',NULL,NULL,NULL,NULL,'0','0','0','0105000020D70800000100000001020000000200000000D1B5B5736D2E410092558BD040084100CB9D1F2C6D2E4100A8596F7C3E0841');
INSERT INTO "tax_lot_face" ("tax_lot_face_type","boro","block","lot","bbl","lot_face_length","source","block_face_flag","lot_face_length_error","created_by","created_date","last_modified_by","last_modified_date","av_change","bw_change","approx_length_flag",shape) VALUES ('0','3','2386','25','3023860025','100.00000000','0','0','0',NULL,NULL,NULL,NULL,'0','0','0','0105000020D70800000100000001020000000200000080C8487C9C6D2E41002092F0A53D084180B0A0EFF46D2E41006E757A86400841');
-- brooklyn block 2386 lot_face_point...
INSERT INTO "lot_face_point" ("tax_lot_face_type","bbl","length","approx_length_flag","angle","delta_x","delta_y","boro","block","lot",shape) VALUES ('0','3023860001','25.00000000','0','25.51243816','23.12755202','-11.03744000','3','2386','1','0101000020D7080000C0F501CED06C2E41FF59F5C12A3F0841');
INSERT INTO "lot_face_point" ("tax_lot_face_type","bbl","length","approx_length_flag","angle","delta_x","delta_y","boro","block","lot",shape) VALUES ('0','3023860001','100.00000000','0','115.65773782','-44.22528003','-92.06707209','3','2386','1','0101000020D7080000C1A906E7E56C2E41FF91FA2CC7400841');
INSERT INTO "lot_face_point" ("tax_lot_face_type","bbl","length","approx_length_flag","angle","delta_x","delta_y","boro","block","lot",shape) VALUES ('0','3023860001','75.00000000','0','205.51211317','-68.91161607','32.88704003','3','2386','1','0101000020D70800004049120A576D2E4100E554E5B3410841');
INSERT INTO "lot_face_point" ("tax_lot_face_type","bbl","length","approx_length_flag","angle","delta_x","delta_y","boro","block","lot",shape) VALUES ('0','3023860001','50.00000000','0','25.51220994','45.78406404','-21.84985602','3','2386','1','0101000020D70800009B659B4D5D6D2E4145835B51FB400841');
INSERT INTO "lot_face_point" ("tax_lot_face_type","bbl","length","approx_length_flag","angle","delta_x","delta_y","boro","block","lot",shape) VALUES ('0','3023860001','80.00000000','0','-64.34221726','35.79340804','74.51366407','3','2386','1','0101000020D708000080FFC5B90B6D2E4100A29CA928400841');
INSERT INTO "lot_face_point" ("tax_lot_face_type","bbl","length","approx_length_flag","angle","delta_x","delta_y","boro","block","lot",shape) VALUES ('0','3023860001','20.00000000','0','-64.34277891','8.43187201','17.55366401','3','2386','1','0101000020D708000000CBE284936D2E41FEF80C22EA400841');
INSERT INTO "lot_face_point" ("tax_lot_face_type","bbl","length","approx_length_flag","angle","delta_x","delta_y","boro","block","lot",shape) VALUES ('0','3023860002','100.00000000','0','25.51211165','91.39097609','-43.61497605','3','2386','2','0101000020D7080000618CC9846D6D2E417B33ECFB88410841');
INSERT INTO "lot_face_point" ("tax_lot_face_type","bbl","length","approx_length_flag","angle","delta_x","delta_y","boro","block","lot",shape) VALUES ('0','3023860002','25.00000000','0','115.65791749','-9.79123202','-20.38297601','3','2386','2','0101000020D708000000CC40EB1B6D2E4100FBD3F988420841');
INSERT INTO "lot_face_point" ("tax_lot_face_type","bbl","length","approx_length_flag","angle","delta_x","delta_y","boro","block","lot",shape) VALUES ('0','3023860002','25.00000000','0','-64.34238636','9.79097602','20.38272002','3','2386','2','0101000020D708000080095EB3D26D2E410050180E2C410841');
INSERT INTO "lot_face_point" ("tax_lot_face_type","bbl","length","approx_length_flag","angle","delta_x","delta_y","boro","block","lot",shape) VALUES ('0','3023860002','100.00000000','0','205.51230475','-91.39072008','43.61523204','3','2386','2','0101000020D7080000C035D519816D2E41FE74FF0B2C420841');
INSERT INTO "lot_face_point" ("tax_lot_face_type","bbl","length","approx_length_flag","angle","delta_x","delta_y","boro","block","lot",shape) VALUES ('0','3023860003','100.00000000','0','205.51237309','-91.39097609','43.61548804','3','2386','3','0101000020D7080000401D9A38976D2E4100D1323EE4420841');
INSERT INTO "lot_face_point" ("tax_lot_face_type","bbl","length","approx_length_flag","angle","delta_x","delta_y","boro","block","lot",shape) VALUES ('0','3023860003','25.00000000','0','-64.34176562','11.06022401','23.02438402','3','2386','3','0101000020D70800004048468DE76D2E410032F8AED9410841');
INSERT INTO "lot_face_point" ("tax_lot_face_type","bbl","length","approx_length_flag","angle","delta_x","delta_y","boro","block","lot",shape) VALUES ('0','3023860003','100.00000000','0','25.51230475','91.39072008','-43.61523204','3','2386','3','0101000020D7080000C035D519816D2E41FE74FF0B2C420841');
INSERT INTO "lot_face_point" ("tax_lot_face_type","bbl","length","approx_length_flag","angle","delta_x","delta_y","boro","block","lot",shape) VALUES ('0','3023860003','25.00000000','0','115.65746813','-11.05996801','-23.02464002','3','2386','3','0101000020D7080000C00A29C5306D2E41FD133A9B36430841');
INSERT INTO "lot_face_point" ("tax_lot_face_type","bbl","length","approx_length_flag","angle","delta_x","delta_y","boro","block","lot",shape) VALUES ('0','3023860004','50.00000000','0','115.65777864','-23.75884801','-49.46048005','3','2386','4','0101000020D708000000F8C696536D2E41FE64FD8B58440841');
INSERT INTO "lot_face_point" ("tax_lot_face_type","bbl","length","approx_length_flag","angle","delta_x","delta_y","boro","block","lot",shape) VALUES ('0','3023860004','50.00000000','0','-64.34515841','23.70150402','49.34758404','3','2386','4','0101000020D708000000E446500A6E2E41FF63DD2BFB420841');
INSERT INTO "lot_face_point" ("tax_lot_face_type","bbl","length","approx_length_flag","angle","delta_x","delta_y","boro","block","lot",shape) VALUES ('0','3023860004','100.00000000','0','205.58399771','-91.33363210','43.72838405','3','2386','4','0101000020D7080000C0BE73AEC66D2E41FFF7A7796F440841');
INSERT INTO "lot_face_point" ("tax_lot_face_type","bbl","length","approx_length_flag","angle","delta_x","delta_y","boro","block","lot",shape) VALUES ('0','3023860004','100.00000000','0','25.51237309','91.39097609','-43.61548804','3','2386','4','0101000020D7080000401D9A38976D2E4100D1323EE4420841');
INSERT INTO "lot_face_point" ("tax_lot_face_type","bbl","length","approx_length_flag","angle","delta_x","delta_y","boro","block","lot",shape) VALUES ('0','3023860007','100.00000000','0','-64.34378127','44.49894403','92.64307208','3','2386','7','0101000020D708000041B32E2DA86E2E41FE9289D5F7400841');
INSERT INTO "lot_face_point" ("tax_lot_face_type","bbl","length","approx_length_flag","angle","delta_x","delta_y","boro","block","lot",shape) VALUES ('0','3023860007','100.00000000','0','25.51244882','89.38393609','-42.65779203','3','2386','7','0101000020D70800006A77284B226E2E415C378DE42F400841');
INSERT INTO "lot_face_point" ("tax_lot_face_type","bbl","length","approx_length_flag","angle","delta_x","delta_y","boro","block","lot",shape) VALUES ('0','3023860007','100.00000000','0','115.65629295','-44.55270405','-92.75468808','3','2386','7','0101000020D70800008DA0F876F56D2E41C7A8D5894D420841');
INSERT INTO "lot_face_point" ("tax_lot_face_type","bbl","length","approx_length_flag","angle","delta_x","delta_y","boro","block","lot",shape) VALUES ('0','3023860007','100.00000000','0','205.58411843','-89.33017607','42.76940803','3','2386','7','0101000020D7080000C11363587B6E2E4100C3EA7B15430841');
INSERT INTO "lot_face_point" ("tax_lot_face_type","bbl","length","approx_length_flag","angle","delta_x","delta_y","boro","block","lot",shape) VALUES ('0','3023860012','52.00000000','0','205.58395804','-47.66720004','22.82188803','3','2386','12','0101000020D7080000401EB757046F2E41FE0B6E1E0F420841');
INSERT INTO "lot_face_point" ("tax_lot_face_type","bbl","length","approx_length_flag","angle","delta_x","delta_y","boro","block","lot",shape) VALUES ('0','3023860012','52.00000000','0','25.51220819','47.69587204','-22.76224002','3','2386','12','0101000020D70800005C409D5FAB6E2E4197A3A6362A3F0841');
INSERT INTO "lot_face_point" ("tax_lot_face_type","bbl","length","approx_length_flag","angle","delta_x","delta_y","boro","block","lot",shape) VALUES ('0','3023860012','100.00000000','0','-64.34379206','44.47027203','92.58342408','3','2386','12','0101000020D708000000FE208A076F2E41FEE8637F41400841');
INSERT INTO "lot_face_point" ("tax_lot_face_type","bbl","length","approx_length_flag","angle","delta_x","delta_y","boro","block","lot",shape) VALUES ('0','3023860012','100.00000000','0','115.65621873','-44.49894403','-92.64307208','3','2386','12','0101000020D708000041B32E2DA86E2E41FE9289D5F7400841');
INSERT INTO "lot_face_point" ("tax_lot_face_type","bbl","length","approx_length_flag","angle","delta_x","delta_y","boro","block","lot",shape) VALUES ('0','3023860014','48.00000000','0','205.58404148','-43.70867205','20.92672001','3','2386','14','0101000020D70800008045F0B75F6F2E41FFF0DA1F60410841');
INSERT INTO "lot_face_point" ("tax_lot_face_type","bbl","length","approx_length_flag","angle","delta_x","delta_y","boro","block","lot",shape) VALUES ('0','3023860014','100.00000000','0','115.65620794','-44.47027203','-92.58342408','3','2386','14','0101000020D708000000FE208A076F2E41FEE8637F41400841');
INSERT INTO "lot_face_point" ("tax_lot_face_type","bbl","length","approx_length_flag","angle","delta_x","delta_y","boro","block","lot",shape) VALUES ('0','3023860014','100.00000000','0','-64.21628990','44.61849605','92.36480010','3','2386','14','0101000020D7080000C00B06CF5E6F2E41FFB156F59A3F0841');
INSERT INTO "lot_face_point" ("tax_lot_face_type","bbl","length","approx_length_flag","angle","delta_x","delta_y","boro","block","lot",shape) VALUES ('0','3023860014','48.00000000','0','25.42583412','43.56044804','-20.70809603','3','2386','14','0101000020D708000040C436A1066F2E41FFA9DF547C3E0841');
INSERT INTO "lot_face_point" ("tax_lot_face_type","bbl","length","approx_length_flag","angle","delta_x","delta_y","boro","block","lot",shape) VALUES ('0','3023860018','0.00000000','0','123.20041950','-56.43494405','-86.24025609','3','2386','18','0101000020D7080000C044C48C926E2E41FE7E97E8943D0841');
INSERT INTO "lot_face_point" ("tax_lot_face_type","bbl","length","approx_length_flag","angle","delta_x","delta_y","boro","block","lot",shape) VALUES ('0','3023860018','56.25000000','0','205.43944182','-51.60268804','24.54630403','3','2386','18','0101000020D7080000220CE894FE6E2E418DEEA6A28B3E0841');
INSERT INTO "lot_face_point" ("tax_lot_face_type","bbl","length","approx_length_flag","angle","delta_x","delta_y","boro","block","lot",shape) VALUES ('0','3023860018','70.00000000','0','25.51252520','63.57785605','-30.34214403','3','2386','18','0101000020D70800003F265AB1996E2E4100CD3694C23B0841');
INSERT INTO "lot_face_point" ("tax_lot_face_type","bbl","length","approx_length_flag","angle","delta_x","delta_y","boro","block","lot",shape) VALUES ('0','3023860018','100.00000000','0','-64.21625636','44.45977604','92.03609608','3','2386','18','0101000020D70800000068FCBA056F2E41012BD25AB93C0841');
INSERT INTO "lot_face_point" ("tax_lot_face_type","bbl","length","approx_length_flag","angle","delta_x","delta_y","boro","block","lot",shape) VALUES ('0','3023860021','30.00000000','0','25.51209950','27.44396803','-13.09721601','3','2386','21','0101000020D708000001E3C3AB3E6E2E4100661E56703C0841');
INSERT INTO "lot_face_point" ("tax_lot_face_type","bbl","length","approx_length_flag","angle","delta_x","delta_y","boro","block","lot",shape) VALUES ('0','3023860021','0.00000000','0','205.51202855','-39.65363203','18.92403202','3','2386','21','0101000020D70800004155C854A36E2E41FEA2D290393F0841');
INSERT INTO "lot_face_point" ("tax_lot_face_type","bbl","length","approx_length_flag","angle","delta_x","delta_y","boro","block","lot",shape) VALUES ('0','3023860021','0.00000000','0','-56.79958050','56.43494405','86.24025609','3','2386','21','0101000020D7080000C044C48C926E2E41FE7E97E8943D0841');
INSERT INTO "lot_face_point" ("tax_lot_face_type","bbl","length","approx_length_flag","angle","delta_x","delta_y","boro","block","lot",shape) VALUES ('0','3023860021','100.00000000','0','115.65773783','-44.22528005','-92.06707209','3','2386','21','0101000020D708000080F3C7734F6E2E41008A59FE143E0841');
INSERT INTO "lot_face_point" ("tax_lot_face_type","bbl","length","approx_length_flag","angle","delta_x","delta_y","boro","block","lot",shape) VALUES ('0','3023860023','100.00000000','0','115.65773783','-44.22528003','-92.06707208','3','2386','23','0101000020D7080000C0339D5C256E2E4100ABBD57653E0841');
INSERT INTO "lot_face_point" ("tax_lot_face_type","bbl","length","approx_length_flag","angle","delta_x","delta_y","boro","block","lot",shape) VALUES ('0','3023860023','25.00000000','0','25.51237389','21.04524802','-10.04364802','3','2386','23','0101000020D7080000C09F862E0E6E2E41FE0E5DE6CC3C0841');
INSERT INTO "lot_face_point" ("tax_lot_face_type","bbl","length","approx_length_flag","angle","delta_x","delta_y","boro","block","lot",shape) VALUES ('0','3023860023','25.00000000','0','205.51237384','-21.04524803','10.04364800','3','2386','23','0101000020D70800008087DEA1666E2E410026BA6FAD3F0841');
INSERT INTO "lot_face_point" ("tax_lot_face_type","bbl","length","approx_length_flag","angle","delta_x","delta_y","boro","block","lot",shape) VALUES ('0','3023860023','100.00000000','0','-64.34226217','44.22528005','92.06707209','3','2386','23','0101000020D708000080F3C7734F6E2E41008A59FE143E0841');
INSERT INTO "lot_face_point" ("tax_lot_face_type","bbl","length","approx_length_flag","angle","delta_x","delta_y","boro","block","lot",shape) VALUES ('0','3023860024','100.00000000','0','-64.34226217','44.22528003','92.06707208','3','2386','24','0101000020D7080000C0339D5C256E2E4100ABBD57653E0841');
INSERT INTO "lot_face_point" ("tax_lot_face_type","bbl","length","approx_length_flag","angle","delta_x","delta_y","boro","block","lot",shape) VALUES ('0','3023860024','25.50000000','0','205.51244689','-23.45958401','11.19590402','3','2386','24','0101000020D708000041DBA1203A6E2E41FF45076502400841');
INSERT INTO "lot_face_point" ("tax_lot_face_type","bbl","length","approx_length_flag","angle","delta_x","delta_y","boro","block","lot",shape) VALUES ('0','3023860024','100.00000000','0','115.65767565','-44.22528005','-92.06732810','3','2386','24','0101000020D7080000FF9A4E71F66D2E41FEADB0E8BE3E0841');
INSERT INTO "lot_face_point" ("tax_lot_face_type","bbl","length","approx_length_flag","angle","delta_x","delta_y","boro","block","lot",shape) VALUES ('0','3023860024','25.50000000','0','25.51193759','23.45958403','-11.19564800','3','2386','24','0101000020D708000081F349ADE16D2E41001367DB213D0841');
INSERT INTO "lot_face_point" ("tax_lot_face_type","bbl","length","approx_length_flag","angle","delta_x","delta_y","boro","block","lot",shape) VALUES ('0','3023860025','100.00000000','0','-64.34232435','44.22528005','92.06732810','3','2386','25','0101000020D7080000FF9A4E71F66D2E41FEADB0E8BE3E0841');
INSERT INTO "lot_face_point" ("tax_lot_face_type","bbl","length","approx_length_flag","angle","delta_x","delta_y","boro","block","lot",shape) VALUES ('0','3023860025','100.00000000','0','115.65767565','-44.22528005','-92.06732808','3','2386','25','0101000020D708000080BCF4B5C86D2E4101C78335163F0841');
INSERT INTO "lot_face_point" ("tax_lot_face_type","bbl","length","approx_length_flag","angle","delta_x","delta_y","boro","block","lot",shape) VALUES ('0','3023860025','24.50000000','0','205.51230303','-22.86592002','10.91251200','3','2386','25','0101000020D7080000C09F4DCD0B6E2E41FEE10BD45A400841');
INSERT INTO "lot_face_point" ("tax_lot_face_type","bbl","length","approx_length_flag","angle","delta_x","delta_y","boro","block","lot",shape) VALUES ('0','3023860025','24.50000000','0','25.51230306','22.86592002','-10.91251202','3','2386','25','0101000020D7080000C0B7F559B36D2E41FD92284A7A3D0841');
INSERT INTO "lot_face_point" ("tax_lot_face_type","bbl","length","approx_length_flag","angle","delta_x","delta_y","boro","block","lot",shape) VALUES ('0','3023860026','25.00000000','0','25.51267402','22.01318401','-10.50572801','3','2386','26','0101000020D708000080C1E878866D2E4100B06FF6CF3D0841');
INSERT INTO "lot_face_point" ("tax_lot_face_type","bbl","length","approx_length_flag","angle","delta_x","delta_y","boro","block","lot",shape) VALUES ('0','3023860026','100.00000000','0','115.65767565','-44.22528003','-92.06732808','3','2386','26','0101000020D708000040AE34AF9C6D2E41FEE63E416A3F0841');
INSERT INTO "lot_face_point" ("tax_lot_face_type","bbl","length","approx_length_flag","angle","delta_x","delta_y","boro","block","lot",shape) VALUES ('0','3023860026','100.00000000','0','-64.34232435','44.22528005','92.06732808','3','2386','26','0101000020D708000080BCF4B5C86D2E4101C78335163F0841');
INSERT INTO "lot_face_point" ("tax_lot_face_type","bbl","length","approx_length_flag","angle","delta_x","delta_y","boro","block","lot",shape) VALUES ('0','3023860026','25.00000000','0','205.51267401','-22.01318403','10.50572801','3','2386','26','0101000020D708000040A940ECDE6D2E41FFFD5280B0400841');
INSERT INTO "lot_face_point" ("tax_lot_face_type","bbl","length","approx_length_flag","angle","delta_x","delta_y","boro","block","lot",shape) VALUES ('0','3023860027','18.75000000','0','25.51149520','17.03244802','-8.12825601','3','2386','27','0101000020D708000000373A6D5F6D2E4100CBA27F1A3E0841');
INSERT INTO "lot_face_point" ("tax_lot_face_type","bbl","length","approx_length_flag","angle","delta_x","delta_y","boro","block","lot",shape) VALUES ('0','3023860027','18.75000000','0','205.51182996','-17.03219201','8.12825601','3','2386','27','0101000020D7080000C0E5A2E0B76D2E41FF188609FB400841');
INSERT INTO "lot_face_point" ("tax_lot_face_type","bbl","length","approx_length_flag","angle","delta_x","delta_y","boro","block","lot",shape) VALUES ('0','3023860027','100.00000000','0','115.65780510','-44.22553605','-92.06732808','3','2386','27','0101000020D7080000806EA89E7A6D2E41FDFCE947AB3F0841');
INSERT INTO "lot_face_point" ("tax_lot_face_type","bbl","length","approx_length_flag","angle","delta_x","delta_y","boro","block","lot",shape) VALUES ('0','3023860027','100.00000000','0','-64.34232435','44.22528003','92.06732808','3','2386','27','0101000020D708000040AE34AF9C6D2E41FEE63E416A3F0841');
INSERT INTO "lot_face_point" ("tax_lot_face_type","bbl","length","approx_length_flag","angle","delta_x","delta_y","boro","block","lot",shape) VALUES ('0','3023860028','100.00000000','0','-64.34219490','44.22553605','92.06732808','3','2386','28','0101000020D7080000806EA89E7A6D2E41FDFCE947AB3F0841');
INSERT INTO "lot_face_point" ("tax_lot_face_type","bbl","length","approx_length_flag","angle","delta_x","delta_y","boro","block","lot",shape) VALUES ('0','3023860028','18.75000000','0','25.51299892','17.13536002','-8.17792000','3','2386','28','0101000020D708000040BF44423D6D2E4100FF28B95B3E0841');
INSERT INTO "lot_face_point" ("tax_lot_face_type","bbl","length","approx_length_flag","angle","delta_x","delta_y","boro","block","lot",shape) VALUES ('0','3023860028','80.00000000','0','115.65762279','-35.79315203','-74.51366408','3','2386','28','0101000020D708000001CEA9EA4F6D2E41FF9C577DA63F0841');
INSERT INTO "lot_face_point" ("tax_lot_face_type","bbl","length","approx_length_flag","angle","delta_x","delta_y","boro","block","lot",shape) VALUES ('0','3023860028','20.00000000','0','115.65722109','-8.43187201','-17.55366401','3','2386','28','0101000020D708000000CBE284936D2E41FEF80C22EA400841');
INSERT INTO "lot_face_point" ("tax_lot_face_type","bbl","length","approx_length_flag","angle","delta_x","delta_y","boro","block","lot",shape) VALUES ('0','3023860028','12.50000000','0','205.51203536','-11.68870401','5.57824001','3','2386','28','0101000020D708000000B904667F6D2E41016C373BBA400841');
INSERT INTO "lot_face_point" ("tax_lot_face_type","bbl","length","approx_length_flag","angle","delta_x","delta_y","boro","block","lot",shape) VALUES ('0','3023860028','6.25000000','0','205.51297325','-5.44716801','2.59968001','3','2386','28','0101000020D7080000418FEB65A16D2E410028EEF225410841');
INSERT INTO "lot_face_point" ("tax_lot_face_type","bbl","length","approx_length_flag","angle","delta_x","delta_y","boro","block","lot",shape) VALUES ('0','3023860029','18.75000000','0','205.51240753','-16.51840001','7.88326401','3','2386','29','0101000020D708000000F4FF30636D2E41FEEDCB13F0400841');
INSERT INTO "lot_face_point" ("tax_lot_face_type","bbl","length","approx_length_flag","angle","delta_x","delta_y","boro","block","lot",shape) VALUES ('0','3023860029','80.00000000','0','115.65778274','-35.79340804','-74.51366407','3','2386','29','0101000020D7080000004D2DE12E6D2E41FE55448EE53F0841');
INSERT INTO "lot_face_point" ("tax_lot_face_type","bbl","length","approx_length_flag","angle","delta_x","delta_y","boro","block","lot",shape) VALUES ('0','3023860029','80.00000000','0','-64.34237721','35.79315203','74.51366408','3','2386','29','0101000020D708000001CEA9EA4F6D2E41FF9C577DA63F0841');
INSERT INTO "lot_face_point" ("tax_lot_face_type","bbl","length","approx_length_flag","angle","delta_x","delta_y","boro","block","lot",shape) VALUES ('0','3023860029','18.75000000','0','25.51206241','16.51865602','-7.88326402','3','2386','29','0101000020D70800000027D79A1B6D2E41FF04D0F79B3E0841');
INSERT INTO "lot_face_point" ("tax_lot_face_type","bbl","length","approx_length_flag","angle","delta_x","delta_y","boro","block","lot",shape) VALUES ('0','3023860129','18.75000000','0','205.51214035','-17.57696001','8.38835201','3','2386','129','0101000020D708000040709618416D2E410170EE2931410841');
INSERT INTO "lot_face_point" ("tax_lot_face_type","bbl","length","approx_length_flag","angle","delta_x","delta_y","boro","block","lot",shape) VALUES ('0','3023860129','80.00000000','0','115.65778274','-35.79340804','-74.51366407','3','2386','129','0101000020D708000080FFC5B90B6D2E4100A29CA928400841');
INSERT INTO "lot_face_point" ("tax_lot_face_type","bbl","length","approx_length_flag","angle","delta_x","delta_y","boro","block","lot",shape) VALUES ('0','3023860129','18.75000000','0','25.51214035','17.57696001','-8.38835201','3','2386','129','0101000020D708000040DC5C82F96C2E410088F20DDD3E0841');
INSERT INTO "lot_face_point" ("tax_lot_face_type","bbl","length","approx_length_flag","angle","delta_x","delta_y","boro","block","lot",shape) VALUES ('0','3023860129','80.00000000','0','-64.34221726','35.79340804','74.51366407','3','2386','129','0101000020D7080000004D2DE12E6D2E41FE55448EE53F0841');
--------------------------------------------------------------------------------
 -- Bronx block 2541
 -- An interesting critter because 3 lots in the source have identical BBLs 
 --   (2025418900)
 -- In this target data the 3 lot polygons appear to be "merged" 
 --   (matching legacy prod)
 -- So without noting the duplicate BBLs this will look like a lot in the source
 -- that has been split. However the tax_lot_point records for these 3 identical
 -- BBLs remain separate for labeling. 
 -- My understanding is that the ETL should do nothing here -- the 3 lot 
 -- polygons on the target that have been dissolved are intended that way for 
 -- display of the subject triplicate lot
 ------------------------------------------------------------------------------- 
-- Bronx block 2541 tax_block_polygon 
INSERT INTO "tax_block_polygon" ("boro","block","eop_overlap_flag","jagged_st_flag","created_by","created_date","last_modified_by","last_modified_date","section_number","volume_number",shape) VALUES ('2','2541','1','0',NULL,'19991130','LTP',NULL,'9','9','0106000020D7080000010000000103000000010000002F00000000351FF169A32E41001443A5AF060E41002AD4B439A32E41005EE76748040E4100C6239923A22E410060402998050E41002E64561DA22E4100FE445F9F050E418094DF4AE4A12E4100D0A3DCDB050E418027868CBDA12E4100DA084CE5030E4100A931909DA02E41004E8EA54DF50D41005AF3528FA02E4100D611F194F40D410009A43386A02E41000A7CAF9FF40D4100AD6914789F2E41003C87D5DDF50D41809F69F85CA02E4100C2179126FE0D41004375E2A8A02E4100163DCDC7000E41003854FBF2A02E410086BFAE44030E4180F5909846A12E4100AECAB807060E41807DFBE268A12E41002E283F47070E4180F4BCC38BA12E410086ABA89F080E410036AA7B92A12E4100D4FA00E2080E41808AAEB3BFA12E4100061396D60A0E4180A4C5C1DBA12E410094B0BF2A0C0E4100EAF0B8DEA12E41000217B44E0C0E418063F5EF08A22E4100D2E424520E0E4180640BE916A22E41008E5BC7360F0E418050A547A9A22E4100F4A5B391180E41808A03C9E1A22E41003AD8422E1C0E4180D719C001A32E41006CFD46391E0E410056FD2B31A32E4100B2D3D3E5200E4100277B6554A32E41009A9177AC220E4100CF270C80A32E4100C42F6493240E41006FB5689FA32E4100706C1EC5250E410033334DBEA32E4100BEB016DD260E4100899A02DFA32E4100660E9CF1270E410027FC6CFAA32E4100C0C16ACA280E410053804203A42E4100CEA54410290E4180C6557F12A42E4100D8BE0C84290E41004893A524A42E4100BCDCEC0D2A0E4180D3AFC75AA42E4100FEA6AEBA2B0E41009F6F5E92A42E41009E22F7722D0E4180B51C3B0EA52E410018E82E47310E4180B51E4A2AA62E4100C459F3812F0E4100BEBF06F2A62E4100E05E42432E0E4100758F31CDA62E4100E29C48CE2C0E4180A567CDD5A42E41008C25E100190E41805EB1D98FA42E41008A8094D6150E41805F205BB4A42E4100167020A2150E4100633C9D81A42E410094BF9334140E4180825F3D44A42E410020CB28F4110E4100351FF169A32E41001443A5AF060E41');
-- Bronx block 2541 tax_block_point 
INSERT INTO "tax_block_point" ("boro","block",shape) VALUES ('2','2541','0101000020D7080000002D736A91A32E4100C4D99604170E41');    
-- Bronx block 2541 tax_lot_polygon 
INSERT INTO "tax_lot_polygon" ("boro","block","lot","bbl","community_district","regular_lot_indicator","number_lot_sides","condo_flag","reuc_flag","air_rights_flag","subterranean_flag","easement_flag","section_number","volume_number","page_number","lot_note","nycmap_bldg_flag","missing_rpad_flag","conversion_exception_flag","value_reflected_out_flag","created_by","created_date","last_modified_by","last_modified_date","av_change","bw_change","effective_tax_year","bill_bbl_flag",shape) VALUES ('2','2541','123','2025410123','0','I','0',NULL,'R',NULL,NULL,NULL,'9','9','18',NULL,'0','0','0','0',NULL,'19991130','sj','20071130','0','0',NULL,'0','0106000020D7080000010000000103000000010000001800000080CABDDA9FA32E4100BC046A2F170E418046B1F6D5A32E410056FFAAE1160E4180754CF760A32E41000ACF2A11130E4100D81514F4A22E4100E028ADDD0F0E41802DB113CCA22E41002A5086A80E0E41803C2D20B2A22E4100605755CD0D0E41803847FE9EA22E4100CA1C54200D0E41007F111590A22E41000465A3910C0E41802F63EB7FA22E4100E226F3ED0B0E418068FCA36DA22E41005AB92EFA0A0E4100E1C26232A22E4100E24DEA69070E41805F31CB2CA22E4100927E2E18070E4180ABEC63EBA12E4100A24EAC31070E4100018F50F9A12E41006477EDF0070E4100C2B5BB45A22E41003C1796DD0B0E41806084D152A22E410010355A6C0C0E4180E0B2EB6CA22E41006C688C740D0E41809D25A982A22E410028BAF0410E0E41802D01D9A1A22E410036CD36550F0E4100422424C0A22E4100969E1D4E100E418052BAD5E9A22E4100109FE18B110E4100DC906040A32E4100B44C9EF0130E41809254C09BA32E410092714F35170E4180CABDDA9FA32E4100BC046A2F170E41');
INSERT INTO "tax_lot_polygon" ("boro","block","lot","bbl","community_district","regular_lot_indicator","number_lot_sides","condo_flag","reuc_flag","air_rights_flag","subterranean_flag","easement_flag","section_number","volume_number","page_number","lot_note","nycmap_bldg_flag","missing_rpad_flag","conversion_exception_flag","value_reflected_out_flag","created_by","created_date","last_modified_by","last_modified_date","av_change","bw_change","effective_tax_year","bill_bbl_flag",shape) VALUES ('2','2541','3','2025410003','0','I','0',NULL,'R',NULL,NULL,'E','9','9','18',NULL,'0','0','0','0',NULL,'19991130','sj','20071130','0','0',NULL,'0','0106000020D7080000010000000103000000010000000500000080FB5BE3E9A22E41008E38B4C60B0E4180187AA5D2A22E4100DAE91ED70A0E418068FCA36DA22E41005AB92EFA0A0E41802F63EB7FA22E4100E226F3ED0B0E4180FB5BE3E9A22E41008E38B4C60B0E41');
INSERT INTO "tax_lot_polygon" ("boro","block","lot","bbl","community_district","regular_lot_indicator","number_lot_sides","condo_flag","reuc_flag","air_rights_flag","subterranean_flag","easement_flag","section_number","volume_number","page_number","lot_note","nycmap_bldg_flag","missing_rpad_flag","conversion_exception_flag","value_reflected_out_flag","created_by","created_date","last_modified_by","last_modified_date","av_change","bw_change","effective_tax_year","bill_bbl_flag",shape) VALUES ('2','2541','8900','2025418900','0',NULL,'0',NULL,'R',NULL,NULL,NULL,'9','9','18',NULL,'0','0','0','0',NULL,NULL,NULL,NULL,'0','0',NULL,'0','0106000020D7080000010000000103000000010000000500000080A8372F04A62E4100948041102E0E4180B51E4A2AA62E4100C459F3812F0E4100BEBF06F2A62E4100E05E42432E0E4100758F31CDA62E4100E29C48CE2C0E4180A8372F04A62E4100948041102E0E41');
INSERT INTO "tax_lot_polygon" ("boro","block","lot","bbl","community_district","regular_lot_indicator","number_lot_sides","condo_flag","reuc_flag","air_rights_flag","subterranean_flag","easement_flag","section_number","volume_number","page_number","lot_note","nycmap_bldg_flag","missing_rpad_flag","conversion_exception_flag","value_reflected_out_flag","created_by","created_date","last_modified_by","last_modified_date","av_change","bw_change","effective_tax_year","bill_bbl_flag",shape) VALUES ('2','2541','159','2025410159','0',NULL,'0',NULL,NULL,NULL,NULL,NULL,'9','9','18',NULL,'0','0','0','0',NULL,'19991130','sj','20071130','0','0',NULL,'0','0106000020D708000001000000010300000001000000060000008050A547A9A22E4100F4A5B391180E41808A03C9E1A22E41003AD8422E1C0E418038B723B2A32E410040FBFFB61A0E41009F31AD5BA32E4100427BB8A2170E4180A2DFD859A32E4100AAF20094170E418050A547A9A22E4100F4A5B391180E41');
INSERT INTO "tax_lot_polygon" ("boro","block","lot","bbl","community_district","regular_lot_indicator","number_lot_sides","condo_flag","reuc_flag","air_rights_flag","subterranean_flag","easement_flag","section_number","volume_number","page_number","lot_note","nycmap_bldg_flag","missing_rpad_flag","conversion_exception_flag","value_reflected_out_flag","created_by","created_date","last_modified_by","last_modified_date","av_change","bw_change","effective_tax_year","bill_bbl_flag",shape) VALUES ('2','2541','122','2025410122','0','I','0',NULL,'R',NULL,NULL,NULL,'9','9','18',NULL,'0','0','0','0',NULL,'19991130','sj','20071130','0','0',NULL,'0','0106000020D7080000010000000103000000010000001000000080A2DFD859A32E4100AAF20094170E4100EC8D3BFBA22E4100C6390296140E41006A694F9FA22E410088302425120E4100D72B0D82A22E41001A531D50110E4100409A9262A22E410030BD3162100E410097F20242A22E4100C8F2A9610F0E41805F4D462BA22E4100683A36A00E0E41801CF3E20AA22E410050CED9800D0E4100C61D17F3A12E410068A76FB70C0E418016FA08E2A12E4100749F6C280C0E4180A4C5C1DBA12E410094B0BF2A0C0E4100EAF0B8DEA12E41000217B44E0C0E418063F5EF08A22E4100D2E424520E0E4180640BE916A22E41008E5BC7360F0E418050A547A9A22E4100F4A5B391180E4180A2DFD859A32E4100AAF20094170E41');
INSERT INTO "tax_lot_polygon" ("boro","block","lot","bbl","community_district","regular_lot_indicator","number_lot_sides","condo_flag","reuc_flag","air_rights_flag","subterranean_flag","easement_flag","section_number","volume_number","page_number","lot_note","nycmap_bldg_flag","missing_rpad_flag","conversion_exception_flag","value_reflected_out_flag","created_by","created_date","last_modified_by","last_modified_date","av_change","bw_change","effective_tax_year","bill_bbl_flag",shape) VALUES ('2','2541','8900','2025418900','0',NULL,'0',NULL,'R',NULL,NULL,'E','9','9','18',NULL,'0','0','0','0',NULL,NULL,NULL,NULL,'0','0',NULL,'0','0106000020D7080000010000000103000000010000003000000080FD9EE4CCA52E4100B204500A2C0E4180CABDDA9FA32E4100BC046A2F170E41809254C09BA32E410092714F35170E4100DC906040A32E4100B44C9EF0130E418052BAD5E9A22E4100109FE18B110E4100422424C0A22E4100969E1D4E100E41802D01D9A1A22E410036CD36550F0E41809D25A982A22E410028BAF0410E0E4180E0B2EB6CA22E41006C688C740D0E41806084D152A22E410010355A6C0C0E4100C2B5BB45A22E41003C1796DD0B0E4100018F50F9A12E41006477EDF0070E4180ABEC63EBA12E4100A24EAC31070E41805F31CB2CA22E4100927E2E18070E4100EDE2DE32A22E41002C512914070E4100C6239923A22E410060402998050E41002E64561DA22E4100FE445F9F050E418094DF4AE4A12E4100D0A3DCDB050E418027868CBDA12E4100DA084CE5030E4100A931909DA02E41004E8EA54DF50D41005AF3528FA02E4100D611F194F40D410009A43386A02E41000A7CAF9FF40D4100AD6914789F2E41003C87D5DDF50D41809F69F85CA02E4100C2179126FE0D41004375E2A8A02E4100163DCDC7000E41003854FBF2A02E410086BFAE44030E4180F5909846A12E4100AECAB807060E41807DFBE268A12E41002E283F47070E4180F4BCC38BA12E410086ABA89F080E410036AA7B92A12E4100D4FA00E2080E41808AAEB3BFA12E4100061396D60A0E4180A4C5C1DBA12E410094B0BF2A0C0E418016FA08E2A12E4100749F6C280C0E4100C61D17F3A12E410068A76FB70C0E41801CF3E20AA22E410050CED9800D0E41805F4D462BA22E4100683A36A00E0E410097F20242A22E4100C8F2A9610F0E4100409A9262A22E410030BD3162100E4100D72B0D82A22E41001A531D50110E41006A694F9FA22E410088302425120E4100EC8D3BFBA22E4100C6390296140E4180A2DFD859A32E4100AAF20094170E41009F31AD5BA32E4100427BB8A2170E418038B723B2A32E410040FBFFB61A0E41001B04A962A52E4100A2D8CF802A0E4180D3AFC75AA42E4100FEA6AEBA2B0E41009F6F5E92A42E41009E22F7722D0E4180FD9EE4CCA52E4100B204500A2C0E41');
INSERT INTO "tax_lot_polygon" ("boro","block","lot","bbl","community_district","regular_lot_indicator","number_lot_sides","condo_flag","reuc_flag","air_rights_flag","subterranean_flag","easement_flag","section_number","volume_number","page_number","lot_note","nycmap_bldg_flag","missing_rpad_flag","conversion_exception_flag","value_reflected_out_flag","created_by","created_date","last_modified_by","last_modified_date","av_change","bw_change","effective_tax_year","bill_bbl_flag",shape) VALUES ('2','2541','22','2025410022','0','I','0',NULL,'R',NULL,NULL,'E','9','9','18',NULL,'0','0','0','0',NULL,'19991130','sj','20071130','0','0',NULL,'0','0106000020D708000001000000010300000001000000180000008007511165A42E4100A6010D14160E41805EB1D98FA42E41008A8094D6150E41805F205BB4A42E4100167020A2150E4100633C9D81A42E410094BF9334140E4180825F3D44A42E410020CB28F4110E4100351FF169A32E41001443A5AF060E4100E1AFAA8CA22E410064285AF7060E4100ACC1DC8CA22E41007C36DEFB060E41008FFB3795A22E4100EC891AAA070E41008061DA9DA22E4100C4A63A42080E418083F560A8A22E4100EED22BE3080E4100E4BEB6B4A22E41006A9F6C88090E4100BFF196C1A22E41009838D0210A0E4180187AA5D2A22E4100DAE91ED70A0E4180FB5BE3E9A22E41008E38B4C60B0E4180598C9BF8A22E41004840D5460C0E41003F98F508A32E41002A703BD20C0E41805A895A18A32E4100A6D9C5520D0E4100A53AFE29A32E410006EE02E30D0E4100F93DCB39A32E4100D87394610E0E4100FB32324EA32E41001A3384010F0E4100B58842B9A32E410058C62C39120E4180EFB3E437A42E4100E4BDF454160E418007511165A42E4100A6010D14160E41');
INSERT INTO "tax_lot_polygon" ("boro","block","lot","bbl","community_district","regular_lot_indicator","number_lot_sides","condo_flag","reuc_flag","air_rights_flag","subterranean_flag","easement_flag","section_number","volume_number","page_number","lot_note","nycmap_bldg_flag","missing_rpad_flag","conversion_exception_flag","value_reflected_out_flag","created_by","created_date","last_modified_by","last_modified_date","av_change","bw_change","effective_tax_year","bill_bbl_flag",shape) VALUES ('2','2541','4','2025410004','0',NULL,'0',NULL,'R',NULL,NULL,'E','9','9','18',NULL,'0','0','0','0',NULL,'19991130','sj','20071130','0','0',NULL,'0','0106000020D7080000010000000103000000010000001000000080187AA5D2A22E4100DAE91ED70A0E4100BFF196C1A22E41009838D0210A0E4100E4BEB6B4A22E41006A9F6C88090E418083F560A8A22E4100EED22BE3080E41008061DA9DA22E4100C4A63A42080E41008FFB3795A22E4100EC891AAA070E4100ACC1DC8CA22E41007C36DEFB060E4100E1AFAA8CA22E410064285AF7060E4100351FF169A32E41001443A5AF060E41002AD4B439A32E41005EE76748040E4100C6239923A22E410060402998050E4100EDE2DE32A22E41002C512914070E41805F31CB2CA22E4100927E2E18070E4100E1C26232A22E4100E24DEA69070E418068FCA36DA22E41005AB92EFA0A0E4180187AA5D2A22E4100DAE91ED70A0E41');
INSERT INTO "tax_lot_polygon" ("boro","block","lot","bbl","community_district","regular_lot_indicator","number_lot_sides","condo_flag","reuc_flag","air_rights_flag","subterranean_flag","easement_flag","section_number","volume_number","page_number","lot_note","nycmap_bldg_flag","missing_rpad_flag","conversion_exception_flag","value_reflected_out_flag","created_by","created_date","last_modified_by","last_modified_date","av_change","bw_change","effective_tax_year","bill_bbl_flag",shape) VALUES ('2','2541','132','2025410132','0','I','0',NULL,NULL,NULL,NULL,NULL,'9','9','18',NULL,'1','0','0','0',NULL,'19991130','sj','20071130','0','0',NULL,'0','0106000020D708000001000000010300000001000000100000008038B723B2A32E410040FBFFB61A0E41808A03C9E1A22E41003AD8422E1C0E4180D719C001A32E41006CFD46391E0E410056FD2B31A32E4100B2D3D3E5200E4100277B6554A32E41009A9177AC220E4100CF270C80A32E4100C42F6493240E41006FB5689FA32E4100706C1EC5250E410033334DBEA32E4100BEB016DD260E4100899A02DFA32E4100660E9CF1270E410027FC6CFAA32E4100C0C16ACA280E410053804203A42E4100CEA54410290E4180C6557F12A42E4100D8BE0C84290E41004893A524A42E4100BCDCEC0D2A0E4180D3AFC75AA42E4100FEA6AEBA2B0E41001B04A962A52E4100A2D8CF802A0E418038B723B2A32E410040FBFFB61A0E41');
INSERT INTO "tax_lot_polygon" ("boro","block","lot","bbl","community_district","regular_lot_indicator","number_lot_sides","condo_flag","reuc_flag","air_rights_flag","subterranean_flag","easement_flag","section_number","volume_number","page_number","lot_note","nycmap_bldg_flag","missing_rpad_flag","conversion_exception_flag","value_reflected_out_flag","created_by","created_date","last_modified_by","last_modified_date","av_change","bw_change","effective_tax_year","bill_bbl_flag",shape) VALUES ('2','2541','8900','2025418900','0',NULL,'0',NULL,'R',NULL,NULL,'E','9','9','18',NULL,'0','0','0','0',NULL,NULL,NULL,NULL,'0','0',NULL,'0','0106000020D7080000010000000103000000010000000600000080B51C3B0EA52E410018E82E47310E4180B51E4A2AA62E4100C459F3812F0E4180A8372F04A62E4100948041102E0E4180FD9EE4CCA52E4100B204500A2C0E41009F6F5E92A42E41009E22F7722D0E4180B51C3B0EA52E410018E82E47310E41');
INSERT INTO "tax_lot_polygon" ("boro","block","lot","bbl","community_district","regular_lot_indicator","number_lot_sides","condo_flag","reuc_flag","air_rights_flag","subterranean_flag","easement_flag","section_number","volume_number","page_number","lot_note","nycmap_bldg_flag","missing_rpad_flag","conversion_exception_flag","value_reflected_out_flag","created_by","created_date","last_modified_by","last_modified_date","av_change","bw_change","effective_tax_year","bill_bbl_flag",shape) VALUES ('2','2541','180','2025410180','0','I','0',NULL,'R',NULL,NULL,'E','9','9','18',NULL,'0','0','0','0',NULL,'19991130','sj','20071130','0','0',NULL,'0','0106000020D7080000010000000103000000010000001900000000758F31CDA62E4100E29C48CE2C0E4180A567CDD5A42E41008C25E100190E41805EB1D98FA42E41008A8094D6150E418007511165A42E4100A6010D14160E4180EFB3E437A42E4100E4BDF454160E4100B58842B9A32E410058C62C39120E4100FB32324EA32E41001A3384010F0E4100F93DCB39A32E4100D87394610E0E4100A53AFE29A32E410006EE02E30D0E41805A895A18A32E4100A6D9C5520D0E41003F98F508A32E41002A703BD20C0E4180598C9BF8A22E41004840D5460C0E4180FB5BE3E9A22E41008E38B4C60B0E41802F63EB7FA22E4100E226F3ED0B0E41007F111590A22E41000465A3910C0E41803847FE9EA22E4100CA1C54200D0E41803C2D20B2A22E4100605755CD0D0E41802DB113CCA22E41002A5086A80E0E4100D81514F4A22E4100E028ADDD0F0E4180754CF760A32E41000ACF2A11130E418046B1F6D5A32E410056FFAAE1160E4180CABDDA9FA32E4100BC046A2F170E4180FD9EE4CCA52E4100B204500A2C0E4180A8372F04A62E4100948041102E0E4100758F31CDA62E4100E29C48CE2C0E41');
-- Bronx block 2541 tax_lot_point 
INSERT INTO "tax_lot_point" ("bbl","lot","air_rights_flag","condo_flag","reuc_flag","subterranean_flag","lot_area",shape) VALUES ('2025410003','3',NULL,NULL,'R',NULL,'1611.4','0101000020D7080000333973D1AAA22E41005E0889620B0E41');
INSERT INTO "tax_lot_point" ("bbl","lot","air_rights_flag","condo_flag","reuc_flag","subterranean_flag","lot_area",shape) VALUES ('2025410004','4',NULL,NULL,'R',NULL,'15565.4','0101000020D7080000F1A6B66365A22E41005C504BA1070E41');
INSERT INTO "tax_lot_point" ("bbl","lot","air_rights_flag","condo_flag","reuc_flag","subterranean_flag","lot_area",shape) VALUES ('2025410022','22',NULL,NULL,'R',NULL,'46404.7','0101000020D7080000B40311BC9FA32E41FF7B004D820E0E41');
INSERT INTO "tax_lot_point" ("bbl","lot","air_rights_flag","condo_flag","reuc_flag","subterranean_flag","lot_area",shape) VALUES ('2025410122','122',NULL,NULL,'R',NULL,'18145.1','0101000020D708000039B5B7DC77A22E41FEB322105D120E41');
INSERT INTO "tax_lot_point" ("bbl","lot","air_rights_flag","condo_flag","reuc_flag","subterranean_flag","lot_area",shape) VALUES ('2025410123','123',NULL,NULL,'R',NULL,'15943.2','0101000020D7080000AF99F87EBCA22E41FD11F8BE260F0E41');
INSERT INTO "tax_lot_point" ("bbl","lot","air_rights_flag","condo_flag","reuc_flag","subterranean_flag","lot_area",shape) VALUES ('2025410132','132',NULL,NULL,NULL,NULL,'74892.5','0101000020D7080000EC3A4C16FEA32E41FE1E51D738230E41');
INSERT INTO "tax_lot_point" ("bbl","lot","air_rights_flag","condo_flag","reuc_flag","subterranean_flag","lot_area",shape) VALUES ('2025410159','159',NULL,NULL,NULL,NULL,'11818.5','0101000020D708000016310D3B2CA32E41FF71E521E1190E41');
INSERT INTO "tax_lot_point" ("bbl","lot","air_rights_flag","condo_flag","reuc_flag","subterranean_flag","lot_area",shape) VALUES ('2025410180','180',NULL,NULL,'R',NULL,'111728.7','0101000020D708000049128431B9A42E41FF90DC7AEB1C0E41');
INSERT INTO "tax_lot_point" ("bbl","lot","air_rights_flag","condo_flag","reuc_flag","subterranean_flag","lot_area",shape) VALUES ('2025418900','8900',NULL,NULL,'R',NULL,'5400.5','0101000020D7080000E6F8B2FE7AA62E41FE52FB1D282E0E41');
INSERT INTO "tax_lot_point" ("bbl","lot","air_rights_flag","condo_flag","reuc_flag","subterranean_flag","lot_area",shape) VALUES ('2025418900','8900',NULL,NULL,'R',NULL,'127122.7','0101000020D7080000798AC1FCA7A22E41003A1AF403110E41');
INSERT INTO "tax_lot_point" ("bbl","lot","air_rights_flag","condo_flag","reuc_flag","subterranean_flag","lot_area",shape) VALUES ('2025418900','8900',NULL,NULL,'R',NULL,'20254.7','0101000020D708000068BA32B566A52E41006576BFA82E0E41');
-- Bronx block 2541 tax_lot_face
INSERT INTO "tax_lot_face" ("tax_lot_face_type","boro","block","lot","bbl","lot_face_length","source","block_face_flag","lot_face_length_error","created_by","created_date","last_modified_by","last_modified_date","av_change","bw_change","approx_length_flag",shape) VALUES ('0','2','2541','159','2025410159','113.47000000','0','1','0',NULL,NULL,NULL,NULL,'0','0','0','0105000020D7080000010000000102000000020000008050A547A9A22E4100F4A5B391180E41808A03C9E1A22E41003AD8422E1C0E41');
INSERT INTO "tax_lot_face" ("tax_lot_face_type","boro","block","lot","bbl","lot_face_length","source","block_face_flag","lot_face_length_error","created_by","created_date","last_modified_by","last_modified_date","av_change","bw_change","approx_length_flag",shape) VALUES ('0','2','2541','122','2025410122','300.61000000','0','1','0',NULL,NULL,NULL,NULL,'0','0','0','0105000020D70800000100000001020000000200000080640BE916A22E41008E5BC7360F0E418050A547A9A22E4100F4A5B391180E41');
INSERT INTO "tax_lot_face" ("tax_lot_face_type","boro","block","lot","bbl","lot_face_length","source","block_face_flag","lot_face_length_error","created_by","created_date","last_modified_by","last_modified_date","av_change","bw_change","approx_length_flag",shape) VALUES ('0','2','2541','3','2025410003','0.00000000','1','0','2',NULL,NULL,NULL,NULL,'0','0','0','0105000020D70800000100000001020000000200000080FB5BE3E9A22E41008E38B4C60B0E4180187AA5D2A22E4100DAE91ED70A0E41');
INSERT INTO "tax_lot_face" ("tax_lot_face_type","boro","block","lot","bbl","lot_face_length","source","block_face_flag","lot_face_length_error","created_by","created_date","last_modified_by","last_modified_date","av_change","bw_change","approx_length_flag",shape) VALUES ('0','2','2541','4','2025410004','142.00000000','0','1','0',NULL,NULL,NULL,NULL,'0','0','0','0105000020D708000001000000010200000002000000002AD4B439A32E41005EE76748040E4100C6239923A22E410060402998050E41');
INSERT INTO "tax_lot_face" ("tax_lot_face_type","boro","block","lot","bbl","lot_face_length","source","block_face_flag","lot_face_length_error","created_by","created_date","last_modified_by","last_modified_date","av_change","bw_change","approx_length_flag",shape) VALUES ('0','2','2541','122','2025410122','19.91000000','0','0','0',NULL,NULL,NULL,NULL,'0','0','0','0105000020D70800000100000001020000000200000000C61D17F3A12E410068A76FB70C0E418016FA08E2A12E4100749F6C280C0E41');
INSERT INTO "tax_lot_face" ("tax_lot_face_type","boro","block","lot","bbl","lot_face_length","source","block_face_flag","lot_face_length_error","created_by","created_date","last_modified_by","last_modified_date","av_change","bw_change","approx_length_flag",shape) VALUES ('0','2','2541','132','2025410132','105.00000000','0','1','0',NULL,NULL,NULL,NULL,'0','0','0','0105000020D7080000010000000102000000050000000027FC6CFAA32E4100C0C16ACA280E410053804203A42E4100CEA54410290E4180C6557F12A42E4100D8BE0C84290E41004893A524A42E4100BCDCEC0D2A0E4180D3AFC75AA42E4100FEA6AEBA2B0E41');
INSERT INTO "tax_lot_face" ("tax_lot_face_type","boro","block","lot","bbl","lot_face_length","source","block_face_flag","lot_face_length_error","created_by","created_date","last_modified_by","last_modified_date","av_change","bw_change","approx_length_flag",shape) VALUES ('0','2','2541','8900','2025418900','2.00000000','0','0','0',NULL,NULL,NULL,NULL,'0','0','0','0105000020D70800000100000001020000000200000080CABDDA9FA32E4100BC046A2F170E41809254C09BA32E410092714F35170E41');
INSERT INTO "tax_lot_face" ("tax_lot_face_type","boro","block","lot","bbl","lot_face_length","source","block_face_flag","lot_face_length_error","created_by","created_date","last_modified_by","last_modified_date","av_change","bw_change","approx_length_flag",shape) VALUES ('0','2','2541','180','2025410180','0.00000000','1','0','2',NULL,NULL,NULL,NULL,'0','0','0','0105000020D70800000100000001020000000200000080FB5BE3E9A22E41008E38B4C60B0E41802F63EB7FA22E4100E226F3ED0B0E41');
INSERT INTO "tax_lot_face" ("tax_lot_face_type","boro","block","lot","bbl","lot_face_length","source","block_face_flag","lot_face_length_error","created_by","created_date","last_modified_by","last_modified_date","av_change","bw_change","approx_length_flag",shape) VALUES ('0','2','2541','132','2025410132','128.93000000','0','0','0',NULL,NULL,NULL,NULL,'0','0','0','0105000020D70800000100000001020000000200000080D3AFC75AA42E4100FEA6AEBA2B0E41001B04A962A52E4100A2D8CF802A0E41');
INSERT INTO "tax_lot_face" ("tax_lot_face_type","boro","block","lot","bbl","lot_face_length","source","block_face_flag","lot_face_length_error","created_by","created_date","last_modified_by","last_modified_date","av_change","bw_change","approx_length_flag",shape) VALUES ('0','2','2541','132','2025410132','360.85000000','0','1','0',NULL,NULL,NULL,NULL,'0','0','0','0105000020D70800000100000001020000000800000080D719C001A32E41006CFD46391E0E410056FD2B31A32E4100B2D3D3E5200E4100277B6554A32E41009A9177AC220E4100CF270C80A32E4100C42F6493240E41006FB5689FA32E4100706C1EC5250E410033334DBEA32E4100BEB016DD260E4100899A02DFA32E4100660E9CF1270E410027FC6CFAA32E4100C0C16ACA280E41');
INSERT INTO "tax_lot_face" ("tax_lot_face_type","boro","block","lot","bbl","lot_face_length","source","block_face_flag","lot_face_length_error","created_by","created_date","last_modified_by","last_modified_date","av_change","bw_change","approx_length_flag",shape) VALUES ('0','2','2541','8900','2025418900','30.01000000','0','1','0',NULL,NULL,NULL,NULL,'0','0','0','0105000020D70800000100000001020000000300000000C6239923A22E410060402998050E41002E64561DA22E4100FE445F9F050E418094DF4AE4A12E4100D0A3DCDB050E41');
INSERT INTO "tax_lot_face" ("tax_lot_face_type","boro","block","lot","bbl","lot_face_length","source","block_face_flag","lot_face_length_error","created_by","created_date","last_modified_by","last_modified_date","av_change","bw_change","approx_length_flag",shape) VALUES ('0','2','2541','180','2025410180','675.98000000','0','1','0',NULL,NULL,NULL,NULL,'0','0','0','0105000020D70800000100000001020000000200000000758F31CDA62E4100E29C48CE2C0E4180A567CDD5A42E41008C25E100190E41');
INSERT INTO "tax_lot_face" ("tax_lot_face_type","boro","block","lot","bbl","lot_face_length","source","block_face_flag","lot_face_length_error","created_by","created_date","last_modified_by","last_modified_date","av_change","bw_change","approx_length_flag",shape) VALUES ('0','2','2541','180','2025410180','0.00000000','1','0','2',NULL,NULL,NULL,NULL,'0','0','0','0105000020D708000001000000010200000006000000802F63EB7FA22E4100E226F3ED0B0E41007F111590A22E41000465A3910C0E41803847FE9EA22E4100CA1C54200D0E41803C2D20B2A22E4100605755CD0D0E41802DB113CCA22E41002A5086A80E0E4100D81514F4A22E4100E028ADDD0F0E41');
INSERT INTO "tax_lot_face" ("tax_lot_face_type","boro","block","lot","bbl","lot_face_length","source","block_face_flag","lot_face_length_error","created_by","created_date","last_modified_by","last_modified_date","av_change","bw_change","approx_length_flag",shape) VALUES ('0','2','2541','8900','2025418900','113.62000000','0','0','0',NULL,NULL,NULL,NULL,'0','0','0','0105000020D708000001000000010200000002000000809254C09BA32E410092714F35170E4100DC906040A32E4100B44C9EF0130E41');
INSERT INTO "tax_lot_face" ("tax_lot_face_type","boro","block","lot","bbl","lot_face_length","source","block_face_flag","lot_face_length_error","created_by","created_date","last_modified_by","last_modified_date","av_change","bw_change","approx_length_flag",shape) VALUES ('0','2','2541','8900','2025418900','0.00000000','1','0','2',NULL,NULL,NULL,NULL,'0','0','0','0105000020D708000001000000010200000002000000805F31CB2CA22E4100927E2E18070E4100EDE2DE32A22E41002C512914070E41');
INSERT INTO "tax_lot_face" ("tax_lot_face_type","boro","block","lot","bbl","lot_face_length","source","block_face_flag","lot_face_length_error","created_by","created_date","last_modified_by","last_modified_date","av_change","bw_change","approx_length_flag",shape) VALUES ('0','2','2541','123','2025410123','19.91000000','0','0','0',NULL,NULL,NULL,NULL,'0','0','0','0105000020D70800000100000001020000000200000000C2B5BB45A22E41003C1796DD0B0E41806084D152A22E410010355A6C0C0E41');
INSERT INTO "tax_lot_face" ("tax_lot_face_type","boro","block","lot","bbl","lot_face_length","source","block_face_flag","lot_face_length_error","created_by","created_date","last_modified_by","last_modified_date","av_change","bw_change","approx_length_flag",shape) VALUES ('0','2','2541','8900','2025418900','19.91000000','0','0','0',NULL,NULL,NULL,NULL,'0','0','0','0105000020D708000001000000010200000002000000806084D152A22E410010355A6C0C0E4100C2B5BB45A22E41003C1796DD0B0E41');
INSERT INTO "tax_lot_face" ("tax_lot_face_type","boro","block","lot","bbl","lot_face_length","source","block_face_flag","lot_face_length_error","created_by","created_date","last_modified_by","last_modified_date","av_change","bw_change","approx_length_flag",shape) VALUES ('0','2','2541','8900','2025418900','128.81000000','0','0','0',NULL,NULL,NULL,NULL,'0','0','0','0105000020D70800000100000001020000000300000080FD9EE4CCA52E4100B204500A2C0E4180A8372F04A62E4100948041102E0E4180B51E4A2AA62E4100C459F3812F0E41');
INSERT INTO "tax_lot_face" ("tax_lot_face_type","boro","block","lot","bbl","lot_face_length","source","block_face_flag","lot_face_length_error","created_by","created_date","last_modified_by","last_modified_date","av_change","bw_change","approx_length_flag",shape) VALUES ('0','2','2541','8900','2025418900','123.37000000','0','1','0',NULL,NULL,NULL,NULL,'0','0','0','0105000020D70800000100000001020000000400000080F4BCC38BA12E410086ABA89F080E410036AA7B92A12E4100D4FA00E2080E41808AAEB3BFA12E4100061396D60A0E4180A4C5C1DBA12E410094B0BF2A0C0E41');
INSERT INTO "tax_lot_face" ("tax_lot_face_type","boro","block","lot","bbl","lot_face_length","source","block_face_flag","lot_face_length_error","created_by","created_date","last_modified_by","last_modified_date","av_change","bw_change","approx_length_flag",shape) VALUES ('0','2','2541','132','2025410132','104.26000000','0','0','0',NULL,NULL,NULL,NULL,'0','0','0','0105000020D7080000010000000102000000020000008038B723B2A32E410040FBFFB61A0E41808A03C9E1A22E41003AD8422E1C0E41');
INSERT INTO "tax_lot_face" ("tax_lot_face_type","boro","block","lot","bbl","lot_face_length","source","block_face_flag","lot_face_length_error","created_by","created_date","last_modified_by","last_modified_date","av_change","bw_change","approx_length_flag",shape) VALUES ('0','2','2541','180','2025410180','115.85000000','0','0','0',NULL,NULL,NULL,NULL,'0','0','0','0105000020D70800000100000001020000000200000000D81514F4A22E4100E028ADDD0F0E4180754CF760A32E41000ACF2A11130E41');
INSERT INTO "tax_lot_face" ("tax_lot_face_type","boro","block","lot","bbl","lot_face_length","source","block_face_flag","lot_face_length_error","created_by","created_date","last_modified_by","last_modified_date","av_change","bw_change","approx_length_flag",shape) VALUES ('0','2','2541','22','2025410022','25.71000000','0','0','0',NULL,NULL,NULL,NULL,'0','0','0','0105000020D70800000100000001020000000200000080EFB3E437A42E4100E4BDF454160E418007511165A42E4100A6010D14160E41');
INSERT INTO "tax_lot_face" ("tax_lot_face_type","boro","block","lot","bbl","lot_face_length","source","block_face_flag","lot_face_length_error","created_by","created_date","last_modified_by","last_modified_date","av_change","bw_change","approx_length_flag",shape) VALUES ('0','2','2541','180','2025410180','136.40000000','0','0','0',NULL,NULL,NULL,NULL,'0','0','0','0105000020D70800000100000001020000000200000080754CF760A32E41000ACF2A11130E418046B1F6D5A32E410056FFAAE1160E41');
INSERT INTO "tax_lot_face" ("tax_lot_face_type","boro","block","lot","bbl","lot_face_length","source","block_face_flag","lot_face_length_error","created_by","created_date","last_modified_by","last_modified_date","av_change","bw_change","approx_length_flag",shape) VALUES ('0','2','2541','132','2025410132','71.29000000','0','1','0',NULL,NULL,NULL,NULL,'0','0','0','0105000020D708000001000000010200000002000000808A03C9E1A22E41003AD8422E1C0E4180D719C001A32E41006CFD46391E0E41');
INSERT INTO "tax_lot_face" ("tax_lot_face_type","boro","block","lot","bbl","lot_face_length","source","block_face_flag","lot_face_length_error","created_by","created_date","last_modified_by","last_modified_date","av_change","bw_change","approx_length_flag",shape) VALUES ('0','2','2541','4','2025410004','0.00000000','1','0','2',NULL,NULL,NULL,NULL,'0','0','0','0105000020D7080000010000000102000000020000008068FCA36DA22E41005AB92EFA0A0E4180187AA5D2A22E4100DAE91ED70A0E41');
INSERT INTO "tax_lot_face" ("tax_lot_face_type","boro","block","lot","bbl","lot_face_length","source","block_face_flag","lot_face_length_error","created_by","created_date","last_modified_by","last_modified_date","av_change","bw_change","approx_length_flag",shape) VALUES ('0','2','2541','132','2025410132','548.38000000','0','0','0',NULL,NULL,NULL,NULL,'0','0','0','0105000020D708000001000000010200000002000000001B04A962A52E4100A2D8CF802A0E418038B723B2A32E410040FBFFB61A0E41');
INSERT INTO "tax_lot_face" ("tax_lot_face_type","boro","block","lot","bbl","lot_face_length","source","block_face_flag","lot_face_length_error","created_by","created_date","last_modified_by","last_modified_date","av_change","bw_change","approx_length_flag",shape) VALUES ('0','2','2541','8900','2025418900','0.00000000','1','1','2',NULL,NULL,NULL,NULL,'0','0','0','0105000020D70800000100000001020000000200000000BEBF06F2A62E4100E05E42432E0E4100758F31CDA62E4100E29C48CE2C0E41');
INSERT INTO "tax_lot_face" ("tax_lot_face_type","boro","block","lot","bbl","lot_face_length","source","block_face_flag","lot_face_length_error","created_by","created_date","last_modified_by","last_modified_date","av_change","bw_change","approx_length_flag",shape) VALUES ('0','2','2541','123','2025410123','281.00000000','0','0','0',NULL,NULL,NULL,NULL,'0','0','0','0105000020D70800000100000001020000000800000000D81514F4A22E4100E028ADDD0F0E41802DB113CCA22E41002A5086A80E0E41803C2D20B2A22E4100605755CD0D0E41803847FE9EA22E4100CA1C54200D0E41007F111590A22E41000465A3910C0E41802F63EB7FA22E4100E226F3ED0B0E418068FCA36DA22E41005AB92EFA0A0E4100E1C26232A22E4100E24DEA69070E41');
INSERT INTO "tax_lot_face" ("tax_lot_face_type","boro","block","lot","bbl","lot_face_length","source","block_face_flag","lot_face_length_error","created_by","created_date","last_modified_by","last_modified_date","av_change","bw_change","approx_length_flag",shape) VALUES ('0','2','2541','180','2025410180','108.44000000','0','1','0',NULL,NULL,NULL,NULL,'0','0','0','0105000020D70800000100000001020000000200000080A8372F04A62E4100948041102E0E4100758F31CDA62E4100E29C48CE2C0E41');
INSERT INTO "tax_lot_face" ("tax_lot_face_type","boro","block","lot","bbl","lot_face_length","source","block_face_flag","lot_face_length_error","created_by","created_date","last_modified_by","last_modified_date","av_change","bw_change","approx_length_flag",shape) VALUES ('0','2','2541','8900','2025418900','19.91000000','0','0','0',NULL,NULL,NULL,NULL,'0','0','0','0105000020D7080000010000000102000000020000008016FA08E2A12E4100749F6C280C0E4100C61D17F3A12E410068A76FB70C0E41');
INSERT INTO "tax_lot_face" ("tax_lot_face_type","boro","block","lot","bbl","lot_face_length","source","block_face_flag","lot_face_length_error","created_by","created_date","last_modified_by","last_modified_date","av_change","bw_change","approx_length_flag",shape) VALUES ('0','2','2541','159','2025410159','105.13000000','0','0','0',NULL,NULL,NULL,NULL,'0','0','0','0105000020D7080000010000000102000000020000008038B723B2A32E410040FBFFB61A0E41009F31AD5BA32E4100427BB8A2170E41');
INSERT INTO "tax_lot_face" ("tax_lot_face_type","boro","block","lot","bbl","lot_face_length","source","block_face_flag","lot_face_length_error","created_by","created_date","last_modified_by","last_modified_date","av_change","bw_change","approx_length_flag",shape) VALUES ('0','2','2541','122','2025410122','186.73000000','0','0','0',NULL,NULL,NULL,NULL,'0','0','0','0105000020D708000001000000010200000007000000006A694F9FA22E410088302425120E4100D72B0D82A22E41001A531D50110E4100409A9262A22E410030BD3162100E410097F20242A22E4100C8F2A9610F0E41805F4D462BA22E4100683A36A00E0E41801CF3E20AA22E410050CED9800D0E4100C61D17F3A12E410068A76FB70C0E41');
INSERT INTO "tax_lot_face" ("tax_lot_face_type","boro","block","lot","bbl","lot_face_length","source","block_face_flag","lot_face_length_error","created_by","created_date","last_modified_by","last_modified_date","av_change","bw_change","approx_length_flag",shape) VALUES ('0','2','2541','159','2025410159','86.22000000','0','0','0',NULL,NULL,NULL,NULL,'0','0','0','0105000020D70800000100000001020000000200000080A2DFD859A32E4100AAF20094170E418050A547A9A22E4100F4A5B391180E41');
INSERT INTO "tax_lot_face" ("tax_lot_face_type","boro","block","lot","bbl","lot_face_length","source","block_face_flag","lot_face_length_error","created_by","created_date","last_modified_by","last_modified_date","av_change","bw_change","approx_length_flag",shape) VALUES ('0','2','2541','123','2025410123','22.76000000','0','0','0',NULL,NULL,NULL,NULL,'0','0','0','0105000020D70800000100000001020000000200000080ABEC63EBA12E4100A24EAC31070E4100018F50F9A12E41006477EDF0070E41');
INSERT INTO "tax_lot_face" ("tax_lot_face_type","boro","block","lot","bbl","lot_face_length","source","block_face_flag","lot_face_length_error","created_by","created_date","last_modified_by","last_modified_date","av_change","bw_change","approx_length_flag",shape) VALUES ('0','2','2541','8900','2025418900','165.75000000','0','0','0',NULL,NULL,NULL,NULL,'0','0','0','0105000020D70800000100000001020000000200000080FD9EE4CCA52E4100B204500A2C0E41009F6F5E92A42E41009E22F7722D0E41');
INSERT INTO "tax_lot_face" ("tax_lot_face_type","boro","block","lot","bbl","lot_face_length","source","block_face_flag","lot_face_length_error","created_by","created_date","last_modified_by","last_modified_date","av_change","bw_change","approx_length_flag",shape) VALUES ('0','2','2541','8900','2025418900','60.78000000','0','1','0',NULL,NULL,NULL,NULL,'0','0','0','0105000020D70800000100000001020000000200000080D3AFC75AA42E4100FEA6AEBA2B0E41009F6F5E92A42E41009E22F7722D0E41');
INSERT INTO "tax_lot_face" ("tax_lot_face_type","boro","block","lot","bbl","lot_face_length","source","block_face_flag","lot_face_length_error","created_by","created_date","last_modified_by","last_modified_date","av_change","bw_change","approx_length_flag",shape) VALUES ('0','2','2541','22','2025410022','25.01000000','0','0','0',NULL,NULL,NULL,NULL,'0','0','0','0105000020D7080000010000000102000000020000008007511165A42E4100A6010D14160E41805EB1D98FA42E41008A8094D6150E41');
INSERT INTO "tax_lot_face" ("tax_lot_face_type","boro","block","lot","bbl","lot_face_length","source","block_face_flag","lot_face_length_error","created_by","created_date","last_modified_by","last_modified_date","av_change","bw_change","approx_length_flag",shape) VALUES ('0','2','2541','8900','2025418900','653.51000000','0','0','0',NULL,NULL,NULL,NULL,'0','0','0','0105000020D708000001000000010200000003000000009F31AD5BA32E4100427BB8A2170E418038B723B2A32E410040FBFFB61A0E41001B04A962A52E4100A2D8CF802A0E41');
INSERT INTO "tax_lot_face" ("tax_lot_face_type","boro","block","lot","bbl","lot_face_length","source","block_face_flag","lot_face_length_error","created_by","created_date","last_modified_by","last_modified_date","av_change","bw_change","approx_length_flag",shape) VALUES ('0','2','2541','4','2025410004','101.13000000','0','0','0',NULL,NULL,NULL,NULL,'0','0','0','0105000020D70800000100000001020000000200000000E1AFAA8CA22E410064285AF7060E4100351FF169A32E41001443A5AF060E41');
INSERT INTO "tax_lot_face" ("tax_lot_face_type","boro","block","lot","bbl","lot_face_length","source","block_face_flag","lot_face_length_error","created_by","created_date","last_modified_by","last_modified_date","av_change","bw_change","approx_length_flag",shape) VALUES ('0','2','2541','122','2025410122','106.22000000','0','0','0',NULL,NULL,NULL,NULL,'0','0','0','0105000020D70800000100000001020000000200000080A2DFD859A32E4100AAF20094170E4100EC8D3BFBA22E4100C6390296140E41');
INSERT INTO "tax_lot_face" ("tax_lot_face_type","boro","block","lot","bbl","lot_face_length","source","block_face_flag","lot_face_length_error","created_by","created_date","last_modified_by","last_modified_date","av_change","bw_change","approx_length_flag",shape) VALUES ('0','2','2541','8900','2025418900','126.99000000','0','0','0',NULL,NULL,NULL,NULL,'0','0','0','0105000020D70800000100000001020000000200000000C2B5BB45A22E41003C1796DD0B0E4100018F50F9A12E41006477EDF0070E41');
INSERT INTO "tax_lot_face" ("tax_lot_face_type","boro","block","lot","bbl","lot_face_length","source","block_face_flag","lot_face_length_error","created_by","created_date","last_modified_by","last_modified_date","av_change","bw_change","approx_length_flag",shape) VALUES ('0','2','2541','8900','2025418900','108.32000000','0','0','0',NULL,NULL,NULL,NULL,'0','0','0','0105000020D70800000100000001020000000300000000EC8D3BFBA22E4100C6390296140E4180A2DFD859A32E4100AAF20094170E41009F31AD5BA32E4100427BB8A2170E41');
INSERT INTO "tax_lot_face" ("tax_lot_face_type","boro","block","lot","bbl","lot_face_length","source","block_face_flag","lot_face_length_error","created_by","created_date","last_modified_by","last_modified_date","av_change","bw_change","approx_length_flag",shape) VALUES ('0','2','2541','22','2025410022','101.13000000','0','0','0',NULL,NULL,NULL,NULL,'0','0','0','0105000020D70800000100000001020000000200000000351FF169A32E41001443A5AF060E4100E1AFAA8CA22E410064285AF7060E41');
INSERT INTO "tax_lot_face" ("tax_lot_face_type","boro","block","lot","bbl","lot_face_length","source","block_face_flag","lot_face_length_error","created_by","created_date","last_modified_by","last_modified_date","av_change","bw_change","approx_length_flag",shape) VALUES ('0','2','2541','122','2025410122','3.00000000','0','0','0',NULL,NULL,NULL,NULL,'0','0','0','0105000020D7080000010000000102000000020000008016FA08E2A12E4100749F6C280C0E4180A4C5C1DBA12E410094B0BF2A0C0E41');
INSERT INTO "tax_lot_face" ("tax_lot_face_type","boro","block","lot","bbl","lot_face_length","source","block_face_flag","lot_face_length_error","created_by","created_date","last_modified_by","last_modified_date","av_change","bw_change","approx_length_flag",shape) VALUES ('0','2','2541','180','2025410180','786.85000000','0','0','0',NULL,NULL,NULL,NULL,'0','0','0','0105000020D70800000100000001020000000300000080CABDDA9FA32E4100BC046A2F170E4180FD9EE4CCA52E4100B204500A2C0E4180A8372F04A62E4100948041102E0E41');
INSERT INTO "tax_lot_face" ("tax_lot_face_type","boro","block","lot","bbl","lot_face_length","source","block_face_flag","lot_face_length_error","created_by","created_date","last_modified_by","last_modified_date","av_change","bw_change","approx_length_flag",shape) VALUES ('0','2','2541','22','2025410022','115.85000000','0','0','0',NULL,NULL,NULL,NULL,'0','0','0','0105000020D70800000100000001020000000200000000FB32324EA32E41001A3384010F0E4100B58842B9A32E410058C62C39120E41');
INSERT INTO "tax_lot_face" ("tax_lot_face_type","boro","block","lot","bbl","lot_face_length","source","block_face_flag","lot_face_length_error","created_by","created_date","last_modified_by","last_modified_date","av_change","bw_change","approx_length_flag",shape) VALUES ('0','2','2541','4','2025410004','0.00000000','1','0','2',NULL,NULL,NULL,NULL,'0','0','0','0105000020D70800000100000001020000000200000000EDE2DE32A22E41002C512914070E41805F31CB2CA22E4100927E2E18070E41');
INSERT INTO "tax_lot_face" ("tax_lot_face_type","boro","block","lot","bbl","lot_face_length","source","block_face_flag","lot_face_length_error","created_by","created_date","last_modified_by","last_modified_date","av_change","bw_change","approx_length_flag",shape) VALUES ('0','2','2541','180','2025410180','25.01000000','0','0','0',NULL,NULL,NULL,NULL,'0','0','0','0105000020D708000001000000010200000002000000805EB1D98FA42E41008A8094D6150E418007511165A42E4100A6010D14160E41');
INSERT INTO "tax_lot_face" ("tax_lot_face_type","boro","block","lot","bbl","lot_face_length","source","block_face_flag","lot_face_length_error","created_by","created_date","last_modified_by","last_modified_date","av_change","bw_change","approx_length_flag",shape) VALUES ('0','2','2541','8900','2025418900','32.97000000','0','0','0',NULL,NULL,NULL,NULL,'0','0','0','0105000020D70800000100000001020000000200000080ABEC63EBA12E4100A24EAC31070E41805F31CB2CA22E4100927E2E18070E41');
INSERT INTO "tax_lot_face" ("tax_lot_face_type","boro","block","lot","bbl","lot_face_length","source","block_face_flag","lot_face_length_error","created_by","created_date","last_modified_by","last_modified_date","av_change","bw_change","approx_length_flag",shape) VALUES ('0','2','2541','180','2025410180','0.00000000','1','0','2',NULL,NULL,NULL,NULL,'0','0','0','0105000020D7080000010000000102000000020000008046B1F6D5A32E410056FFAAE1160E4180CABDDA9FA32E4100BC046A2F170E41');
INSERT INTO "tax_lot_face" ("tax_lot_face_type","boro","block","lot","bbl","lot_face_length","source","block_face_flag","lot_face_length_error","created_by","created_date","last_modified_by","last_modified_date","av_change","bw_change","approx_length_flag",shape) VALUES ('0','2','2541','123','2025410123','178.11000000','0','0','0',NULL,NULL,NULL,NULL,'0','0','0','0105000020D708000001000000010200000006000000806084D152A22E410010355A6C0C0E4180E0B2EB6CA22E41006C688C740D0E41809D25A982A22E410028BAF0410E0E41802D01D9A1A22E410036CD36550F0E4100422424C0A22E4100969E1D4E100E418052BAD5E9A22E4100109FE18B110E41');
INSERT INTO "tax_lot_face" ("tax_lot_face_type","boro","block","lot","bbl","lot_face_length","source","block_face_flag","lot_face_length_error","created_by","created_date","last_modified_by","last_modified_date","av_change","bw_change","approx_length_flag",shape) VALUES ('0','2','2541','3','2025410003','0.00000000','1','0','2',NULL,NULL,NULL,NULL,'0','0','0','0105000020D70800000100000001020000000200000080187AA5D2A22E4100DAE91ED70A0E418068FCA36DA22E41005AB92EFA0A0E41');
INSERT INTO "tax_lot_face" ("tax_lot_face_type","boro","block","lot","bbl","lot_face_length","source","block_face_flag","lot_face_length_error","created_by","created_date","last_modified_by","last_modified_date","av_change","bw_change","approx_length_flag",shape) VALUES ('0','2','2541','180','2025410180','25.71000000','0','0','0',NULL,NULL,NULL,NULL,'0','0','0','0105000020D7080000010000000102000000020000008007511165A42E4100A6010D14160E4180EFB3E437A42E4100E4BDF454160E41');
INSERT INTO "tax_lot_face" ("tax_lot_face_type","boro","block","lot","bbl","lot_face_length","source","block_face_flag","lot_face_length_error","created_by","created_date","last_modified_by","last_modified_date","av_change","bw_change","approx_length_flag",shape) VALUES ('0','2','2541','22','2025410022','143.76000000','0','0','0',NULL,NULL,NULL,NULL,'0','0','0','0105000020D70800000100000001020000000200000000B58842B9A32E410058C62C39120E4180EFB3E437A42E4100E4BDF454160E41');
INSERT INTO "tax_lot_face" ("tax_lot_face_type","boro","block","lot","bbl","lot_face_length","source","block_face_flag","lot_face_length_error","created_by","created_date","last_modified_by","last_modified_date","av_change","bw_change","approx_length_flag",shape) VALUES ('0','2','2541','123','2025410123','115.85000000','0','0','0',NULL,NULL,NULL,NULL,'0','0','0','0105000020D70800000100000001020000000200000080754CF760A32E41000ACF2A11130E4100D81514F4A22E4100E028ADDD0F0E41');
INSERT INTO "tax_lot_face" ("tax_lot_face_type","boro","block","lot","bbl","lot_face_length","source","block_face_flag","lot_face_length_error","created_by","created_date","last_modified_by","last_modified_date","av_change","bw_change","approx_length_flag",shape) VALUES ('0','2','2541','8900','2025418900','128.93000000','0','0','0',NULL,NULL,NULL,NULL,'0','0','0','0105000020D708000001000000010200000002000000001B04A962A52E4100A2D8CF802A0E4180D3AFC75AA42E4100FEA6AEBA2B0E41');
INSERT INTO "tax_lot_face" ("tax_lot_face_type","boro","block","lot","bbl","lot_face_length","source","block_face_flag","lot_face_length_error","created_by","created_date","last_modified_by","last_modified_date","av_change","bw_change","approx_length_flag",shape) VALUES ('0','2','2541','8900','2025418900','165.75000000','0','0','0',NULL,NULL,NULL,NULL,'0','0','0','0105000020D708000001000000010200000002000000009F6F5E92A42E41009E22F7722D0E4180FD9EE4CCA52E4100B204500A2C0E41');
INSERT INTO "tax_lot_face" ("tax_lot_face_type","boro","block","lot","bbl","lot_face_length","source","block_face_flag","lot_face_length_error","created_by","created_date","last_modified_by","last_modified_date","av_change","bw_change","approx_length_flag",shape) VALUES ('0','2','2541','8900','2025418900','89.59000000','0','0','0',NULL,NULL,NULL,NULL,'0','0','0','0105000020D70800000100000001020000000200000000DC906040A32E4100B44C9EF0130E418052BAD5E9A22E4100109FE18B110E41');
INSERT INTO "tax_lot_face" ("tax_lot_face_type","boro","block","lot","bbl","lot_face_length","source","block_face_flag","lot_face_length_error","created_by","created_date","last_modified_by","last_modified_date","av_change","bw_change","approx_length_flag",shape) VALUES ('0','2','2541','22','2025410022','374.09000000','0','1','0',NULL,NULL,NULL,NULL,'0','0','0','0105000020D70800000100000001020000000200000080825F3D44A42E410020CB28F4110E4100351FF169A32E41001443A5AF060E41');
INSERT INTO "tax_lot_face" ("tax_lot_face_type","boro","block","lot","bbl","lot_face_length","source","block_face_flag","lot_face_length_error","created_by","created_date","last_modified_by","last_modified_date","av_change","bw_change","approx_length_flag",shape) VALUES ('0','2','2541','8900','2025418900','108.44000000','0','0','0',NULL,NULL,NULL,NULL,'0','0','0','0105000020D70800000100000001020000000200000000758F31CDA62E4100E29C48CE2C0E4180A8372F04A62E4100948041102E0E41');
INSERT INTO "tax_lot_face" ("tax_lot_face_type","boro","block","lot","bbl","lot_face_length","source","block_face_flag","lot_face_length_error","created_by","created_date","last_modified_by","last_modified_date","av_change","bw_change","approx_length_flag",shape) VALUES ('0','2','2541','4','2025410004','0.00000000','1','0','2',NULL,NULL,NULL,NULL,'0','0','0','0105000020D70800000100000001020000000800000080187AA5D2A22E4100DAE91ED70A0E4100BFF196C1A22E41009838D0210A0E4100E4BEB6B4A22E41006A9F6C88090E418083F560A8A22E4100EED22BE3080E41008061DA9DA22E4100C4A63A42080E41008FFB3795A22E4100EC891AAA070E4100ACC1DC8CA22E41007C36DEFB060E4100E1AFAA8CA22E410064285AF7060E41');
INSERT INTO "tax_lot_face" ("tax_lot_face_type","boro","block","lot","bbl","lot_face_length","source","block_face_flag","lot_face_length_error","created_by","created_date","last_modified_by","last_modified_date","av_change","bw_change","approx_length_flag",shape) VALUES ('0','2','2541','8900','2025418900','718.05000000','0','0','0',NULL,NULL,NULL,NULL,'0','0','0','0105000020D70800000100000001020000000200000080FD9EE4CCA52E4100B204500A2C0E4180CABDDA9FA32E4100BC046A2F170E41');
INSERT INTO "tax_lot_face" ("tax_lot_face_type","boro","block","lot","bbl","lot_face_length","source","block_face_flag","lot_face_length_error","created_by","created_date","last_modified_by","last_modified_date","av_change","bw_change","approx_length_flag",shape) VALUES ('0','2','2541','123','2025410123','0.00000000','1','0','2',NULL,NULL,NULL,NULL,'0','0','0','0105000020D708000001000000010200000003000000809254C09BA32E410092714F35170E4180CABDDA9FA32E4100BC046A2F170E418046B1F6D5A32E410056FFAAE1160E41');
INSERT INTO "tax_lot_face" ("tax_lot_face_type","boro","block","lot","bbl","lot_face_length","source","block_face_flag","lot_face_length_error","created_by","created_date","last_modified_by","last_modified_date","av_change","bw_change","approx_length_flag",shape) VALUES ('0','2','2541','180','2025410180','107.29000000','0','1','0',NULL,NULL,NULL,NULL,'0','0','0','0105000020D70800000100000001020000000200000080A567CDD5A42E41008C25E100190E41805EB1D98FA42E41008A8094D6150E41');
INSERT INTO "tax_lot_face" ("tax_lot_face_type","boro","block","lot","bbl","lot_face_length","source","block_face_flag","lot_face_length_error","created_by","created_date","last_modified_by","last_modified_date","av_change","bw_change","approx_length_flag",shape) VALUES ('0','2','2541','22','2025410022','51.50000000','0','1','0',NULL,NULL,NULL,NULL,'0','0','0','0105000020D708000001000000010200000002000000805F205BB4A42E4100167020A2150E4100633C9D81A42E410094BF9334140E41');
INSERT INTO "tax_lot_face" ("tax_lot_face_type","boro","block","lot","bbl","lot_face_length","source","block_face_flag","lot_face_length_error","created_by","created_date","last_modified_by","last_modified_date","av_change","bw_change","approx_length_flag",shape) VALUES ('0','2','2541','123','2025410123','113.62000000','0','0','0',NULL,NULL,NULL,NULL,'0','0','0','0105000020D70800000100000001020000000200000000DC906040A32E4100B44C9EF0130E41809254C09BA32E410092714F35170E41');
INSERT INTO "tax_lot_face" ("tax_lot_face_type","boro","block","lot","bbl","lot_face_length","source","block_face_flag","lot_face_length_error","created_by","created_date","last_modified_by","last_modified_date","av_change","bw_change","approx_length_flag",shape) VALUES ('0','2','2541','8900','2025418900','156.87000000','0','1','0',NULL,NULL,NULL,NULL,'0','0','0','0105000020D70800000100000001020000000200000080B51C3B0EA52E410018E82E47310E4180B51E4A2AA62E4100C459F3812F0E41');
INSERT INTO "tax_lot_face" ("tax_lot_face_type","boro","block","lot","bbl","lot_face_length","source","block_face_flag","lot_face_length_error","created_by","created_date","last_modified_by","last_modified_date","av_change","bw_change","approx_length_flag",shape) VALUES ('0','2','2541','8900','2025418900','524.69000000','0','1','0',NULL,NULL,NULL,NULL,'0','0','0','0105000020D7080000010000000102000000030000008094DF4AE4A12E4100D0A3DCDB050E418027868CBDA12E4100DA084CE5030E4100A931909DA02E41004E8EA54DF50D41');
INSERT INTO "tax_lot_face" ("tax_lot_face_type","boro","block","lot","bbl","lot_face_length","source","block_face_flag","lot_face_length_error","created_by","created_date","last_modified_by","last_modified_date","av_change","bw_change","approx_length_flag",shape) VALUES ('0','2','2541','122','2025410122','100.15000000','0','1','0',NULL,NULL,NULL,NULL,'0','0','0','0105000020D70800000100000001020000000400000080A4C5C1DBA12E410094B0BF2A0C0E4100EAF0B8DEA12E41000217B44E0C0E418063F5EF08A22E4100D2E424520E0E4180640BE916A22E41008E5BC7360F0E41');
INSERT INTO "tax_lot_face" ("tax_lot_face_type","boro","block","lot","bbl","lot_face_length","source","block_face_flag","lot_face_length_error","created_by","created_date","last_modified_by","last_modified_date","av_change","bw_change","approx_length_flag",shape) VALUES ('0','2','2541','8900','2025418900','0.00000000','1','1','2',NULL,NULL,NULL,NULL,'0','0','0','0105000020D70800000100000001020000000200000000A931909DA02E41004E8EA54DF50D41005AF3528FA02E4100D611F194F40D41');
INSERT INTO "tax_lot_face" ("tax_lot_face_type","boro","block","lot","bbl","lot_face_length","source","block_face_flag","lot_face_length_error","created_by","created_date","last_modified_by","last_modified_date","av_change","bw_change","approx_length_flag",shape) VALUES ('0','2','2541','8900','2025418900','49.54000000','0','0','0',NULL,NULL,NULL,NULL,'0','0','0','0105000020D70800000100000001020000000200000000EDE2DE32A22E41002C512914070E4100C6239923A22E410060402998050E41');
INSERT INTO "tax_lot_face" ("tax_lot_face_type","boro","block","lot","bbl","lot_face_length","source","block_face_flag","lot_face_length_error","created_by","created_date","last_modified_by","last_modified_date","av_change","bw_change","approx_length_flag",shape) VALUES ('0','2','2541','3','2025410003','0.00000000','1','0','2',NULL,NULL,NULL,NULL,'0','0','0','0105000020D7080000010000000102000000020000008068FCA36DA22E41005AB92EFA0A0E41802F63EB7FA22E4100E226F3ED0B0E41');
INSERT INTO "tax_lot_face" ("tax_lot_face_type","boro","block","lot","bbl","lot_face_length","source","block_face_flag","lot_face_length_error","created_by","created_date","last_modified_by","last_modified_date","av_change","bw_change","approx_length_flag",shape) VALUES ('0','2','2541','123','2025410123','9.63000000','0','0','0',NULL,NULL,NULL,NULL,'0','0','0','0105000020D70800000100000001020000000200000000E1C26232A22E4100E24DEA69070E41805F31CB2CA22E4100927E2E18070E41');
INSERT INTO "tax_lot_face" ("tax_lot_face_type","boro","block","lot","bbl","lot_face_length","source","block_face_flag","lot_face_length_error","created_by","created_date","last_modified_by","last_modified_date","av_change","bw_change","approx_length_flag",shape) VALUES ('0','2','2541','180','2025410180','115.85000000','0','0','0',NULL,NULL,NULL,NULL,'0','0','0','0105000020D70800000100000001020000000200000000B58842B9A32E410058C62C39120E4100FB32324EA32E41001A3384010F0E41');
INSERT INTO "tax_lot_face" ("tax_lot_face_type","boro","block","lot","bbl","lot_face_length","source","block_face_flag","lot_face_length_error","created_by","created_date","last_modified_by","last_modified_date","av_change","bw_change","approx_length_flag",shape) VALUES ('0','2','2541','3','2025410003','0.00000000','1','0','2',NULL,NULL,NULL,NULL,'0','0','0','0105000020D708000001000000010200000002000000802F63EB7FA22E4100E226F3ED0B0E4180FB5BE3E9A22E41008E38B4C60B0E41');
INSERT INTO "tax_lot_face" ("tax_lot_face_type","boro","block","lot","bbl","lot_face_length","source","block_face_flag","lot_face_length_error","created_by","created_date","last_modified_by","last_modified_date","av_change","bw_change","approx_length_flag",shape) VALUES ('0','2','2541','8900','2025418900','3.00000000','0','0','0',NULL,NULL,NULL,NULL,'0','0','0','0105000020D70800000100000001020000000200000080A4C5C1DBA12E410094B0BF2A0C0E418016FA08E2A12E4100749F6C280C0E41');
INSERT INTO "tax_lot_face" ("tax_lot_face_type","boro","block","lot","bbl","lot_face_length","source","block_face_flag","lot_face_length_error","created_by","created_date","last_modified_by","last_modified_date","av_change","bw_change","approx_length_flag",shape) VALUES ('0','2','2541','22','2025410022','271.35000000','0','0','0',NULL,NULL,NULL,NULL,'0','0','0','0105000020D70800000100000001020000000E00000000ACC1DC8CA22E41007C36DEFB060E41008FFB3795A22E4100EC891AAA070E41008061DA9DA22E4100C4A63A42080E418083F560A8A22E4100EED22BE3080E4100E4BEB6B4A22E41006A9F6C88090E4100BFF196C1A22E41009838D0210A0E4180187AA5D2A22E4100DAE91ED70A0E4180FB5BE3E9A22E41008E38B4C60B0E4180598C9BF8A22E41004840D5460C0E41003F98F508A32E41002A703BD20C0E41805A895A18A32E4100A6D9C5520D0E4100A53AFE29A32E410006EE02E30D0E4100F93DCB39A32E4100D87394610E0E4100FB32324EA32E41001A3384010F0E41');
INSERT INTO "tax_lot_face" ("tax_lot_face_type","boro","block","lot","bbl","lot_face_length","source","block_face_flag","lot_face_length_error","created_by","created_date","last_modified_by","last_modified_date","av_change","bw_change","approx_length_flag",shape) VALUES ('0','2','2541','22','2025410022','0.53000000','0','0','0',NULL,NULL,NULL,NULL,'0','0','0','0105000020D70800000100000001020000000200000000E1AFAA8CA22E410064285AF7060E4100ACC1DC8CA22E41007C36DEFB060E41');
INSERT INTO "tax_lot_face" ("tax_lot_face_type","boro","block","lot","bbl","lot_face_length","source","block_face_flag","lot_face_length_error","created_by","created_date","last_modified_by","last_modified_date","av_change","bw_change","approx_length_flag",shape) VALUES ('0','2','2541','159','2025410159','104.26000000','0','0','0',NULL,NULL,NULL,NULL,'0','0','0','0105000020D708000001000000010200000002000000808A03C9E1A22E41003AD8422E1C0E418038B723B2A32E410040FBFFB61A0E41');
INSERT INTO "tax_lot_face" ("tax_lot_face_type","boro","block","lot","bbl","lot_face_length","source","block_face_flag","lot_face_length_error","created_by","created_date","last_modified_by","last_modified_date","av_change","bw_change","approx_length_flag",shape) VALUES ('0','2','2541','8900','2025418900','0.00000000','1','1','2',NULL,NULL,NULL,NULL,'0','0','0','0105000020D708000001000000010200000003000000005AF3528FA02E4100D611F194F40D410009A43386A02E41000A7CAF9FF40D4100AD6914789F2E41003C87D5DDF50D41');
INSERT INTO "tax_lot_face" ("tax_lot_face_type","boro","block","lot","bbl","lot_face_length","source","block_face_flag","lot_face_length_error","created_by","created_date","last_modified_by","last_modified_date","av_change","bw_change","approx_length_flag",shape) VALUES ('0','2','2541','123','2025410123','136.40000000','0','0','0',NULL,NULL,NULL,NULL,'0','0','0','0105000020D7080000010000000102000000020000008046B1F6D5A32E410056FFAAE1160E4180754CF760A32E41000ACF2A11130E41');
INSERT INTO "tax_lot_face" ("tax_lot_face_type","boro","block","lot","bbl","lot_face_length","source","block_face_flag","lot_face_length_error","created_by","created_date","last_modified_by","last_modified_date","av_change","bw_change","approx_length_flag",shape) VALUES ('0','2','2541','4','2025410004','80.30000000','0','1','0',NULL,NULL,NULL,NULL,'0','0','0','0105000020D70800000100000001020000000200000000351FF169A32E41001443A5AF060E41002AD4B439A32E41005EE76748040E41');
INSERT INTO "tax_lot_face" ("tax_lot_face_type","boro","block","lot","bbl","lot_face_length","source","block_face_flag","lot_face_length_error","created_by","created_date","last_modified_by","last_modified_date","av_change","bw_change","approx_length_flag",shape) VALUES ('0','2','2541','180','2025410180','143.76000000','0','0','0',NULL,NULL,NULL,NULL,'0','0','0','0105000020D70800000100000001020000000200000080EFB3E437A42E4100E4BDF454160E4100B58842B9A32E410058C62C39120E41');
INSERT INTO "tax_lot_face" ("tax_lot_face_type","boro","block","lot","bbl","lot_face_length","source","block_face_flag","lot_face_length_error","created_by","created_date","last_modified_by","last_modified_date","av_change","bw_change","approx_length_flag",shape) VALUES ('0','2','2541','4','2025410004','49.54000000','0','0','0',NULL,NULL,NULL,NULL,'0','0','0','0105000020D70800000100000001020000000200000000C6239923A22E410060402998050E4100EDE2DE32A22E41002C512914070E41');
INSERT INTO "tax_lot_face" ("tax_lot_face_type","boro","block","lot","bbl","lot_face_length","source","block_face_flag","lot_face_length_error","created_by","created_date","last_modified_by","last_modified_date","av_change","bw_change","approx_length_flag",shape) VALUES ('0','2','2541','22','2025410022','19.10000000','0','1','0',NULL,NULL,NULL,NULL,'0','0','0','0105000020D708000001000000010200000002000000805EB1D98FA42E41008A8094D6150E41805F205BB4A42E4100167020A2150E41');
INSERT INTO "tax_lot_face" ("tax_lot_face_type","boro","block","lot","bbl","lot_face_length","source","block_face_flag","lot_face_length_error","created_by","created_date","last_modified_by","last_modified_date","av_change","bw_change","approx_length_flag",shape) VALUES ('0','2','2541','8900','2025418900','143.67000000','0','1','0',NULL,NULL,NULL,NULL,'0','0','0','0105000020D708000001000000010200000002000000009F6F5E92A42E41009E22F7722D0E4180B51C3B0EA52E410018E82E47310E41');
INSERT INTO "tax_lot_face" ("tax_lot_face_type","boro","block","lot","bbl","lot_face_length","source","block_face_flag","lot_face_length_error","created_by","created_date","last_modified_by","last_modified_date","av_change","bw_change","approx_length_flag",shape) VALUES ('0','2','2541','123','2025410123','126.99000000','0','0','0',NULL,NULL,NULL,NULL,'0','0','0','0105000020D70800000100000001020000000200000000018F50F9A12E41006477EDF0070E4100C2B5BB45A22E41003C1796DD0B0E41');
INSERT INTO "tax_lot_face" ("tax_lot_face_type","boro","block","lot","bbl","lot_face_length","source","block_face_flag","lot_face_length_error","created_by","created_date","last_modified_by","last_modified_date","av_change","bw_change","approx_length_flag",shape) VALUES ('0','2','2541','122','2025410122','86.22000000','0','0','0',NULL,NULL,NULL,NULL,'0','0','0','0105000020D7080000010000000102000000020000008050A547A9A22E4100F4A5B391180E4180A2DFD859A32E4100AAF20094170E41');
INSERT INTO "tax_lot_face" ("tax_lot_face_type","boro","block","lot","bbl","lot_face_length","source","block_face_flag","lot_face_length_error","created_by","created_date","last_modified_by","last_modified_date","av_change","bw_change","approx_length_flag",shape) VALUES ('0','2','2541','123','2025410123','32.97000000','0','0','0',NULL,NULL,NULL,NULL,'0','0','0','0105000020D708000001000000010200000002000000805F31CB2CA22E4100927E2E18070E4180ABEC63EBA12E4100A24EAC31070E41');
INSERT INTO "tax_lot_face" ("tax_lot_face_type","boro","block","lot","bbl","lot_face_length","source","block_face_flag","lot_face_length_error","created_by","created_date","last_modified_by","last_modified_date","av_change","bw_change","approx_length_flag",shape) VALUES ('0','2','2541','8900','2025418900','0.00000000','1','0','2',NULL,NULL,NULL,NULL,'0','0','0','0105000020D70800000100000001020000000200000080A8372F04A62E4100948041102E0E4180B51E4A2AA62E4100C459F3812F0E41');
INSERT INTO "tax_lot_face" ("tax_lot_face_type","boro","block","lot","bbl","lot_face_length","source","block_face_flag","lot_face_length_error","created_by","created_date","last_modified_by","last_modified_date","av_change","bw_change","approx_length_flag",shape) VALUES ('0','2','2541','8900','2025418900','107.44000000','0','1','0',NULL,NULL,NULL,NULL,'0','0','0','0105000020D70800000100000001020000000200000080B51E4A2AA62E4100C459F3812F0E4100BEBF06F2A62E4100E05E42432E0E41');
INSERT INTO "tax_lot_face" ("tax_lot_face_type","boro","block","lot","bbl","lot_face_length","source","block_face_flag","lot_face_length_error","created_by","created_date","last_modified_by","last_modified_date","av_change","bw_change","approx_length_flag",shape) VALUES ('0','2','2541','8900','2025418900','186.73000000','0','0','0',NULL,NULL,NULL,NULL,'0','0','0','0105000020D70800000100000001020000000700000000C61D17F3A12E410068A76FB70C0E41801CF3E20AA22E410050CED9800D0E41805F4D462BA22E4100683A36A00E0E410097F20242A22E4100C8F2A9610F0E4100409A9262A22E410030BD3162100E4100D72B0D82A22E41001A531D50110E41006A694F9FA22E410088302425120E41');
INSERT INTO "tax_lot_face" ("tax_lot_face_type","boro","block","lot","bbl","lot_face_length","source","block_face_flag","lot_face_length_error","created_by","created_date","last_modified_by","last_modified_date","av_change","bw_change","approx_length_flag",shape) VALUES ('0','2','2541','22','2025410022','78.50000000','0','1','0',NULL,NULL,NULL,NULL,'0','0','0','0105000020D70800000100000001020000000200000000633C9D81A42E410094BF9334140E4180825F3D44A42E410020CB28F4110E41');
INSERT INTO "tax_lot_face" ("tax_lot_face_type","boro","block","lot","bbl","lot_face_length","source","block_face_flag","lot_face_length_error","created_by","created_date","last_modified_by","last_modified_date","av_change","bw_change","approx_length_flag",shape) VALUES ('0','2','2541','159','2025410159','2.10000000','0','0','0',NULL,NULL,NULL,NULL,'0','0','0','0105000020D708000001000000010200000002000000009F31AD5BA32E4100427BB8A2170E4180A2DFD859A32E4100AAF20094170E41');
INSERT INTO "tax_lot_face" ("tax_lot_face_type","boro","block","lot","bbl","lot_face_length","source","block_face_flag","lot_face_length_error","created_by","created_date","last_modified_by","last_modified_date","av_change","bw_change","approx_length_flag",shape) VALUES ('0','2','2541','180','2025410180','0.00000000','1','0','2',NULL,NULL,NULL,NULL,'0','0','0','0105000020D70800000100000001020000000700000000FB32324EA32E41001A3384010F0E4100F93DCB39A32E4100D87394610E0E4100A53AFE29A32E410006EE02E30D0E41805A895A18A32E4100A6D9C5520D0E41003F98F508A32E41002A703BD20C0E4180598C9BF8A22E41004840D5460C0E4180FB5BE3E9A22E41008E38B4C60B0E41');
INSERT INTO "tax_lot_face" ("tax_lot_face_type","boro","block","lot","bbl","lot_face_length","source","block_face_flag","lot_face_length_error","created_by","created_date","last_modified_by","last_modified_date","av_change","bw_change","approx_length_flag",shape) VALUES ('0','2','2541','8900','2025418900','178.11000000','0','0','0',NULL,NULL,NULL,NULL,'0','0','0','0105000020D7080000010000000102000000060000008052BAD5E9A22E4100109FE18B110E4100422424C0A22E4100969E1D4E100E41802D01D9A1A22E410036CD36550F0E41809D25A982A22E410028BAF0410E0E4180E0B2EB6CA22E41006C688C740D0E41806084D152A22E410010355A6C0C0E41');
INSERT INTO "tax_lot_face" ("tax_lot_face_type","boro","block","lot","bbl","lot_face_length","source","block_face_flag","lot_face_length_error","created_by","created_date","last_modified_by","last_modified_date","av_change","bw_change","approx_length_flag",shape) VALUES ('0','2','2541','122','2025410122','89.58000000','0','0','0',NULL,NULL,NULL,NULL,'0','0','0','0105000020D70800000100000001020000000200000000EC8D3BFBA22E4100C6390296140E41006A694F9FA22E410088302425120E41');
INSERT INTO "tax_lot_face" ("tax_lot_face_type","boro","block","lot","bbl","lot_face_length","source","block_face_flag","lot_face_length_error","created_by","created_date","last_modified_by","last_modified_date","av_change","bw_change","approx_length_flag",shape) VALUES ('0','2','2541','8900','2025418900','644.19000000','0','1','0',NULL,NULL,NULL,NULL,'0','0','0','0105000020D70800000100000001020000000700000000AD6914789F2E41003C87D5DDF50D41809F69F85CA02E4100C2179126FE0D41004375E2A8A02E4100163DCDC7000E41003854FBF2A02E410086BFAE44030E4180F5909846A12E4100AECAB807060E41807DFBE268A12E41002E283F47070E4180F4BCC38BA12E410086ABA89F080E41');
INSERT INTO "tax_lot_face" ("tax_lot_face_type","boro","block","lot","bbl","lot_face_length","source","block_face_flag","lot_face_length_error","created_by","created_date","last_modified_by","last_modified_date","av_change","bw_change","approx_length_flag",shape) VALUES ('0','2','2541','4','2025410004','0.00000000','1','0','2',NULL,NULL,NULL,NULL,'0','0','0','0105000020D708000001000000010200000003000000805F31CB2CA22E4100927E2E18070E4100E1C26232A22E4100E24DEA69070E418068FCA36DA22E41005AB92EFA0A0E41');
INSERT INTO "tax_lot_face" ("tax_lot_face_type","boro","block","lot","bbl","lot_face_length","source","block_face_flag","lot_face_length_error","created_by","created_date","last_modified_by","last_modified_date","av_change","bw_change","approx_length_flag",shape) VALUES ('0','2','2541','8900','2025418900','89.58000000','0','0','0',NULL,NULL,NULL,NULL,'0','0','0','0105000020D708000001000000010200000002000000006A694F9FA22E410088302425120E4100EC8D3BFBA22E4100C6390296140E41');
INSERT INTO "tax_lot_face" ("tax_lot_face_type","boro","block","lot","bbl","lot_face_length","source","block_face_flag","lot_face_length_error","created_by","created_date","last_modified_by","last_modified_date","av_change","bw_change","approx_length_flag",shape) VALUES ('0','2','2541','123','2025410123','89.59000000','0','0','0',NULL,NULL,NULL,NULL,'0','0','0','0105000020D7080000010000000102000000020000008052BAD5E9A22E4100109FE18B110E4100DC906040A32E4100B44C9EF0130E41');
INSERT INTO "tax_lot_face" ("tax_lot_face_type","boro","block","lot","bbl","lot_face_length","source","block_face_flag","lot_face_length_error","created_by","created_date","last_modified_by","last_modified_date","av_change","bw_change","approx_length_flag",shape) VALUES ('0','2','2541','8900','2025418900','22.76000000','0','0','0',NULL,NULL,NULL,NULL,'0','0','0','0105000020D70800000100000001020000000200000000018F50F9A12E41006477EDF0070E4180ABEC63EBA12E4100A24EAC31070E41');
-- Bronx block 2541 lot_face_point
INSERT INTO "lot_face_point" ("tax_lot_face_type","bbl","length","approx_length_flag","angle","delta_x","delta_y","boro","block","lot",shape) VALUES ('0','2025410003','0.00000000','0','185.28983723','-52.98432004','4.90572801','2','2541','3','0101000020D708000067955FE7B4A22E41FEB7AF53DA0B0E41');
INSERT INTO "lot_face_point" ("tax_lot_face_type","bbl","length","approx_length_flag","angle","delta_x","delta_y","boro","block","lot",shape) VALUES ('0','2025410003','0.00000000','0','-68.79195560','11.62086400','29.94790402','2','2541','3','0101000020D7080000E4096B44DEA22E41FF3391E94E0B0E41');
INSERT INTO "lot_face_point" ("tax_lot_face_type","bbl","length","approx_length_flag","angle","delta_x","delta_y","boro","block","lot",shape) VALUES ('0','2025410003','0.00000000','0','4.95978955','50.50291204','-4.38271999','2','2541','3','0101000020D70800008840BB24A0A22E41FF99D1A6E80A0E41');
INSERT INTO "lot_face_point" ("tax_lot_face_type","bbl","length","approx_length_flag","angle","delta_x","delta_y","boro","block","lot",shape) VALUES ('0','2025410003','0.00000000','0','106.69610865','-9.13945600','-30.47091204','2','2541','3','0101000020D70800000BCCAFC776A22E41001EF010740B0E41');
INSERT INTO "lot_face_point" ("tax_lot_face_type","bbl","length","approx_length_flag","angle","delta_x","delta_y","boro","block","lot",shape) VALUES ('0','2025410004','0.00000000','0','184.95978955','-50.50291204','4.38271999','2','2541','4','0101000020D70800008840BB24A0A22E41FF99D1A6E80A0E41');
INSERT INTO "lot_face_point" ("tax_lot_face_type","bbl","length","approx_length_flag","angle","delta_x","delta_y","boro","block","lot",shape) VALUES ('0','2025410004','80.30000000','0','-72.58832796','24.11776003','76.90496008','2','2541','4','0101000020D708000084AFF9D251A32E41FF3895067C050E41');
INSERT INTO "lot_face_point" ("tax_lot_face_type","bbl","length","approx_length_flag","angle","delta_x","delta_y","boro","block","lot",shape) VALUES ('0','2025410004','0.00000000','0','-74.23871301','34.98982404','123.97107212','2','2541','4','0101000020D7080000F29A5739A9A22E41DF5EB47EEE080E41');
INSERT INTO "lot_face_point" ("tax_lot_face_type","bbl","length","approx_length_flag","angle","delta_x","delta_y","boro","block","lot",shape) VALUES ('0','2025410004','0.00000000','0','9.39107146','3.03846399','-0.50252800','2','2541','4','0101000020D70800004A260AD52FA22E41FEDEE72B16070E41');
INSERT INTO "lot_face_point" ("tax_lot_face_type","bbl","length","approx_length_flag","angle","delta_x","delta_y","boro","block","lot",shape) VALUES ('0','2025410004','101.13000000','0','184.63171505','-110.63756812','8.96332800','2','2541','4','0101000020D7080000148BE74DFBA22E41FEBBB57FD3060E41');
INSERT INTO "lot_face_point" ("tax_lot_face_type","bbl","length","approx_length_flag","angle","delta_x","delta_y","boro","block","lot",shape) VALUES ('0','2025410004','0.00000000','0','104.62534308','-32.42342404','-124.25011212','2','2541','4','0101000020D7080000A52B7D594DA22E41B5E5700A09090E41');
INSERT INTO "lot_face_point" ("tax_lot_face_type","bbl","length","approx_length_flag","angle","delta_x","delta_y","boro","block","lot",shape) VALUES ('0','2025410004','49.54000000','0','99.13286950','-7.63622400','-47.50003204','2','2541','4','0101000020D7080000A759033C2BA22E41FEC5482956060E41');
INSERT INTO "lot_face_point" ("tax_lot_face_type","bbl","length","approx_length_flag","angle","delta_x","delta_y","boro","block","lot",shape) VALUES ('0','2025410004','142.00000000','0','16.79490430','139.05408013','-41.96940805','2','2541','4','0101000020D708000009F8FBA6AEA22E41FFDE9348F0040E41');
INSERT INTO "lot_face_point" ("tax_lot_face_type","bbl","length","approx_length_flag","angle","delta_x","delta_y","boro","block","lot",shape) VALUES ('0','2025410022','374.09000000','0','-73.15804272','109.14892809','360.56422433','2','2541','22','0101000020D7080000B65B3F17D7A32E41001A07E7510C0E41');
INSERT INTO "lot_face_point" ("tax_lot_face_type","bbl","length","approx_length_flag","angle","delta_x","delta_y","boro","block","lot",shape) VALUES ('0','2025410022','25.01000000','0','199.75843888','-21.39136001','7.68384001','2','2541','22','0101000020D70800001B3381757AA42E410018C150F5150E41');
INSERT INTO "lot_face_point" ("tax_lot_face_type","bbl","length","approx_length_flag","angle","delta_x","delta_y","boro","block","lot",shape) VALUES ('0','2025410022','271.35000000','0','110.63468944','-96.66688010','-256.70604824','2','2541','22','0101000020D7080000A342D05AD9A22E4154EAC5451C0B0E41');
INSERT INTO "lot_face_point" ("tax_lot_face_type","bbl","length","approx_length_flag","angle","delta_x","delta_y","boro","block","lot",shape) VALUES ('0','2025410022','143.76000000','0','115.71529374','-63.31673606','-131.47264013','2','2541','22','0101000020D70800003B529E93F8A32E41FE1DC21047140E41');
INSERT INTO "lot_face_point" ("tax_lot_face_type","bbl","length","approx_length_flag","angle","delta_x","delta_y","boro","block","lot",shape) VALUES ('0','2025410022','78.50000000','0','-66.93071735','30.68723203','72.05222407','2','2541','22','0101000020D7080000A7F24DED62A42E41005A455E14130E41');
INSERT INTO "lot_face_point" ("tax_lot_face_type","bbl","length","approx_length_flag","angle","delta_x","delta_y","boro","block","lot",shape) VALUES ('0','2025410022','0.53000000','0','99.82851842','-0.09779200','-0.56448001','2','2541','22','0101000020D708000086C6B8C38CA22E41FF6F2F9CF9060E41');
INSERT INTO "lot_face_point" ("tax_lot_face_type","bbl","length","approx_length_flag","angle","delta_x","delta_y","boro","block","lot",shape) VALUES ('0','2025410022','19.10000000','0','199.75902849','-18.25280002','6.55667201','2','2541','22','0101000020D7080000E7DE681AA2A42E41FD4F785ABC150E41');
INSERT INTO "lot_face_point" ("tax_lot_face_type","bbl","length","approx_length_flag","angle","delta_x","delta_y","boro","block","lot",shape) VALUES ('0','2025410022','101.13000000','0','4.63171505','110.63756812','-8.96332800','2','2541','22','0101000020D7080000148BE74DFBA22E41FEBBB57FD3060E41');
INSERT INTO "lot_face_point" ("tax_lot_face_type","bbl","length","approx_length_flag","angle","delta_x","delta_y","boro","block","lot",shape) VALUES ('0','2025410022','51.50000000','0','-60.95929772','25.37088002','45.69369604','2','2541','22','0101000020D70800003C612EFC9AA42E4100D5175AEB140E41');
INSERT INTO "lot_face_point" ("tax_lot_face_type","bbl","length","approx_length_flag","angle","delta_x","delta_y","boro","block","lot",shape) VALUES ('0','2025410022','25.71000000','0','199.75795743','-22.58713603','8.11315201','2','2541','22','0101000020D70800005A7B027B4EA42E4100C5DF8034160E41');
INSERT INTO "lot_face_point" ("tax_lot_face_type","bbl","length","approx_length_flag","angle","delta_x","delta_y","boro","block","lot",shape) VALUES ('0','2025410022','115.85000000','0','117.47184783','-53.53190404','-102.95731209','2','2541','22','0101000020D7080000F7D75DBA83A32E4101B97C589D100E41');
INSERT INTO "lot_face_point" ("tax_lot_face_type","bbl","length","approx_length_flag","angle","delta_x","delta_y","boro","block","lot",shape) VALUES ('0','2025410122','3.00000000','0','5.28836543','3.13907200','-0.29056001','2','2541','122','0101000020D70800008BDD5FE5DEA12E41FE032896290C0E41');
INSERT INTO "lot_face_point" ("tax_lot_face_type","bbl","length","approx_length_flag","angle","delta_x","delta_y","boro","block","lot",shape) VALUES ('0','2025410122','300.61000000','0','103.73745393','-73.18476808','-299.36537628','2','2541','122','0101000020D70800005F5A581860A22E41FFC0803DE4130E41');
INSERT INTO "lot_face_point" ("tax_lot_face_type","bbl","length","approx_length_flag","angle","delta_x","delta_y","boro","block","lot",shape) VALUES ('0','2025410122','89.58000000','0','-59.52623275','45.96121603','78.10841607','2','2541','122','0101000020D70800001CAB7B45CDA22E41002735935D130E41');
INSERT INTO "lot_face_point" ("tax_lot_face_type","bbl","length","approx_length_flag","angle","delta_x","delta_y","boro","block","lot",shape) VALUES ('0','2025410122','100.15000000','0','106.87460536','-29.57670403','-97.50374408','2','2541','122','0101000020D7080000C4721184FBA12E414DA5F344AE0D0E41');
INSERT INTO "lot_face_point" ("tax_lot_face_type","bbl","length","approx_length_flag","angle","delta_x","delta_y","boro","block","lot",shape) VALUES ('0','2025410122','106.22000000','0','-63.70722635','47.30726404','95.74937609','2','2541','122','0101000020D708000067C7368A2AA32E41FD37960115160E41');
INSERT INTO "lot_face_point" ("tax_lot_face_type","bbl","length","approx_length_flag","angle","delta_x","delta_y","boro","block","lot",shape) VALUES ('0','2025410122','19.91000000','0','-64.49746097','8.52761601','17.87648001','2','2541','122','0101000020D708000020EE0B90EAA12E41FD6D23EE6F0C0E41');
INSERT INTO "lot_face_point" ("tax_lot_face_type","bbl","length","approx_length_flag","angle","delta_x","delta_y","boro","block","lot",shape) VALUES ('0','2025410122','86.22000000','0','199.75873068','-88.28364807','31.71225603','2','2541','122','0101000020D70800007779429001A32E41004F4CDA12180E41');
INSERT INTO "lot_face_point" ("tax_lot_face_type","bbl","length","approx_length_flag","angle","delta_x","delta_y","boro","block","lot",shape) VALUES ('0','2025410122','186.73000000','0','-63.63229441','86.10995209','173.71315217','2','2541','122','0101000020D7080000B40718BD44A22E419FDD3C26770F0E41');
INSERT INTO "lot_face_point" ("tax_lot_face_type","bbl","length","approx_length_flag","angle","delta_x","delta_y","boro","block","lot",shape) VALUES ('0','2025410123','19.91000000','0','110.13388835','-6.54259200','-17.84576002','2','2541','123','0101000020D708000048119D464CA22E41FD2526F8240C0E41');
INSERT INTO "lot_face_point" ("tax_lot_face_type","bbl","length","approx_length_flag","angle","delta_x","delta_y","boro","block","lot",shape) VALUES ('0','2025410123','32.97000000','0','5.56529479','32.70169604','-3.18643200','2','2541','123','0101000020D70800006C058F170CA22E41019A66ED24070E41');
INSERT INTO "lot_face_point" ("tax_lot_face_type","bbl","length","approx_length_flag","angle","delta_x","delta_y","boro","block","lot",shape) VALUES ('0','2025410123','9.63000000','0','-74.69447966','2.79603200','10.21670401','2','2541','123','0101000020D70800004220FA962FA22E41003A660C41070E41');
INSERT INTO "lot_face_point" ("tax_lot_face_type","bbl","length","approx_length_flag","angle","delta_x","delta_y","boro","block","lot",shape) VALUES ('0','2025410123','126.99000000','0','106.92273980','-38.20928004','-125.58233613','2','2541','123','0101000020D7080000AA6122861FA22E41FD4FC741E7090E41');
INSERT INTO "lot_face_point" ("tax_lot_face_type","bbl","length","approx_length_flag","angle","delta_x","delta_y","boro","block","lot",shape) VALUES ('0','2025410123','89.59000000','0','119.46452917','-43.27116804','-76.59212807','2','2541','123','0101000020D70800003E97251B15A32E4100E2F53FBE120E41');
INSERT INTO "lot_face_point" ("tax_lot_face_type","bbl","length","approx_length_flag","angle","delta_x","delta_y","boro","block","lot",shape) VALUES ('0','2025410123','113.62000000','0','113.59738857','-45.68704005','-104.58649610','2','2541','123','0101000020D70800002DB772106EA32E41FF22DFF692150E41');
INSERT INTO "lot_face_point" ("tax_lot_face_type","bbl","length","approx_length_flag","angle","delta_x","delta_y","boro","block","lot",shape) VALUES ('0','2025410123','0.00000000','0','199.75891173','-29.10617602','10.45529601','2','2541','123','0101000020D7080000B55B81DBB8A32E419703277D0B170E41');
INSERT INTO "lot_face_point" ("tax_lot_face_type","bbl","length","approx_length_flag","angle","delta_x","delta_y","boro","block","lot",shape) VALUES ('0','2025410123','136.40000000','0','-64.39380780','58.49881604','122.06259212','2','2541','123','0101000020D7080000ECDDFE769BA32E41FE2FE76AF9140E41');
INSERT INTO "lot_face_point" ("tax_lot_face_type","bbl","length","approx_length_flag","angle","delta_x","delta_y","boro","block","lot",shape) VALUES ('0','2025410123','178.11000000','0','114.72991629','-75.50822407','-163.94112015','2','2541','123','0101000020D7080000333674E398A22E4179109E22060F0E41');
INSERT INTO "lot_face_point" ("tax_lot_face_type","bbl","length","approx_length_flag","angle","delta_x","delta_y","boro","block","lot",shape) VALUES ('0','2025410123','22.76000000','0','106.23668920','-6.96217601','-23.90681602','2','2541','123','0101000020D70800004FD63D5AF2A12E410003E34C91070E41');
INSERT INTO "lot_face_point" ("tax_lot_face_type","bbl","length","approx_length_flag","angle","delta_x","delta_y","boro","block","lot",shape) VALUES ('0','2025410123','281.00000000','0','-70.29924819','96.84633610','270.47014426','2','2541','123','0101000020D7080000AE3849CF7CA22E4148F45A7AC40B0E41');
INSERT INTO "lot_face_point" ("tax_lot_face_type","bbl","length","approx_length_flag","angle","delta_x","delta_y","boro","block","lot",shape) VALUES ('0','2025410123','115.85000000','0','-62.00985502','54.44377606','102.43635209','2','2541','123','0101000020D7080000A926B1852AA32E41FFF4FB6B77110E41');
INSERT INTO "lot_face_point" ("tax_lot_face_type","bbl","length","approx_length_flag","angle","delta_x","delta_y","boro","block","lot",shape) VALUES ('0','2025410132','71.29000000','0','103.73754324','-15.98259202','-65.37702407','2','2541','132','0101000020D708000008B18EC4F1A22E41FED2EAC4331D0E41');
INSERT INTO "lot_face_point" ("tax_lot_face_type","bbl","length","approx_length_flag","angle","delta_x","delta_y","boro","block","lot",shape) VALUES ('0','2025410132','128.93000000','0','196.56040611','-131.94009613','39.23379204','2','2541','132','0101000020D708000017F759B8DEA42E41FFCF3FBF1D2B0E41');
INSERT INTO "lot_face_point" ("tax_lot_face_type","bbl","length","approx_length_flag","angle","delta_x","delta_y","boro","block","lot",shape) VALUES ('0','2025410132','104.26000000','0','24.24051812','104.17715210','-46.90764804','2','2541','132','0101000020D708000085615DF649A32E4100BD69A1721B0E41');
INSERT INTO "lot_face_point" ("tax_lot_face_type","bbl","length","approx_length_flag","angle","delta_x","delta_y","boro","block","lot",shape) VALUES ('0','2025410132','548.38000000','0','-66.82683130','216.26035221','505.22649647','2','2541','132','0101000020D7080000A9A95D668AA42E41FEF0E9E79B220E41');
INSERT INTO "lot_face_point" ("tax_lot_face_type","bbl","length","approx_length_flag","angle","delta_x","delta_y","boro","block","lot",shape) VALUES ('0','2025410132','360.85000000','0','110.18887511','-124.33766411','-338.14246431','2','2541','132','0101000020D7080000E075892E6AA32E4162B3307B9F230E41');
INSERT INTO "lot_face_point" ("tax_lot_face_type","bbl","length","approx_length_flag","angle","delta_x","delta_y","boro","block","lot",shape) VALUES ('0','2025410132','105.00000000','0','117.12797866','-48.17715205','-94.03315209','2','2541','132','0101000020D708000028D116262BA42E41AF577A6C412A0E41');
INSERT INTO "lot_face_point" ("tax_lot_face_type","bbl","length","approx_length_flag","angle","delta_x","delta_y","boro","block","lot",shape) VALUES ('0','2025410159','104.26000000','0','204.24051812','-104.17715210','46.90764804','2','2541','159','0101000020D708000085615DF649A32E4100BD69A1721B0E41');
INSERT INTO "lot_face_point" ("tax_lot_face_type","bbl","length","approx_length_flag","angle","delta_x","delta_y","boro","block","lot",shape) VALUES ('0','2025410159','86.22000000','0','19.75873068','88.28364807','-31.71225603','2','2541','159','0101000020D70800007779429001A32E41004F4CDA12180E41');
INSERT INTO "lot_face_point" ("tax_lot_face_type","bbl","length","approx_length_flag","angle","delta_x","delta_y","boro","block","lot",shape) VALUES ('0','2025410159','105.13000000','0','-66.31087986','43.23148803','98.53491209','2','2541','159','0101000020D7080000B86B74E886A32E41FE403BDC2C190E41');
INSERT INTO "lot_face_point" ("tax_lot_face_type","bbl","length","approx_length_flag","angle","delta_x","delta_y","boro","block","lot",shape) VALUES ('0','2025410159','2.10000000','0','-63.56266266','0.91468801','1.83961600','2','2541','159','0101000020D7080000B8A008C35AA32E4101F6B65C9B170E41');
INSERT INTO "lot_face_point" ("tax_lot_face_type","bbl","length","approx_length_flag","angle","delta_x","delta_y","boro","block","lot",shape) VALUES ('0','2025410159','113.47000000','0','103.73731953','-28.25267202','-115.56992011','2','2541','159','0101000020D70800006B6D5488C5A22E41FD163FFB5F1A0E41');
INSERT INTO "lot_face_point" ("tax_lot_face_type","bbl","length","approx_length_flag","angle","delta_x","delta_y","boro","block","lot",shape) VALUES ('0','2025410180','0.00000000','0','114.75316889','-58.07948805','-125.96582411','2','2541','180','0101000020D70800008B1304EAB5A22E415841DF54ED0D0E41');
INSERT INTO "lot_face_point" ("tax_lot_face_type","bbl","length","approx_length_flag","angle","delta_x","delta_y","boro","block","lot",shape) VALUES ('0','2025410180','25.01000000','0','19.75843888','21.39136001','-7.68384001','2','2541','180','0101000020D70800001B3381757AA42E410018C150F5150E41');
INSERT INTO "lot_face_point" ("tax_lot_face_type","bbl","length","approx_length_flag","angle","delta_x","delta_y","boro","block","lot",shape) VALUES ('0','2025410180','108.44000000','0','201.82337273','-100.50457610','40.24652804','2','2541','180','0101000020D70800009B8E63B068A62E4100BB0E456F2D0E41');
INSERT INTO "lot_face_point" ("tax_lot_face_type","bbl","length","approx_length_flag","angle","delta_x","delta_y","boro","block","lot",shape) VALUES ('0','2025410180','136.40000000','0','115.60619220','-58.49881604','-122.06259212','2','2541','180','0101000020D7080000ECDDFE769BA32E41FE2FE76AF9140E41');
INSERT INTO "lot_face_point" ("tax_lot_face_type","bbl","length","approx_length_flag","angle","delta_x","delta_y","boro","block","lot",shape) VALUES ('0','2025410180','786.85000000','0','112.69458774','-306.16499227','-732.10521668','2','2541','180','0101000020D70800006056CD7CD1A42E41B1F7B7BBA0220E41');
INSERT INTO "lot_face_point" ("tax_lot_face_type","bbl","length","approx_length_flag","angle","delta_x","delta_y","boro","block","lot",shape) VALUES ('0','2025410180','0.00000000','0','-64.11383356','50.15398405','103.35155210','2','2541','180','0101000020D7080000C9DA53C61AA32E4105D2EA91660D0E41');
INSERT INTO "lot_face_point" ("tax_lot_face_type","bbl","length","approx_length_flag","angle","delta_x","delta_y","boro","block","lot",shape) VALUES ('0','2025410180','107.29000000','0','-70.94947250','34.97600004','101.28742410','2','2541','180','0101000020D7080000D9818CD3B2A42E41FF0AD3BA6B170E41');
INSERT INTO "lot_face_point" ("tax_lot_face_type","bbl","length","approx_length_flag","angle","delta_x","delta_y","boro","block","lot",shape) VALUES ('0','2025410180','115.85000000','0','-62.52815217','53.53190404','102.95731209','2','2541','180','0101000020D7080000F7D75DBA83A32E4101B97C589D100E41');
INSERT INTO "lot_face_point" ("tax_lot_face_type","bbl","length","approx_length_flag","angle","delta_x","delta_y","boro","block","lot",shape) VALUES ('0','2025410180','143.76000000','0','-64.28470626','63.31673606','131.47264013','2','2541','180','0101000020D70800003B529E93F8A32E41FE1DC21047140E41');
INSERT INTO "lot_face_point" ("tax_lot_face_type","bbl","length","approx_length_flag","angle","delta_x","delta_y","boro","block","lot",shape) VALUES ('0','2025410180','0.00000000','0','5.28983723','52.98432004','-4.90572801','2','2541','180','0101000020D708000067955FE7B4A22E41FEB7AF53DA0B0E41');
INSERT INTO "lot_face_point" ("tax_lot_face_type","bbl","length","approx_length_flag","angle","delta_x","delta_y","boro","block","lot",shape) VALUES ('0','2025410180','675.98000000','0','-68.33704753','251.69561623','633.67552058','2','2541','180','0101000020D70800003F8D7B7FD1A52E41FF36E194E7220E41');
INSERT INTO "lot_face_point" ("tax_lot_face_type","bbl","length","approx_length_flag","angle","delta_x","delta_y","boro","block","lot",shape) VALUES ('0','2025410180','115.85000000','0','117.99014498','-54.44377606','-102.43635209','2','2541','180','0101000020D7080000A926B1852AA32E41FFF4FB6B77110E41');
INSERT INTO "lot_face_point" ("tax_lot_face_type","bbl","length","approx_length_flag","angle","delta_x","delta_y","boro","block","lot",shape) VALUES ('0','2025410180','0.00000000','0','19.75878077','27.05459201','-9.71827202','2','2541','180','0101000020D70800009888B7E8BAA32E41FD08828A08170E41');
INSERT INTO "lot_face_point" ("tax_lot_face_type","bbl","length","approx_length_flag","angle","delta_x","delta_y","boro","block","lot",shape) VALUES ('0','2025410180','25.71000000','0','19.75795743','22.58713603','-8.11315201','2','2541','180','0101000020D70800005A7B027B4EA42E4100C5DF8034160E41');
INSERT INTO "lot_face_point" ("tax_lot_face_type","bbl","length","approx_length_flag","angle","delta_x","delta_y","boro","block","lot",shape) VALUES ('0','2025418900','0.00000000','0','112.40572064','-19.05254403','-46.21184003','2','2541','8900','0101000020D7080000182FAB3C17A62E41FF2B6D1AC92E0E41');
INSERT INTO "lot_face_point" ("tax_lot_face_type","bbl","length","approx_length_flag","angle","delta_x","delta_y","boro","block","lot",shape) VALUES ('0','2025418900','19.91000000','0','115.50253903','-8.52761601','-17.87648001','2','2541','8900','0101000020D708000020EE0B90EAA12E41FD6D23EE6F0C0E41');
INSERT INTO "lot_face_point" ("tax_lot_face_type","bbl","length","approx_length_flag","angle","delta_x","delta_y","boro","block","lot",shape) VALUES ('0','2025418900','644.19000000','0','113.88866518','-265.84243225','-600.22809656','2','2541','8900','0101000020D70800006363FB7A7DA02E416629A6E046FF0D41');
INSERT INTO "lot_face_point" ("tax_lot_face_type","bbl","length","approx_length_flag","angle","delta_x","delta_y","boro","block","lot",shape) VALUES ('0','2025418900','186.73000000','0','116.36770559','-86.10995209','-173.71315217','2','2541','8900','0101000020D7080000B40718BD44A22E419FDD3C26770F0E41');
INSERT INTO "lot_face_point" ("tax_lot_face_type","bbl","length","approx_length_flag","angle","delta_x","delta_y","boro","block","lot",shape) VALUES ('0','2025418900','0.00000000','0','16.40699396','139.62214413','-41.11155204','2','2541','8900','0101000020D7080000079DADB303A02E41544D406339F50D41');
INSERT INTO "lot_face_point" ("tax_lot_face_type","bbl","length","approx_length_flag","angle","delta_x","delta_y","boro","block","lot",shape) VALUES ('0','2025418900','123.37000000','0','109.42991819','-39.99616003','-113.38624011','2','2541','8900','0101000020D708000008727144B5A12E41558ADD12630A0E41');
INSERT INTO "lot_face_point" ("tax_lot_face_type","bbl","length","approx_length_flag","angle","delta_x","delta_y","boro","block","lot",shape) VALUES ('0','2025418900','3.00000000','0','185.28836543','-3.13907200','0.29056001','2','2541','8900','0101000020D70800008BDD5FE5DEA12E41FE032896290C0E41');
INSERT INTO "lot_face_point" ("tax_lot_face_type","bbl","length","approx_length_flag","angle","delta_x","delta_y","boro","block","lot",shape) VALUES ('0','2025418900','89.58000000','0','120.47376725','-45.96121603','-78.10841607','2','2541','8900','0101000020D70800001CAB7B45CDA22E41002735935D130E41');
INSERT INTO "lot_face_point" ("tax_lot_face_type","bbl","length","approx_length_flag","angle","delta_x","delta_y","boro","block","lot",shape) VALUES ('0','2025418900','19.91000000','0','-69.86611165','6.54259200','17.84576002','2','2541','8900','0101000020D708000048119D464CA22E41FD2526F8240C0E41');
INSERT INTO "lot_face_point" ("tax_lot_face_type","bbl","length","approx_length_flag","angle","delta_x","delta_y","boro","block","lot",shape) VALUES ('0','2025418900','165.75000000','0','15.99576624','157.26208015','-45.08160004','2','2541','8900','0101000020D7080000694E87A12FA52E4100A893A3BE2C0E41');
INSERT INTO "lot_face_point" ("tax_lot_face_type","bbl","length","approx_length_flag","angle","delta_x","delta_y","boro","block","lot",shape) VALUES ('0','2025418900','128.81000000','0','112.82507835','-46.69824004','-110.95475210','2','2541','8900','0101000020D7080000FA520D2BFCA52E415DA1CC29C52D0E41');
INSERT INTO "lot_face_point" ("tax_lot_face_type","bbl","length","approx_length_flag","angle","delta_x","delta_y","boro","block","lot",shape) VALUES ('0','2025418900','143.67000000','0','116.81417374','-61.93100806','-122.52723213','2','2541','8900','0101000020D7080000462AC64CD0A42E41005B05135D2F0E41');
INSERT INTO "lot_face_point" ("tax_lot_face_type","bbl","length","approx_length_flag","angle","delta_x","delta_y","boro","block","lot",shape) VALUES ('0','2025418900','156.87000000','0','201.74656507','-142.02931213','56.65408006','2','2541','8900','0101000020D70800005DB59D429CA52E41FFED209164300E41');
INSERT INTO "lot_face_point" ("tax_lot_face_type","bbl","length","approx_length_flag","angle","delta_x","delta_y","boro","block","lot",shape) VALUES ('0','2025418900','32.97000000','0','185.56529479','-32.70169604','3.18643200','2','2541','8900','0101000020D70800006C058F170CA22E41019A66ED24070E41');
INSERT INTO "lot_face_point" ("tax_lot_face_type","bbl","length","approx_length_flag","angle","delta_x","delta_y","boro","block","lot",shape) VALUES ('0','2025418900','2.00000000','0','19.76063864','2.05158401','-0.73702399','2','2541','8900','0101000020D7080000922E89CD9DA32E41FE26BB5C32170E41');
INSERT INTO "lot_face_point" ("tax_lot_face_type","bbl","length","approx_length_flag","angle","delta_x","delta_y","boro","block","lot",shape) VALUES ('0','2025418900','108.32000000','0','116.29550211','-48.22195205','-97.58899209','2','2541','8900','0101000020D708000072642F732BA32E41C8F8B55F1C160E41');
INSERT INTO "lot_face_point" ("tax_lot_face_type","bbl","length","approx_length_flag","angle","delta_x","delta_y","boro","block","lot",shape) VALUES ('0','2025418900','0.00000000','0','-72.86196577','7.11961600','23.08812803','2','2541','8900','0101000020D7080000A281927196A02E41FE11504BF1F40D41');
INSERT INTO "lot_face_point" ("tax_lot_face_type","bbl","length","approx_length_flag","angle","delta_x","delta_y","boro","block","lot",shape) VALUES ('0','2025418900','128.93000000','0','16.56040611','131.94009613','-39.23379204','2','2541','8900','0101000020D708000017F759B8DEA42E41FFCF3FBF1D2B0E41');
INSERT INTO "lot_face_point" ("tax_lot_face_type","bbl","length","approx_length_flag","angle","delta_x","delta_y","boro","block","lot",shape) VALUES ('0','2025418900','718.05000000','0','-67.34710168','278.51929626','667.36230461','2','2541','8900','0101000020D70800000164AE5FB6A42E4100B704DD9C210E41');
INSERT INTO "lot_face_point" ("tax_lot_face_type","bbl","length","approx_length_flag","angle","delta_x","delta_y","boro","block","lot",shape) VALUES ('0','2025418900','108.44000000','0','21.82337273','100.50457610','-40.24652804','2','2541','8900','0101000020D70800009B8E63B068A62E4100BB0E456F2D0E41');
INSERT INTO "lot_face_point" ("tax_lot_face_type","bbl","length","approx_length_flag","angle","delta_x","delta_y","boro","block","lot",shape) VALUES ('0','2025418900','49.54000000','0','-80.86713050','7.63622400','47.50003204','2','2541','8900','0101000020D7080000A759033C2BA22E41FEC5482956060E41');
INSERT INTO "lot_face_point" ("tax_lot_face_type","bbl","length","approx_length_flag","angle","delta_x","delta_y","boro","block","lot",shape) VALUES ('0','2025418900','89.59000000','0','-60.53547083','43.27116804','76.59212807','2','2541','8900','0101000020D70800003E97251B15A32E4100E2F53FBE120E41');
INSERT INTO "lot_face_point" ("tax_lot_face_type","bbl","length","approx_length_flag","angle","delta_x","delta_y","boro","block","lot",shape) VALUES ('0','2025418900','113.62000000','0','-66.40261143','45.68704005','104.58649610','2','2541','8900','0101000020D70800002DB772106EA32E41FF22DFF692150E41');
INSERT INTO "lot_face_point" ("tax_lot_face_type","bbl","length","approx_length_flag","angle","delta_x","delta_y","boro","block","lot",shape) VALUES ('0','2025418900','653.51000000','0','113.25764758','-259.49184024','-603.76140857','2','2541','8900','0101000020D7080000ADD3B30E60A42E41157F9D3910210E41');
INSERT INTO "lot_face_point" ("tax_lot_face_type","bbl","length","approx_length_flag","angle","delta_x","delta_y","boro","block","lot",shape) VALUES ('0','2025418900','30.01000000','0','14.96829962','31.65286402','-8.46259201','2','2541','8900','0101000020D70800001937B9F603A22E413CCA2F47BA050E41');
INSERT INTO "lot_face_point" ("tax_lot_face_type","bbl","length","approx_length_flag","angle","delta_x","delta_y","boro","block","lot",shape) VALUES ('0','2025418900','0.00000000','0','-68.44522216','18.41638401','46.62195204','2','2541','8900','0101000020D70800007799279CDFA62E4100E17DC5882D0E41');
INSERT INTO "lot_face_point" ("tax_lot_face_type","bbl","length","approx_length_flag","angle","delta_x","delta_y","boro","block","lot",shape) VALUES ('0','2025418900','107.44000000','0','201.74651463','-99.86841609','39.83641604','2','2541','8900','0101000020D70800009F396F288EA62E41FF51DC9AE22E0E41');
INSERT INTO "lot_face_point" ("tax_lot_face_type","bbl","length","approx_length_flag","angle","delta_x","delta_y","boro","block","lot",shape) VALUES ('0','2025418900','126.99000000','0','-73.07726020','38.20928004','125.58233613','2','2541','8900','0101000020D7080000AA6122861FA22E41FD4FC741E7090E41');
INSERT INTO "lot_face_point" ("tax_lot_face_type","bbl","length","approx_length_flag","angle","delta_x","delta_y","boro","block","lot",shape) VALUES ('0','2025418900','178.11000000','0','-65.27008371','75.50822407','163.94112015','2','2541','8900','0101000020D7080000333674E398A22E4179109E22060F0E41');
INSERT INTO "lot_face_point" ("tax_lot_face_type","bbl","length","approx_length_flag","angle","delta_x","delta_y","boro","block","lot",shape) VALUES ('0','2025418900','0.00000000','0','189.39107146','-3.03846399','0.50252800','2','2541','8900','0101000020D70800004A260AD52FA22E41FEDEE72B16070E41');
INSERT INTO "lot_face_point" ("tax_lot_face_type","bbl","length","approx_length_flag","angle","delta_x","delta_y","boro","block","lot",shape) VALUES ('0','2025418900','60.78000000','0','116.79506888','-27.79443203','-55.03539205','2','2541','8900','0101000020D70800005CB90F9376A42E4100CEE4D2962C0E41');
INSERT INTO "lot_face_point" ("tax_lot_face_type","bbl","length","approx_length_flag","angle","delta_x","delta_y","boro","block","lot",shape) VALUES ('0','2025418900','524.69000000','0','-72.86207306','163.36460815','529.77689649','2','2541','8900','0101000020D7080000A88681ED40A12E412FCF21C194FD0D41');
INSERT INTO "lot_face_point" ("tax_lot_face_type","bbl","length","approx_length_flag","angle","delta_x","delta_y","boro","block","lot",shape) VALUES ('0','2025418900','22.76000000','0','-73.76331080','6.96217601','23.90681602','2','2541','8900','0101000020D70800004FD63D5AF2A12E410003E34C91070E41');
INSERT INTO "lot_face_point" ("tax_lot_face_type","bbl","length","approx_length_flag","angle","delta_x","delta_y","boro","block","lot",shape) VALUES ('0','2025418900','165.75000000','0','195.99576624','-157.26208015','45.08160004','2','2541','8900','0101000020D7080000694E87A12FA52E4100A893A3BE2C0E41');
--------------------------------------------------------------------------------
-- Manhattan block 605 not edited but may trigger a false positive
-- Two side by side lots with the same bbl (1006050046)
-- one of the lots is a tiny invisible sliver
-- ETL should see that the union of these two source lots produces
--    the same output as the target and do nothing here
--------------------------------------------------------------------------------
-- Manhattan block 605 tax_block_polygon 
INSERT INTO "tax_block_polygon" ("boro","block","eop_overlap_flag","jagged_st_flag","created_by","created_date","last_modified_by","last_modified_date","section_number","volume_number",shape) VALUES ('1','605','0','0',NULL,NULL,NULL,NULL,'2','6','0106000020D70800000100000001030000000100000016000000008106DCE0FA2D4100FAE7344C240941008AAB0BCDFA2D41002E9301C121094180FC1D921FFA2D4100CAE7351722094100B020D5F7F92D41003C5AF52A220941805C3B59F7F92D4100D2F4322B220941800DA2BDCFF92D4100305DE13E22094100AF56F5A7F92D4100EA50A652220941007B7BDF7DF92D41005A589067220941805A55FE60F92D4100164BEA75220941007233ABD4F82D41009E09A6BB2209410009E4E102F92D4100A0E8BE1D26094180F88C1314F92D4100A0F4FB5F2709418089DEB16DF92D41008C2A8FEF2D094180AD515037FB2D4100D61D90652F094100CC80F422FB2D410094D672C82C094100C2C3F51DFB2D41000EDD46242C094180828F0219FB2D410058B79B812B094180EF3A5C10FB2D4100F05854652A0941807C0956F2FA2D4100B292938A26094100A5F5F8EAFA2D4100C47590982509418044DA07E6FA2D4100EC6B28F6240941008106DCE0FA2D4100FAE7344C240941');
-- Manhattan block 605 tax_block_point 
INSERT INTO "tax_block_point" ("boro","block",shape) VALUES ('1','605','0101000020D708000080F2670A18FA2D41007A7C774D280941');
-- Manhattan block 605 tax_lot_polygon 
INSERT INTO "tax_lot_polygon" ("boro","block","lot","bbl","community_district","regular_lot_indicator","number_lot_sides","condo_flag","reuc_flag","air_rights_flag","subterranean_flag","easement_flag","section_number","volume_number","page_number","lot_note","nycmap_bldg_flag","missing_rpad_flag","conversion_exception_flag","value_reflected_out_flag","created_by","created_date","last_modified_by","last_modified_date","av_change","bw_change","effective_tax_year","bill_bbl_flag",shape) VALUES ('1','605','39','1006050039','0',NULL,'0',NULL,NULL,NULL,NULL,NULL,'2','6','17',NULL,'1','0','0','0',NULL,NULL,NULL,NULL,'0','0',NULL,'0','0106000020D7080000010000000103000000010000000500000000A5F5F8EAFA2D4100C47590982509418044DA07E6FA2D4100EC6B28F624094100AB24BAE8F92D4100989A08742509410029ECAAEDF92D4100FEC5701626094100A5F5F8EAFA2D4100C4759098250941');
INSERT INTO "tax_lot_polygon" ("boro","block","lot","bbl","community_district","regular_lot_indicator","number_lot_sides","condo_flag","reuc_flag","air_rights_flag","subterranean_flag","easement_flag","section_number","volume_number","page_number","lot_note","nycmap_bldg_flag","missing_rpad_flag","conversion_exception_flag","value_reflected_out_flag","created_by","created_date","last_modified_by","last_modified_date","av_change","bw_change","effective_tax_year","bill_bbl_flag",shape) VALUES ('1','605','38','1006050038','0','I','0',NULL,NULL,NULL,NULL,NULL,'2','6','17',NULL,'1','0','0','0',NULL,NULL,NULL,NULL,'0','0',NULL,'0','0106000020D7080000010000000103000000010000002100000080F624B8F6F92D4100C270EB3F270941008E2108F5F92D4100ECE27308270941807C0956F2FA2D4100B292938A26094100A5F5F8EAFA2D4100C47590982509410029ECAAEDF92D4100FEC5701626094100AB24BAE8F92D4100989A087425094100C6FB79E4F92D410018D141E82409410070844D34FA2D4100D09E96C024094180F3786233FA2D4100963C69A224094100539D162FFA2D41005405351524094100B5370008FA2D41006CFC543E24094100419C8FE0F92D4100B0F7AD672409410077F532E1F92D410056F0A67C240941002235F5E1F92D4100D689969524094180EB6CD0E2F92D41004E2CBBB1240941007F85D4E2F92D410026A741B224094180203A0CBBF92D4100E09A06C62409410096FF9895F92D410060CFA2D824094180F9EB1DA5F92D41009410B09725094180775BF19AF92D41005A4418A025094180A2005997F92D41002ABF10A32509410088981A98F92D4100BC07ECBB25094180F2FE47A9F92D4100C473BAAD25094100321996B0F92D4100A6FCA8072609410031E88CBFF92D41008E774BFB25094180D98F1CC2F92D4100D646794F26094100E6E44DB3F92D4100A8A2B55B26094180B03222B6F92D4100961CB4B82609418094B6C0ABF92D4100FCF547C126094180351E74ACF92D4100E6B54FD826094180366BF8A5F92D4100EA1DABDD26094100C8E71DAAF92D41001A5FF16527094180F624B8F6F92D4100C270EB3F270941');
INSERT INTO "tax_lot_polygon" ("boro","block","lot","bbl","community_district","regular_lot_indicator","number_lot_sides","condo_flag","reuc_flag","air_rights_flag","subterranean_flag","easement_flag","section_number","volume_number","page_number","lot_note","nycmap_bldg_flag","missing_rpad_flag","conversion_exception_flag","value_reflected_out_flag","created_by","created_date","last_modified_by","last_modified_date","av_change","bw_change","effective_tax_year","bill_bbl_flag",shape) VALUES ('1','605','1','1006050001','0','I','21',NULL,NULL,NULL,NULL,NULL,'2','6','17',NULL,'2','0','0','0',NULL,NULL,NULL,NULL,'0','0','2015 - 2016','0','0106000020D7080000010000000103000000010000000F00000080A2005997F92D41002ABF10A325094180775BF19AF92D41005A4418A025094180F9EB1DA5F92D41009410B0972509410096FF9895F92D410060CFA2D8240941804173A58FF92D4100D0CC5E8F2409410059B91FA3F92D410008350E762409418003FC2294F92D41005AF88CBD23094180487B8B80F92D41005C7103D72309418088E59E6DF92D410026EE0AEE220941806412FD6BF92D4100A0AC71CF22094180360F2F69F92D41006A4CE19A22094100E4780D67F92D41007875E772220941007233ABD4F82D41009E09A6BB2209410009E4E102F92D4100A0E8BE1D26094180A2005997F92D41002ABF10A3250941');
INSERT INTO "tax_lot_polygon" ("boro","block","lot","bbl","community_district","regular_lot_indicator","number_lot_sides","condo_flag","reuc_flag","air_rights_flag","subterranean_flag","easement_flag","section_number","volume_number","page_number","lot_note","nycmap_bldg_flag","missing_rpad_flag","conversion_exception_flag","value_reflected_out_flag","created_by","created_date","last_modified_by","last_modified_date","av_change","bw_change","effective_tax_year","bill_bbl_flag",shape) VALUES ('1','605','47','1006050047','0','I','8',NULL,NULL,NULL,NULL,NULL,'2','6','17',NULL,'2','0','0','0',NULL,NULL,NULL,NULL,'0','0','2015 - 2016','0','0106000020D70800000100000001030000000100000006000000001AA9FF07FA2D41005AC4423E24094100B020D5F7F92D41003C5AF52A220941805C3B59F7F92D4100D2F4322B220941800DA2BDCFF92D4100305DE13E22094100419C8FE0F92D4100B0F7AD67240941001AA9FF07FA2D41005AC4423E240941');
INSERT INTO "tax_lot_polygon" ("boro","block","lot","bbl","community_district","regular_lot_indicator","number_lot_sides","condo_flag","reuc_flag","air_rights_flag","subterranean_flag","easement_flag","section_number","volume_number","page_number","lot_note","nycmap_bldg_flag","missing_rpad_flag","conversion_exception_flag","value_reflected_out_flag","created_by","created_date","last_modified_by","last_modified_date","av_change","bw_change","effective_tax_year","bill_bbl_flag",shape) VALUES ('1','605','46','1006050046','0','I','8',NULL,NULL,NULL,NULL,NULL,'2','6','17',NULL,'2','0','0','0',NULL,NULL,NULL,NULL,'0','0','2015 - 2016','0','0106000020D7080000010000000103000000010000000500000000539D162FFA2D41005405351524094180FC1D921FFA2D4100CAE7351722094100B020D5F7F92D41003C5AF52A220941001AA9FF07FA2D41005AC4423E24094100539D162FFA2D410054053515240941');
-- (Null boro for reals)
INSERT INTO "tax_lot_polygon" ("boro","block","lot","bbl","community_district","regular_lot_indicator","number_lot_sides","condo_flag","reuc_flag","air_rights_flag","subterranean_flag","easement_flag","section_number","volume_number","page_number","lot_note","nycmap_bldg_flag","missing_rpad_flag","conversion_exception_flag","value_reflected_out_flag","created_by","created_date","last_modified_by","last_modified_date","av_change","bw_change","effective_tax_year","bill_bbl_flag",shape) VALUES (NULL,'605','47','1006050047','0','I','8',NULL,NULL,NULL,NULL,NULL,'2','6','17',NULL,'0','0','0','0',NULL,NULL,NULL,NULL,'0','0','2015 - 2016','0','0106000020D7080000010000000103000000010000000400000000B5370008FA2D41006CFC543E240941001AA9FF07FA2D41005AC4423E24094100419C8FE0F92D4100B0F7AD6724094100B5370008FA2D41006CFC543E240941');
INSERT INTO "tax_lot_polygon" ("boro","block","lot","bbl","community_district","regular_lot_indicator","number_lot_sides","condo_flag","reuc_flag","air_rights_flag","subterranean_flag","easement_flag","section_number","volume_number","page_number","lot_note","nycmap_bldg_flag","missing_rpad_flag","conversion_exception_flag","value_reflected_out_flag","created_by","created_date","last_modified_by","last_modified_date","av_change","bw_change","effective_tax_year","bill_bbl_flag",shape) VALUES (NULL,'605','46','1006050046','0','I','8',NULL,NULL,NULL,NULL,NULL,'2','6','17',NULL,'0','0','0','0',NULL,NULL,NULL,NULL,'0','0','2015 - 2016','0','0106000020D7080000010000000103000000010000000400000000539D162FFA2D410054053515240941001AA9FF07FA2D41005AC4423E24094100B5370008FA2D41006CFC543E24094100539D162FFA2D410054053515240941');
INSERT INTO "tax_lot_polygon" ("boro","block","lot","bbl","community_district","regular_lot_indicator","number_lot_sides","condo_flag","reuc_flag","air_rights_flag","subterranean_flag","easement_flag","section_number","volume_number","page_number","lot_note","nycmap_bldg_flag","missing_rpad_flag","conversion_exception_flag","value_reflected_out_flag","created_by","created_date","last_modified_by","last_modified_date","av_change","bw_change","effective_tax_year","bill_bbl_flag",shape) VALUES ('1','605','31','1006050031','0','I','0',NULL,NULL,NULL,NULL,NULL,'2','6','17',NULL,'0','0','0','0',NULL,NULL,NULL,NULL,'0','0',NULL,'0','0106000020D7080000010000000103000000010000002100000080EF3A5C10FB2D4100F05854652A09410073310E13FA2D4100F22234E32A0941004968D3F6F92D4100F8B56B4327094180F624B8F6F92D4100C270EB3F27094100C8E71DAAF92D41001A5FF16527094180366BF8A5F92D4100EA1DABDD260941008E352BA2F92D410092EC4EE0260941005D8431A3F92D410038DAAE012709410051EE4698F92D4100C6FC190727094180C2B47797F92D4100EE5A7FEC26094180F11D0486F92D410082FFEAFA260941007A9DDC86F92D4100F680B616270941002B09587CF92D41000095671F27094180C10E6B81F92D4100287C2CC627094100EFBE327CF92D410022D7C3C827094100EB850A9DF92D41005AF3CB012A094100BF92B37DF92D4100AA4F5A112A094180E8793F99F92D4100C0C64FDC2B0941809C172F01FA2D4100FCE8673B2D094100F81DCB18FA2D4100FCC329EC2C0941808529D22CFA2D4100D44C51472C094100150B8454FA2D4100C89E97332C09410098CD2467FA2D4100CE5A648C2C094180FB105C78FA2D41009E8F37C22E094180D6B32861FA2D4100C87041AF2E094180EA0FD55FFA2D4100BC3274B52E094180AD515037FB2D4100D61D90652F094100CC80F422FB2D410094D672C82C09418014F9368AFA2D4100CC7959142D0941800A3C3885FA2D410046802D702C09418058294580FA2D4100905A82CD2B094180828F0219FB2D410058B79B812B094180EF3A5C10FB2D4100F05854652A0941');
INSERT INTO "tax_lot_polygon" ("boro","block","lot","bbl","community_district","regular_lot_indicator","number_lot_sides","condo_flag","reuc_flag","air_rights_flag","subterranean_flag","easement_flag","section_number","volume_number","page_number","lot_note","nycmap_bldg_flag","missing_rpad_flag","conversion_exception_flag","value_reflected_out_flag","created_by","created_date","last_modified_by","last_modified_date","av_change","bw_change","effective_tax_year","bill_bbl_flag",shape) VALUES ('1','605','44','1006050044','0','I','0',NULL,NULL,NULL,NULL,NULL,'2','6','17',NULL,'0','0','0','0',NULL,NULL,NULL,NULL,'0','0',NULL,'0','0106000020D70800000100000001030000000100000006000000008106DCE0FA2D4100FAE7344C240941008AAB0BCDFA2D41002E9301C121094180FC1D921FFA2D4100CAE7351722094100539D162FFA2D41005405351524094180F3786233FA2D4100963C69A2240941008106DCE0FA2D4100FAE7344C240941');
INSERT INTO "tax_lot_polygon" ("boro","block","lot","bbl","community_district","regular_lot_indicator","number_lot_sides","condo_flag","reuc_flag","air_rights_flag","subterranean_flag","easement_flag","section_number","volume_number","page_number","lot_note","nycmap_bldg_flag","missing_rpad_flag","conversion_exception_flag","value_reflected_out_flag","created_by","created_date","last_modified_by","last_modified_date","av_change","bw_change","effective_tax_year","bill_bbl_flag",shape) VALUES ('1','605','49','1006050049','0','I','13',NULL,NULL,NULL,NULL,NULL,'2','6','17',NULL,'2','0','0','0',NULL,NULL,NULL,NULL,'0','0','2015 - 2016','0','0106000020D7080000010000000103000000010000000D00000080203A0CBBF92D4100E09A06C624094100AF56F5A7F92D4100EA50A652220941007B7BDF7DF92D41005A58906722094100E4780D67F92D41007875E77222094180360F2F69F92D41006A4CE19A220941806412FD6BF92D4100A0AC71CF2209418088E59E6DF92D410026EE0AEE22094180487B8B80F92D41005C7103D72309418003FC2294F92D41005AF88CBD2309410059B91FA3F92D410008350E76240941804173A58FF92D4100D0CC5E8F2409410096FF9895F92D410060CFA2D824094180203A0CBBF92D4100E09A06C6240941');
INSERT INTO "tax_lot_polygon" ("boro","block","lot","bbl","community_district","regular_lot_indicator","number_lot_sides","condo_flag","reuc_flag","air_rights_flag","subterranean_flag","easement_flag","section_number","volume_number","page_number","lot_note","nycmap_bldg_flag","missing_rpad_flag","conversion_exception_flag","value_reflected_out_flag","created_by","created_date","last_modified_by","last_modified_date","av_change","bw_change","effective_tax_year","bill_bbl_flag",shape) VALUES ('1','605','8','1006050008','0','I','0','C','R',NULL,NULL,NULL,'2','6','17',NULL,'0','0','0','0',NULL,NULL,NULL,NULL,'0','0',NULL,'0','0106000020D7080000010000000103000000010000002300000080366BF8A5F92D4100EA1DABDD26094180351E74ACF92D4100E6B54FD82609418094B6C0ABF92D4100FCF547C126094180B03222B6F92D4100961CB4B826094100E6E44DB3F92D4100A8A2B55B26094180D98F1CC2F92D4100D646794F2609410031E88CBFF92D41008E774BFB25094100321996B0F92D4100A6FCA80726094180F2FE47A9F92D4100C473BAAD2509410088981A98F92D4100BC07ECBB25094180A2005997F92D41002ABF10A32509410009E4E102F92D4100A0E8BE1D26094180F88C1314F92D4100A0F4FB5F2709418089DEB16DF92D41008C2A8FEF2D094180EA0FD55FFA2D4100BC3274B52E094180D6B32861FA2D4100C87041AF2E094180FB105C78FA2D41009E8F37C22E09410098CD2467FA2D4100CE5A648C2C094100150B8454FA2D4100C89E97332C0941808529D22CFA2D4100D44C51472C094100F81DCB18FA2D4100FCC329EC2C0941809C172F01FA2D4100FCE8673B2D094180E8793F99F92D4100C0C64FDC2B094100BF92B37DF92D4100AA4F5A112A094100EB850A9DF92D41005AF3CB012A094100EFBE327CF92D410022D7C3C827094180C10E6B81F92D4100287C2CC6270941002B09587CF92D41000095671F270941007A9DDC86F92D4100F680B61627094180F11D0486F92D410082FFEAFA26094180C2B47797F92D4100EE5A7FEC2609410051EE4698F92D4100C6FC1907270941005D8431A3F92D410038DAAE01270941008E352BA2F92D410092EC4EE026094180366BF8A5F92D4100EA1DABDD260941');
INSERT INTO "tax_lot_polygon" ("boro","block","lot","bbl","community_district","regular_lot_indicator","number_lot_sides","condo_flag","reuc_flag","air_rights_flag","subterranean_flag","easement_flag","section_number","volume_number","page_number","lot_note","nycmap_bldg_flag","missing_rpad_flag","conversion_exception_flag","value_reflected_out_flag","created_by","created_date","last_modified_by","last_modified_date","av_change","bw_change","effective_tax_year","bill_bbl_flag",shape) VALUES ('1','605','29','1006050029','0',NULL,'0',NULL,NULL,NULL,NULL,NULL,'2','6','17',NULL,'1','0','0','0',NULL,NULL,NULL,NULL,'0','0',NULL,'0','0106000020D7080000010000000103000000010000000500000000CC80F422FB2D410094D672C82C094100C2C3F51DFB2D41000EDD46242C0941800A3C3885FA2D410046802D702C09418014F9368AFA2D4100CC7959142D094100CC80F422FB2D410094D672C82C0941');
INSERT INTO "tax_lot_polygon" ("boro","block","lot","bbl","community_district","regular_lot_indicator","number_lot_sides","condo_flag","reuc_flag","air_rights_flag","subterranean_flag","easement_flag","section_number","volume_number","page_number","lot_note","nycmap_bldg_flag","missing_rpad_flag","conversion_exception_flag","value_reflected_out_flag","created_by","created_date","last_modified_by","last_modified_date","av_change","bw_change","effective_tax_year","bill_bbl_flag",shape) VALUES ('1','605','48','1006050048','0',NULL,'0',NULL,NULL,NULL,NULL,NULL,'2','6','17',NULL,'1','0','0','0',NULL,NULL,NULL,NULL,'0','0',NULL,'0','0106000020D7080000010000000103000000010000000900000000419C8FE0F92D4100B0F7AD67240941800DA2BDCFF92D4100305DE13E22094100AF56F5A7F92D4100EA50A65222094180203A0CBBF92D4100E09A06C6240941007F85D4E2F92D410026A741B224094180EB6CD0E2F92D41004E2CBBB1240941002235F5E1F92D4100D68996952409410077F532E1F92D410056F0A67C24094100419C8FE0F92D4100B0F7AD67240941');
INSERT INTO "tax_lot_polygon" ("boro","block","lot","bbl","community_district","regular_lot_indicator","number_lot_sides","condo_flag","reuc_flag","air_rights_flag","subterranean_flag","easement_flag","section_number","volume_number","page_number","lot_note","nycmap_bldg_flag","missing_rpad_flag","conversion_exception_flag","value_reflected_out_flag","created_by","created_date","last_modified_by","last_modified_date","av_change","bw_change","effective_tax_year","bill_bbl_flag",shape) VALUES ('1','605','30','1006050030','0',NULL,'0',NULL,NULL,NULL,NULL,NULL,'2','6','17',NULL,'1','0','0','0',NULL,NULL,NULL,NULL,'0','0',NULL,'0','0106000020D7080000010000000103000000010000000500000000C2C3F51DFB2D41000EDD46242C094180828F0219FB2D410058B79B812B09418058294580FA2D4100905A82CD2B0941800A3C3885FA2D410046802D702C094100C2C3F51DFB2D41000EDD46242C0941');
INSERT INTO "tax_lot_polygon" ("boro","block","lot","bbl","community_district","regular_lot_indicator","number_lot_sides","condo_flag","reuc_flag","air_rights_flag","subterranean_flag","easement_flag","section_number","volume_number","page_number","lot_note","nycmap_bldg_flag","missing_rpad_flag","conversion_exception_flag","value_reflected_out_flag","created_by","created_date","last_modified_by","last_modified_date","av_change","bw_change","effective_tax_year","bill_bbl_flag",shape) VALUES ('1','605','33','1006050033','0',NULL,'0',NULL,NULL,NULL,NULL,NULL,'2','6','17',NULL,'2','0','0','0',NULL,NULL,NULL,NULL,'0','0',NULL,'0','0106000020D70800000100000001030000000100000007000000807C0956F2FA2D4100B292938A260941008E2108F5F92D4100ECE2730827094180F624B8F6F92D4100C270EB3F270941004968D3F6F92D4100F8B56B432709410073310E13FA2D4100F22234E32A094180EF3A5C10FB2D4100F05854652A0941807C0956F2FA2D4100B292938A260941');
INSERT INTO "tax_lot_polygon" ("boro","block","lot","bbl","community_district","regular_lot_indicator","number_lot_sides","condo_flag","reuc_flag","air_rights_flag","subterranean_flag","easement_flag","section_number","volume_number","page_number","lot_note","nycmap_bldg_flag","missing_rpad_flag","conversion_exception_flag","value_reflected_out_flag","created_by","created_date","last_modified_by","last_modified_date","av_change","bw_change","effective_tax_year","bill_bbl_flag",shape) VALUES ('1','605','40','1006050040','0','I','11',NULL,NULL,NULL,NULL,NULL,'2','6','17',NULL,'2','0','0','0',NULL,NULL,NULL,NULL,'0','0','2015 - 2016','0','0106000020D708000001000000010300000001000000070000008044DA07E6FA2D4100EC6B28F6240941008106DCE0FA2D4100FAE7344C24094180F3786233FA2D4100963C69A22409410070844D34FA2D4100D09E96C024094100C6FB79E4F92D410018D141E824094100AB24BAE8F92D4100989A08742509418044DA07E6FA2D4100EC6B28F6240941');
-- Manhattan block 605 tax_lot_point 
INSERT INTO "tax_lot_point" ("bbl","lot","air_rights_flag","condo_flag","reuc_flag","subterranean_flag","lot_area",shape) VALUES ('1006050030','30',NULL,NULL,NULL,NULL,'1576.4','0101000020D7080000D513721DCFFA2D41F6CE9BE4F82B0941');
INSERT INTO "tax_lot_point" ("bbl","lot","air_rights_flag","condo_flag","reuc_flag","subterranean_flag","lot_area",shape) VALUES ('1006050044','44',NULL,NULL,NULL,NULL,'7167.2','0101000020D70800002B30133780FA2D4100E267B531230941');
INSERT INTO "tax_lot_point" ("bbl","lot","air_rights_flag","condo_flag","reuc_flag","subterranean_flag","lot_area",shape) VALUES ('1006050038','38',NULL,NULL,NULL,NULL,'7413.3','0101000020D70800002BD8F04BC6FA2D4101373293BD250941');
INSERT INTO "tax_lot_point" ("bbl","lot","air_rights_flag","condo_flag","reuc_flag","subterranean_flag","lot_area",shape) VALUES ('1006050049','49',NULL,NULL,NULL,NULL,'1841.8','0101000020D7080000B704B08296F92D41052590A495230941');
INSERT INTO "tax_lot_point" ("bbl","lot","air_rights_flag","condo_flag","reuc_flag","subterranean_flag","lot_area",shape) VALUES ('1006050046','46',NULL,NULL,NULL,NULL,'1312.7','0101000020D7080000CE54DEC813FA2D41FD1156BC2A230941');
INSERT INTO "tax_lot_point" ("bbl","lot","air_rights_flag","condo_flag","reuc_flag","subterranean_flag","lot_area",shape) VALUES ('1006050046','46',NULL,NULL,NULL,NULL,'0.1','0101000020D70800002CA1F0861BFA2D41FADF00C529240941');
INSERT INTO "tax_lot_point" ("bbl","lot","air_rights_flag","condo_flag","reuc_flag","subterranean_flag","lot_area",shape) VALUES ('1006050008','8',NULL,'C','R',NULL,'18554.6','0101000020D70800007604E72A5DF92D410C6427A4322A0941');
INSERT INTO "tax_lot_point" ("bbl","lot","air_rights_flag","condo_flag","reuc_flag","subterranean_flag","lot_area",shape) VALUES ('1006050033','33',NULL,NULL,NULL,NULL,'15858.0','0101000020D7080000A09822B282FA2D41F3D1DAE3B6280941');
INSERT INTO "tax_lot_point" ("bbl","lot","air_rights_flag","condo_flag","reuc_flag","subterranean_flag","lot_area",shape) VALUES ('1006050047','47',NULL,NULL,NULL,NULL,'1378.8','0101000020D70800008CAE5E32ECF92D410CF6A85149230941');
INSERT INTO "tax_lot_point" ("bbl","lot","air_rights_flag","condo_flag","reuc_flag","subterranean_flag","lot_area",shape) VALUES ('1006050047','47',NULL,NULL,NULL,NULL,'0.1','0101000020D7080000668C1E4CF4F92D41FF045EF852240941');
INSERT INTO "tax_lot_point" ("bbl","lot","air_rights_flag","condo_flag","reuc_flag","subterranean_flag","lot_area",shape) VALUES ('1006050048','48',NULL,NULL,NULL,NULL,'1583.5','0101000020D7080000F7FEED64C5F92D41F907FC7382230941');
INSERT INTO "tax_lot_point" ("bbl","lot","air_rights_flag","condo_flag","reuc_flag","subterranean_flag","lot_area",shape) VALUES ('1006050001','1',NULL,NULL,NULL,NULL,'8582.7','0101000020D7080000DEF03C9F44F92D41100C2F5348240941');
INSERT INTO "tax_lot_point" ("bbl","lot","air_rights_flag","condo_flag","reuc_flag","subterranean_flag","lot_area",shape) VALUES ('1006050040','40',NULL,NULL,NULL,NULL,'2578.4','0101000020D70800000FBFFB1A6DFA2D410B49C11EE0240941');
INSERT INTO "tax_lot_point" ("bbl","lot","air_rights_flag","condo_flag","reuc_flag","subterranean_flag","lot_area",shape) VALUES ('1006050029','29',NULL,NULL,NULL,NULL,'1590.9','0101000020D70800003D6B5E16D4FA2D41FC6C2B509C2C0941');
INSERT INTO "tax_lot_point" ("bbl","lot","air_rights_flag","condo_flag","reuc_flag","subterranean_flag","lot_area",shape) VALUES ('1006050039','39',NULL,NULL,NULL,NULL,'2610.0','0101000020D708000062E488D969FA2D41F3F4984C86250941');
INSERT INTO "tax_lot_point" ("bbl","lot","air_rights_flag","condo_flag","reuc_flag","subterranean_flag","lot_area",shape) VALUES ('1006050031','31',NULL,NULL,NULL,NULL,'23057.2','0101000020D70800001CA6DE1052FA2D4103E09D9D212B0941');
-- Manhattan block 605 tax_lot_face
INSERT INTO "tax_lot_face" ("tax_lot_face_type","boro","block","lot","bbl","lot_face_length","source","block_face_flag","lot_face_length_error","created_by","created_date","last_modified_by","last_modified_date","av_change","bw_change","approx_length_flag",shape) VALUES ('0','1','605','38','1006050038','18.43000000','0','0','0',NULL,NULL,NULL,NULL,'0','0','0','0105000020D7080000010000000102000000020000000070844D34FA2D4100D09E96C024094100539D162FFA2D410054053515240941');
INSERT INTO "tax_lot_face" ("tax_lot_face_type","boro","block","lot","bbl","lot_face_length","source","block_face_flag","lot_face_length_error","created_by","created_date","last_modified_by","last_modified_date","av_change","bw_change","approx_length_flag",shape) VALUES ('0','1','605','44','1006050044','80.00000000','0','0','0',NULL,NULL,NULL,NULL,'0','0','0','0105000020D70800000100000001020000000300000080FC1D921FFA2D4100CAE7351722094100539D162FFA2D41005405351524094180F3786233FA2D4100963C69A2240941');
INSERT INTO "tax_lot_face" ("tax_lot_face_type","boro","block","lot","bbl","lot_face_length","source","block_face_flag","lot_face_length_error","created_by","created_date","last_modified_by","last_modified_date","av_change","bw_change","approx_length_flag",shape) VALUES ('0','1','605','49','1006050049','3.17000000','0','0','0',NULL,NULL,NULL,NULL,'0','0','0','0105000020D70800000100000001020000000200000000E4780D67F92D41007875E77222094180360F2F69F92D41006A4CE19A220941');
INSERT INTO "tax_lot_face" ("tax_lot_face_type","boro","block","lot","bbl","lot_face_length","source","block_face_flag","lot_face_length_error","created_by","created_date","last_modified_by","last_modified_date","av_change","bw_change","approx_length_flag",shape) VALUES ('0','1','605','8','1006050008','5.37000000','0','0','0',NULL,NULL,NULL,NULL,'0','0','0','0105000020D708000001000000010200000002000000002B09587CF92D41000095671F270941007A9DDC86F92D4100F680B616270941');
INSERT INTO "tax_lot_face" ("tax_lot_face_type","boro","block","lot","bbl","lot_face_length","source","block_face_flag","lot_face_length_error","created_by","created_date","last_modified_by","last_modified_date","av_change","bw_change","approx_length_flag",shape) VALUES ('0','1','605','8','1006050008','3.43000000','0','0','0',NULL,NULL,NULL,NULL,'0','0','0','0105000020D708000001000000010200000002000000007A9DDC86F92D4100F680B61627094180F11D0486F92D410082FFEAFA260941');
INSERT INTO "tax_lot_face" ("tax_lot_face_type","boro","block","lot","bbl","lot_face_length","source","block_face_flag","lot_face_length_error","created_by","created_date","last_modified_by","last_modified_date","av_change","bw_change","approx_length_flag",shape) VALUES ('0','1','605','29','1006050029','20.00000000','0','0','0',NULL,NULL,NULL,NULL,'0','0','0','0105000020D708000001000000010200000002000000800A3C3885FA2D410046802D702C09418014F9368AFA2D4100CC7959142D0941');
INSERT INTO "tax_lot_face" ("tax_lot_face_type","boro","block","lot","bbl","lot_face_length","source","block_face_flag","lot_face_length_error","created_by","created_date","last_modified_by","last_modified_date","av_change","bw_change","approx_length_flag",shape) VALUES ('0','1','605','49','1006050049','7.62000000','0','0','0',NULL,NULL,NULL,NULL,'0','0','0','0105000020D708000001000000010200000002000000804173A58FF92D4100D0CC5E8F2409410096FF9895F92D410060CFA2D8240941');
INSERT INTO "tax_lot_face" ("tax_lot_face_type","boro","block","lot","bbl","lot_face_length","source","block_face_flag","lot_face_length_error","created_by","created_date","last_modified_by","last_modified_date","av_change","bw_change","approx_length_flag",shape) VALUES ('0','1','605','40','1006050040','20.00000000','0','1','0',NULL,NULL,NULL,NULL,'0','0','0','0105000020D7080000010000000102000000020000008044DA07E6FA2D4100EC6B28F6240941008106DCE0FA2D4100FAE7344C240941');
INSERT INTO "tax_lot_face" ("tax_lot_face_type","boro","block","lot","bbl","lot_face_length","source","block_face_flag","lot_face_length_error","created_by","created_date","last_modified_by","last_modified_date","av_change","bw_change","approx_length_flag",shape) VALUES ('0','1','605','47','1006050047','66.95000000','1','0','2',NULL,NULL,NULL,NULL,'0','0','0','0105000020D708000001000000010200000003000000800DA2BDCFF92D4100305DE13E22094100419C8FE0F92D4100B0F7AD672409410077F532E1F92D410056F0A67C240941');
INSERT INTO "tax_lot_face" ("tax_lot_face_type","boro","block","lot","bbl","lot_face_length","source","block_face_flag","lot_face_length_error","created_by","created_date","last_modified_by","last_modified_date","av_change","bw_change","approx_length_flag",shape) VALUES ('0','1','605','31','1006050031','3.43000000','0','0','0',NULL,NULL,NULL,NULL,'0','0','0','0105000020D70800000100000001020000000200000080F11D0486F92D410082FFEAFA260941007A9DDC86F92D4100F680B616270941');
INSERT INTO "tax_lot_face" ("tax_lot_face_type","boro","block","lot","bbl","lot_face_length","source","block_face_flag","lot_face_length_error","created_by","created_date","last_modified_by","last_modified_date","av_change","bw_change","approx_length_flag",shape) VALUES ('0','1','605','39','1006050039','20.00000000','0','1','0',NULL,NULL,NULL,NULL,'0','0','0','0105000020D70800000100000001020000000200000000A5F5F8EAFA2D4100C47590982509418044DA07E6FA2D4100EC6B28F6240941');
INSERT INTO "tax_lot_face" ("tax_lot_face_type","boro","block","lot","bbl","lot_face_length","source","block_face_flag","lot_face_length_error","created_by","created_date","last_modified_by","last_modified_date","av_change","bw_change","approx_length_flag",shape) VALUES ('0','1','605','31','1006050031','15.41000000','0','0','0',NULL,NULL,NULL,NULL,'0','0','0','0105000020D708000001000000010200000002000000809C172F01FA2D4100FCE8673B2D094100F81DCB18FA2D4100FCC329EC2C0941');
INSERT INTO "tax_lot_face" ("tax_lot_face_type","boro","block","lot","bbl","lot_face_length","source","block_face_flag","lot_face_length_error","created_by","created_date","last_modified_by","last_modified_date","av_change","bw_change","approx_length_flag",shape) VALUES ('0','1','605','48','1006050048','20.00000000','0','1','0',NULL,NULL,NULL,NULL,'0','0','0','0105000020D708000001000000010200000002000000800DA2BDCFF92D4100305DE13E22094100AF56F5A7F92D4100EA50A652220941');
INSERT INTO "tax_lot_face" ("tax_lot_face_type","boro","block","lot","bbl","lot_face_length","source","block_face_flag","lot_face_length_error","created_by","created_date","last_modified_by","last_modified_date","av_change","bw_change","approx_length_flag",shape) VALUES ('0','1','605','8','1006050008','10.60000000','0','0','0',NULL,NULL,NULL,NULL,'0','0','0','0105000020D7080000010000000102000000020000000031E88CBFF92D41008E774BFB25094180D98F1CC2F92D4100D646794F260941');
INSERT INTO "tax_lot_face" ("tax_lot_face_type","boro","block","lot","bbl","lot_face_length","source","block_face_flag","lot_face_length_error","created_by","created_date","last_modified_by","last_modified_date","av_change","bw_change","approx_length_flag",shape) VALUES ('0','1','605','8','1006050008','11.71000000','0','0','0',NULL,NULL,NULL,NULL,'0','0','0','0105000020D70800000100000001020000000200000000E6E44DB3F92D4100A8A2B55B26094180B03222B6F92D4100961CB4B8260941');
INSERT INTO "tax_lot_face" ("tax_lot_face_type","boro","block","lot","bbl","lot_face_length","source","block_face_flag","lot_face_length_error","created_by","created_date","last_modified_by","last_modified_date","av_change","bw_change","approx_length_flag",shape) VALUES ('0','1','605','40','1006050040','14.12000000','0','0','0',NULL,NULL,NULL,NULL,'0','0','0','0105000020D70800000100000001020000000200000000C6FB79E4F92D410018D141E82409410056F2B9E8F92D410026BC0874250941');
INSERT INTO "tax_lot_face" ("tax_lot_face_type","boro","block","lot","bbl","lot_face_length","source","block_face_flag","lot_face_length_error","created_by","created_date","last_modified_by","last_modified_date","av_change","bw_change","approx_length_flag",shape) VALUES ('0','1','605','1','1006050001','83.92000000','0','1','0',NULL,NULL,NULL,NULL,'0','0','0','0105000020D70800000100000001020000000200000000E4780D67F92D41007875E772220941007233ABD4F82D41009E09A6BB220941');
INSERT INTO "tax_lot_face" ("tax_lot_face_type","boro","block","lot","bbl","lot_face_length","source","block_face_flag","lot_face_length_error","created_by","created_date","last_modified_by","last_modified_date","av_change","bw_change","approx_length_flag",shape) VALUES ('0','1','605','48','1006050048','20.50000000','0','0','0',NULL,NULL,NULL,NULL,'0','0','0','0105000020D70800000100000001020000000200000080203A0CBBF92D4100E09A06C6240941007F85D4E2F92D410026A741B2240941');
INSERT INTO "tax_lot_face" ("tax_lot_face_type","boro","block","lot","bbl","lot_face_length","source","block_face_flag","lot_face_length_error","created_by","created_date","last_modified_by","last_modified_date","av_change","bw_change","approx_length_flag",shape) VALUES ('0','1','605','8','1006050008','4.85000000','0','0','0',NULL,NULL,NULL,NULL,'0','0','0','0105000020D708000001000000010200000003000000008E352BA2F92D410092EC4EE026094180366BF8A5F92D4100EA1DABDD26094180351E74ACF92D4100E6B54FD8260941');
INSERT INTO "tax_lot_face" ("tax_lot_face_type","boro","block","lot","bbl","lot_face_length","source","block_face_flag","lot_face_length_error","created_by","created_date","last_modified_by","last_modified_date","av_change","bw_change","approx_length_flag",shape) VALUES ('0','1','605','48','1006050048','66.95000000','1','0','2',NULL,NULL,NULL,NULL,'0','0','0','0105000020D708000001000000010200000004000000007F85D4E2F92D410026A741B22409410077F532E1F92D410056F0A67C24094100419C8FE0F92D4100B0F7AD67240941800DA2BDCFF92D4100305DE13E220941');
INSERT INTO "tax_lot_face" ("tax_lot_face_type","boro","block","lot","bbl","lot_face_length","source","block_face_flag","lot_face_length_error","created_by","created_date","last_modified_by","last_modified_date","av_change","bw_change","approx_length_flag",shape) VALUES ('0','1','605','38','1006050038','6.75000000','0','0','0',NULL,NULL,NULL,NULL,'0','0','0','0105000020D70800000100000001020000000200000000419C8FE0F92D4100B0F7AD67240941007F85D4E2F92D410026A741B2240941');
INSERT INTO "tax_lot_face" ("tax_lot_face_type","boro","block","lot","bbl","lot_face_length","source","block_face_flag","lot_face_length_error","created_by","created_date","last_modified_by","last_modified_date","av_change","bw_change","approx_length_flag",shape) VALUES ('0','1','605','8','1006050008','3.13000000','0','0','0',NULL,NULL,NULL,NULL,'0','0','0','0105000020D70800000100000001020000000200000080A2005997F92D41002ABF10A32509410088981A98F92D4100BC07ECBB250941');
INSERT INTO "tax_lot_face" ("tax_lot_face_type","boro","block","lot","bbl","lot_face_length","source","block_face_flag","lot_face_length_error","created_by","created_date","last_modified_by","last_modified_date","av_change","bw_change","approx_length_flag",shape) VALUES ('0','1','605','31','1006050031','3.43000000','0','0','0',NULL,NULL,NULL,NULL,'0','0','0','0105000020D7080000010000000102000000020000000051EE4698F92D4100C6FC190727094180C2B47797F92D4100EE5A7FEC260941');
INSERT INTO "tax_lot_face" ("tax_lot_face_type","boro","block","lot","bbl","lot_face_length","source","block_face_flag","lot_face_length_error","created_by","created_date","last_modified_by","last_modified_date","av_change","bw_change","approx_length_flag",shape) VALUES ('0','1','605','47','1006050047','20.24000000','0','0','0',NULL,NULL,NULL,NULL,'0','0','0','0105000020D70800000100000001020000000200000000419C8FE0F92D4100B0F7AD6724094100B5370008FA2D41006CFC543E240941');
INSERT INTO "tax_lot_face" ("tax_lot_face_type","boro","block","lot","bbl","lot_face_length","source","block_face_flag","lot_face_length_error","created_by","created_date","last_modified_by","last_modified_date","av_change","bw_change","approx_length_flag",shape) VALUES ('0','1','605','31','1006050031','11.84000000','0','0','0',NULL,NULL,NULL,NULL,'0','0','0','0105000020D70800000100000001020000000200000080FB105C78FA2D41009E8F37C22E094180D6B32861FA2D4100C87041AF2E0941');
INSERT INTO "tax_lot_face" ("tax_lot_face_type","boro","block","lot","bbl","lot_face_length","source","block_face_flag","lot_face_length_error","created_by","created_date","last_modified_by","last_modified_date","av_change","bw_change","approx_length_flag",shape) VALUES ('0','1','605','38','1006050038','125.00000000','0','0','0',NULL,NULL,NULL,NULL,'0','0','0','0105000020D708000001000000010200000002000000008E2108F5F92D4100ECE27308270941807C0956F2FA2D4100B292938A260941');
INSERT INTO "tax_lot_face" ("tax_lot_face_type","boro","block","lot","bbl","lot_face_length","source","block_face_flag","lot_face_length_error","created_by","created_date","last_modified_by","last_modified_date","av_change","bw_change","approx_length_flag",shape) VALUES ('0','1','605','29','1006050029','75.00000000','0','0','0',NULL,NULL,NULL,NULL,'0','0','0','0105000020D70800000100000001020000000200000000C2C3F51DFB2D41000EDD46242C0941800A3C3885FA2D410046802D702C0941');
INSERT INTO "tax_lot_face" ("tax_lot_face_type","boro","block","lot","bbl","lot_face_length","source","block_face_flag","lot_face_length_error","created_by","created_date","last_modified_by","last_modified_date","av_change","bw_change","approx_length_flag",shape) VALUES ('0','1','605','31','1006050031','70.07000000','0','0','0',NULL,NULL,NULL,NULL,'0','0','0','0105000020D70800000100000001020000000200000000EFBE327CF92D410022D7C3C827094100EB850A9DF92D41005AF3CB012A0941');
INSERT INTO "tax_lot_face" ("tax_lot_face_type","boro","block","lot","bbl","lot_face_length","source","block_face_flag","lot_face_length_error","created_by","created_date","last_modified_by","last_modified_date","av_change","bw_change","approx_length_flag",shape) VALUES ('0','1','605','31','1006050031','57.44000000','0','0','0',NULL,NULL,NULL,NULL,'0','0','0','0105000020D70800000100000001020000000200000000BF92B37DF92D4100AA4F5A112A094180E8793F99F92D4100C0C64FDC2B0941');
INSERT INTO "tax_lot_face" ("tax_lot_face_type","boro","block","lot","bbl","lot_face_length","source","block_face_flag","lot_face_length_error","created_by","created_date","last_modified_by","last_modified_date","av_change","bw_change","approx_length_flag",shape) VALUES ('0','1','605','31','1006050031','14.49000000','0','0','0',NULL,NULL,NULL,NULL,'0','0','0','0105000020D70800000100000001020000000200000000150B8454FA2D4100C89E97332C09410098CD2467FA2D4100CE5A648C2C0941');
INSERT INTO "tax_lot_face" ("tax_lot_face_type","boro","block","lot","bbl","lot_face_length","source","block_face_flag","lot_face_length_error","created_by","created_date","last_modified_by","last_modified_date","av_change","bw_change","approx_length_flag",shape) VALUES ('0','1','605','40','1006050040','86.00000000','0','0','0',NULL,NULL,NULL,NULL,'0','0','0','0105000020D708000001000000010200000002000000008106DCE0FA2D4100FAE7344C24094180F3786233FA2D4100963C69A2240941');
INSERT INTO "tax_lot_face" ("tax_lot_face_type","boro","block","lot","bbl","lot_face_length","source","block_face_flag","lot_face_length_error","created_by","created_date","last_modified_by","last_modified_date","av_change","bw_change","approx_length_flag",shape) VALUES ('0','1','605','31','1006050031','5.33000000','0','0','0',NULL,NULL,NULL,NULL,'0','0','0','0105000020D708000001000000010200000002000000005D8431A3F92D410038DAAE012709410051EE4698F92D4100C6FC1907270941');
INSERT INTO "tax_lot_face" ("tax_lot_face_type","boro","block","lot","bbl","lot_face_length","source","block_face_flag","lot_face_length_error","created_by","created_date","last_modified_by","last_modified_date","av_change","bw_change","approx_length_flag",shape) VALUES ('0','1','605','38','1006050038','30.00000000','0','0','0',NULL,NULL,NULL,NULL,'0','0','0','0105000020D708000001000000010200000002000000807C0956F2FA2D4100B292938A26094100A5F5F8EAFA2D4100C4759098250941');
INSERT INTO "tax_lot_face" ("tax_lot_face_type","boro","block","lot","bbl","lot_face_length","source","block_face_flag","lot_face_length_error","created_by","created_date","last_modified_by","last_modified_date","av_change","bw_change","approx_length_flag",shape) VALUES ('0','1','605','8','1006050008','5.33000000','0','0','0',NULL,NULL,NULL,NULL,'0','0','0','0105000020D7080000010000000102000000020000000051EE4698F92D4100C6FC1907270941005D8431A3F92D410038DAAE01270941');
INSERT INTO "tax_lot_face" ("tax_lot_face_type","boro","block","lot","bbl","lot_face_length","source","block_face_flag","lot_face_length_error","created_by","created_date","last_modified_by","last_modified_date","av_change","bw_change","approx_length_flag",shape) VALUES ('0','1','605','8','1006050008','15.79000000','0','0','0',NULL,NULL,NULL,NULL,'0','0','0','0105000020D70800000100000001020000000200000000BF92B37DF92D4100AA4F5A112A094100EB850A9DF92D41005AF3CB012A0941');
INSERT INTO "tax_lot_face" ("tax_lot_face_type","boro","block","lot","bbl","lot_face_length","source","block_face_flag","lot_face_length_error","created_by","created_date","last_modified_by","last_modified_date","av_change","bw_change","approx_length_flag",shape) VALUES ('0','1','605','30','1006050030','20.00000000','0','0','0',NULL,NULL,NULL,NULL,'0','0','0','0105000020D7080000010000000102000000020000008058294580FA2D4100905A82CD2B0941800A3C3885FA2D410046802D702C0941');
INSERT INTO "tax_lot_face" ("tax_lot_face_type","boro","block","lot","bbl","lot_face_length","source","block_face_flag","lot_face_length_error","created_by","created_date","last_modified_by","last_modified_date","av_change","bw_change","approx_length_flag",shape) VALUES ('0','1','605','44','1006050044','86.00000000','0','1','0',NULL,NULL,NULL,NULL,'0','0','0','0105000020D708000001000000010200000002000000008AAB0BCDFA2D41002E9301C121094180FC1D921FFA2D4100CAE73517220941');
INSERT INTO "tax_lot_face" ("tax_lot_face_type","boro","block","lot","bbl","lot_face_length","source","block_face_flag","lot_face_length_error","created_by","created_date","last_modified_by","last_modified_date","av_change","bw_change","approx_length_flag",shape) VALUES ('0','1','605','38','1006050038','39.10000000','0','0','0',NULL,NULL,NULL,NULL,'0','0','0','0105000020D70800000100000001020000000200000000C6FB79E4F92D410018D141E82409410070844D34FA2D4100D09E96C0240941');
INSERT INTO "tax_lot_face" ("tax_lot_face_type","boro","block","lot","bbl","lot_face_length","source","block_face_flag","lot_face_length_error","created_by","created_date","last_modified_by","last_modified_date","av_change","bw_change","approx_length_flag",shape) VALUES ('0','1','605','8','1006050008','3.35000000','0','0','0',NULL,NULL,NULL,NULL,'0','0','0','0105000020D708000001000000010200000002000000005D8431A3F92D410038DAAE01270941008E352BA2F92D410092EC4EE0260941');
INSERT INTO "tax_lot_face" ("tax_lot_face_type","boro","block","lot","bbl","lot_face_length","source","block_face_flag","lot_face_length_error","created_by","created_date","last_modified_by","last_modified_date","av_change","bw_change","approx_length_flag",shape) VALUES ('0','1','605','33','1006050033','125.00000000','0','1','0',NULL,NULL,NULL,NULL,'0','0','0','0105000020D70800000100000001020000000200000080EF3A5C10FB2D4100F05854652A0941807C0956F2FA2D4100B292938A260941');
INSERT INTO "tax_lot_face" ("tax_lot_face_type","boro","block","lot","bbl","lot_face_length","source","block_face_flag","lot_face_length_error","created_by","created_date","last_modified_by","last_modified_date","av_change","bw_change","approx_length_flag",shape) VALUES ('0','1','605','38','1006050038','7.33000000','0','0','0',NULL,NULL,NULL,NULL,'0','0','0','0105000020D70800000100000001020000000200000080F624B8F6F92D4100C270EB3F270941008E2108F5F92D4100ECE27308270941');
INSERT INTO "tax_lot_face" ("tax_lot_face_type","boro","block","lot","bbl","lot_face_length","source","block_face_flag","lot_face_length_error","created_by","created_date","last_modified_by","last_modified_date","av_change","bw_change","approx_length_flag",shape) VALUES ('0','1','605','31','1006050031','1.54000000','0','0','0',NULL,NULL,NULL,NULL,'0','0','0','0105000020D70800000100000001020000000200000080366BF8A5F92D4100EA1DABDD260941008E352BA2F92D410092EC4EE0260941');
INSERT INTO "tax_lot_face" ("tax_lot_face_type","boro","block","lot","bbl","lot_face_length","source","block_face_flag","lot_face_length_error","created_by","created_date","last_modified_by","last_modified_date","av_change","bw_change","approx_length_flag",shape) VALUES ('0','1','605','46','1006050046','19.75000000','0','0','0',NULL,NULL,NULL,NULL,'0','0','0','0105000020D70800000100000001020000000200000000B5370008FA2D41006CFC543E24094100539D162FFA2D410054053515240941');
INSERT INTO "tax_lot_face" ("tax_lot_face_type","boro","block","lot","bbl","lot_face_length","source","block_face_flag","lot_face_length_error","created_by","created_date","last_modified_by","last_modified_date","av_change","bw_change","approx_length_flag",shape) VALUES ('0','1','605','31','1006050031','75.00000000','0','0','0',NULL,NULL,NULL,NULL,'0','0','0','0105000020D70800000100000001020000000200000000CC80F422FB2D410094D672C82C09418014F9368AFA2D4100CC7959142D0941');
INSERT INTO "tax_lot_face" ("tax_lot_face_type","boro","block","lot","bbl","lot_face_length","source","block_face_flag","lot_face_length_error","created_by","created_date","last_modified_by","last_modified_date","av_change","bw_change","approx_length_flag",shape) VALUES ('0','1','605','8','1006050008','71.25000000','0','0','0',NULL,NULL,NULL,NULL,'0','0','0','0105000020D70800000100000001020000000200000080FB105C78FA2D41009E8F37C22E09410098CD2467FA2D4100CE5A648C2C0941');
INSERT INTO "tax_lot_face" ("tax_lot_face_type","boro","block","lot","bbl","lot_face_length","source","block_face_flag","lot_face_length_error","created_by","created_date","last_modified_by","last_modified_date","av_change","bw_change","approx_length_flag",shape) VALUES ('0','1','605','8','1006050008','70.07000000','0','0','0',NULL,NULL,NULL,NULL,'0','0','0','0105000020D70800000100000001020000000200000000EB850A9DF92D41005AF3CB012A094100EFBE327CF92D410022D7C3C8270941');
INSERT INTO "tax_lot_face" ("tax_lot_face_type","boro","block","lot","bbl","lot_face_length","source","block_face_flag","lot_face_length_error","created_by","created_date","last_modified_by","last_modified_date","av_change","bw_change","approx_length_flag",shape) VALUES ('0','1','605','46','1006050046','65.58000000','0','0','0',NULL,NULL,NULL,NULL,'0','0','0','0105000020D70800000100000001020000000200000000B020D5F7F92D41003C5AF52A220941007C480008FA2D41002ED2563E240941');
INSERT INTO "tax_lot_face" ("tax_lot_face_type","boro","block","lot","bbl","lot_face_length","source","block_face_flag","lot_face_length_error","created_by","created_date","last_modified_by","last_modified_date","av_change","bw_change","approx_length_flag",shape) VALUES ('0','1','605','38','1006050038','7.64000000','0','0','0',NULL,NULL,NULL,NULL,'0','0','0','0105000020D70800000100000001020000000200000000321996B0F92D4100A6FCA8072609410031E88CBFF92D41008E774BFB250941');
INSERT INTO "tax_lot_face" ("tax_lot_face_type","boro","block","lot","bbl","lot_face_length","source","block_face_flag","lot_face_length_error","created_by","created_date","last_modified_by","last_modified_date","av_change","bw_change","approx_length_flag",shape) VALUES ('0','1','605','31','1006050031','22.91000000','0','0','0',NULL,NULL,NULL,NULL,'0','0','0','0105000020D70800000100000001020000000200000000F81DCB18FA2D4100FCC329EC2C0941808529D22CFA2D4100D44C51472C0941');
INSERT INTO "tax_lot_face" ("tax_lot_face_type","boro","block","lot","bbl","lot_face_length","source","block_face_flag","lot_face_length_error","created_by","created_date","last_modified_by","last_modified_date","av_change","bw_change","approx_length_flag",shape) VALUES ('0','1','605','31','1006050031','19.77000000','0','0','0',NULL,NULL,NULL,NULL,'0','0','0','0105000020D708000001000000010200000002000000002B09587CF92D41000095671F27094180C10E6B81F92D4100287C2CC6270941');
INSERT INTO "tax_lot_face" ("tax_lot_face_type","boro","block","lot","bbl","lot_face_length","source","block_face_flag","lot_face_length_error","created_by","created_date","last_modified_by","last_modified_date","av_change","bw_change","approx_length_flag",shape) VALUES ('0','1','605','8','1006050008','123.57000000','0','1','0',NULL,NULL,NULL,NULL,'0','0','0','0105000020D7080000010000000102000000020000008089DEB16DF92D41008C2A8FEF2D094180EA0FD55FFA2D4100BC3274B52E0941');
INSERT INTO "tax_lot_face" ("tax_lot_face_type","boro","block","lot","bbl","lot_face_length","source","block_face_flag","lot_face_length_error","created_by","created_date","last_modified_by","last_modified_date","av_change","bw_change","approx_length_flag",shape) VALUES ('0','1','605','1','1006050001','82.83000000','0','0','0',NULL,NULL,NULL,NULL,'0','0','0','0105000020D7080000010000000102000000030000000009E4E102F92D4100A0E8BE1D26094180775BF19AF92D41005A4418A025094180F9EB1DA5F92D41009410B097250941');
INSERT INTO "tax_lot_face" ("tax_lot_face_type","boro","block","lot","bbl","lot_face_length","source","block_face_flag","lot_face_length_error","created_by","created_date","last_modified_by","last_modified_date","av_change","bw_change","approx_length_flag",shape) VALUES ('0','1','605','49','1006050049','6.79000000','0','0','0',NULL,NULL,NULL,NULL,'0','0','0','0105000020D70800000100000001020000000200000080360F2F69F92D41006A4CE19A220941806412FD6BF92D4100A0AC71CF220941');
INSERT INTO "tax_lot_face" ("tax_lot_face_type","boro","block","lot","bbl","lot_face_length","source","block_face_flag","lot_face_length_error","created_by","created_date","last_modified_by","last_modified_date","av_change","bw_change","approx_length_flag",shape) VALUES ('0','1','605','31','1006050031','3.35000000','0','0','0',NULL,NULL,NULL,NULL,'0','0','0','0105000020D708000001000000010200000002000000008E352BA2F92D410092EC4EE0260941005D8431A3F92D410038DAAE01270941');
INSERT INTO "tax_lot_face" ("tax_lot_face_type","boro","block","lot","bbl","lot_face_length","source","block_face_flag","lot_face_length_error","created_by","created_date","last_modified_by","last_modified_date","av_change","bw_change","approx_length_flag",shape) VALUES ('0','1','605','46','1006050046','20.00000000','0','1','0',NULL,NULL,NULL,NULL,'0','0','0','0105000020D70800000100000001020000000200000080FC1D921FFA2D4100CAE7351722094100B020D5F7F92D41003C5AF52A220941');
INSERT INTO "tax_lot_face" ("tax_lot_face_type","boro","block","lot","bbl","lot_face_length","source","block_face_flag","lot_face_length_error","created_by","created_date","last_modified_by","last_modified_date","av_change","bw_change","approx_length_flag",shape) VALUES ('0','1','605','31','1006050031','40.00000000','0','0','0',NULL,NULL,NULL,NULL,'0','0','0','0105000020D7080000010000000102000000020000008014F9368AFA2D4100CC7959142D09418058294580FA2D4100905A82CD2B0941');
INSERT INTO "tax_lot_face" ("tax_lot_face_type","boro","block","lot","bbl","lot_face_length","source","block_face_flag","lot_face_length_error","created_by","created_date","last_modified_by","last_modified_date","av_change","bw_change","approx_length_flag",shape) VALUES ('0','1','605','38','1006050038','2.90000000','0','0','0',NULL,NULL,NULL,NULL,'0','0','0','0105000020D7080000010000000102000000020000008094B6C0ABF92D4100FCF547C126094180351E74ACF92D4100E6B54FD8260941');
INSERT INTO "tax_lot_face" ("tax_lot_face_type","boro","block","lot","bbl","lot_face_length","source","block_face_flag","lot_face_length_error","created_by","created_date","last_modified_by","last_modified_date","av_change","bw_change","approx_length_flag",shape) VALUES ('0','1','605','49','1006050049','20.24000000','0','1','0',NULL,NULL,NULL,NULL,'0','0','0','0105000020D70800000100000001020000000300000000AF56F5A7F92D4100EA50A652220941007B7BDF7DF92D41005A58906722094100E4780D67F92D41007875E772220941');
INSERT INTO "tax_lot_face" ("tax_lot_face_type","boro","block","lot","bbl","lot_face_length","source","block_face_flag","lot_face_length_error","created_by","created_date","last_modified_by","last_modified_date","av_change","bw_change","approx_length_flag",shape) VALUES ('0','1','605','38','1006050038','40.00000000','0','0','0',NULL,NULL,NULL,NULL,'0','0','0','0105000020D70800000100000001020000000200000000539D162FFA2D41005405351524094100419C8FE0F92D4100B0F7AD67240941');
INSERT INTO "tax_lot_face" ("tax_lot_face_type","boro","block","lot","bbl","lot_face_length","source","block_face_flag","lot_face_length_error","created_by","created_date","last_modified_by","last_modified_date","av_change","bw_change","approx_length_flag",shape) VALUES ('0','1','605','8','1006050008','8.77000000','0','0','0',NULL,NULL,NULL,NULL,'0','0','0','0105000020D7080000010000000102000000020000000088981A98F92D4100BC07ECBB25094180F2FE47A9F92D4100C473BAAD250941');
INSERT INTO "tax_lot_face" ("tax_lot_face_type","boro","block","lot","bbl","lot_face_length","source","block_face_flag","lot_face_length_error","created_by","created_date","last_modified_by","last_modified_date","av_change","bw_change","approx_length_flag",shape) VALUES ('0','1','605','49','1006050049','10.30000000','0','0','0',NULL,NULL,NULL,NULL,'0','0','0','0105000020D70800000100000001020000000200000080487B8B80F92D41005C7103D72309418003FC2294F92D41005AF88CBD230941');
INSERT INTO "tax_lot_face" ("tax_lot_face_type","boro","block","lot","bbl","lot_face_length","source","block_face_flag","lot_face_length_error","created_by","created_date","last_modified_by","last_modified_date","av_change","bw_change","approx_length_flag",shape) VALUES ('0','1','605','8','1006050008','75.80000000','0','0','0',NULL,NULL,NULL,NULL,'0','0','0','0105000020D70800000100000001020000000200000080A2005997F92D41002ABF10A32509410009E4E102F92D4100A0E8BE1D260941');
INSERT INTO "tax_lot_face" ("tax_lot_face_type","boro","block","lot","bbl","lot_face_length","source","block_face_flag","lot_face_length_error","created_by","created_date","last_modified_by","last_modified_date","av_change","bw_change","approx_length_flag",shape) VALUES ('0','1','605','38','1006050038','27.20000000','0','0','0',NULL,NULL,NULL,NULL,'0','0','0','0105000020D7080000010000000102000000020000000096FF9895F92D410060CFA2D824094180F9EB1DA5F92D41009410B097250941');
INSERT INTO "tax_lot_face" ("tax_lot_face_type","boro","block","lot","bbl","lot_face_length","source","block_face_flag","lot_face_length_error","created_by","created_date","last_modified_by","last_modified_date","av_change","bw_change","approx_length_flag",shape) VALUES ('0','1','605','31','1006050031','125.00000000','0','0','0',NULL,NULL,NULL,NULL,'0','0','0','0105000020D70800000100000001020000000200000080EF3A5C10FB2D4100F05854652A09410073310E13FA2D4100F22234E32A0941');
INSERT INTO "tax_lot_face" ("tax_lot_face_type","boro","block","lot","bbl","lot_face_length","source","block_face_flag","lot_face_length_error","created_by","created_date","last_modified_by","last_modified_date","av_change","bw_change","approx_length_flag",shape) VALUES ('0','1','605','38','1006050038','36.87000000','0','0','0',NULL,NULL,NULL,NULL,'0','0','0','0105000020D70800000100000001020000000200000080F624B8F6F92D4100C270EB3F27094100C8E71DAAF92D41001A5FF165270941');
INSERT INTO "tax_lot_face" ("tax_lot_face_type","boro","block","lot","bbl","lot_face_length","source","block_face_flag","lot_face_length_error","created_by","created_date","last_modified_by","last_modified_date","av_change","bw_change","approx_length_flag",shape) VALUES ('0','1','605','49','1006050049','24.25000000','0','0','0',NULL,NULL,NULL,NULL,'0','0','0','0105000020D7080000010000000102000000020000008003FC2294F92D41005AF88CBD2309410059B91FA3F92D410008350E76240941');
INSERT INTO "tax_lot_face" ("tax_lot_face_type","boro","block","lot","bbl","lot_face_length","source","block_face_flag","lot_face_length_error","created_by","created_date","last_modified_by","last_modified_date","av_change","bw_change","approx_length_flag",shape) VALUES ('0','1','605','31','1006050031','68.02000000','0','0','0',NULL,NULL,NULL,NULL,'0','0','0','0105000020D70800000100000001020000000200000080E8793F99F92D4100C0C64FDC2B0941809C172F01FA2D4100FCE8673B2D0941');
INSERT INTO "tax_lot_face" ("tax_lot_face_type","boro","block","lot","bbl","lot_face_length","source","block_face_flag","lot_face_length_error","created_by","created_date","last_modified_by","last_modified_date","av_change","bw_change","approx_length_flag",shape) VALUES ('0','1','605','38','1006050038','7.03000000','0','0','0',NULL,NULL,NULL,NULL,'0','0','0','0105000020D70800000100000001020000000200000080F9EB1DA5F92D41009410B09725094180A2005997F92D41002ABF10A3250941');
INSERT INTO "tax_lot_face" ("tax_lot_face_type","boro","block","lot","bbl","lot_face_length","source","block_face_flag","lot_face_length_error","created_by","created_date","last_modified_by","last_modified_date","av_change","bw_change","approx_length_flag",shape) VALUES ('0','1','605','8','1006050008','2.63000000','0','0','0',NULL,NULL,NULL,NULL,'0','0','0','0105000020D70800000100000001020000000200000000EFBE327CF92D410022D7C3C827094180C10E6B81F92D4100287C2CC6270941');
INSERT INTO "tax_lot_face" ("tax_lot_face_type","boro","block","lot","bbl","lot_face_length","source","block_face_flag","lot_face_length_error","created_by","created_date","last_modified_by","last_modified_date","av_change","bw_change","approx_length_flag",shape) VALUES ('0','1','605','38','1006050038','17.16000000','0','0','0',NULL,NULL,NULL,NULL,'0','0','0','0105000020D70800000100000001020000000200000000C8E71DAAF92D41001A5FF16527094180366BF8A5F92D4100EA1DABDD260941');
INSERT INTO "tax_lot_face" ("tax_lot_face_type","boro","block","lot","bbl","lot_face_length","source","block_face_flag","lot_face_length_error","created_by","created_date","last_modified_by","last_modified_date","av_change","bw_change","approx_length_flag",shape) VALUES ('0','1','605','46','1006050046','64.25000000','0','0','0',NULL,NULL,NULL,NULL,'0','0','0','0105000020D70800000100000001020000000200000000539D162FFA2D41005405351524094180FC1D921FFA2D4100CAE73517220941');
INSERT INTO "tax_lot_face" ("tax_lot_face_type","boro","block","lot","bbl","lot_face_length","source","block_face_flag","lot_face_length_error","created_by","created_date","last_modified_by","last_modified_date","av_change","bw_change","approx_length_flag",shape) VALUES ('0','1','605','39','1006050039','20.00000000','0','0','0',NULL,NULL,NULL,NULL,'0','0','0','0105000020D7080000010000000102000000020000000056F2B9E8F92D410026BC08742509410029ECAAEDF92D4100FEC57016260941');
INSERT INTO "tax_lot_face" ("tax_lot_face_type","boro","block","lot","bbl","lot_face_length","source","block_face_flag","lot_face_length_error","created_by","created_date","last_modified_by","last_modified_date","av_change","bw_change","approx_length_flag",shape) VALUES ('0','1','605','29','1006050029','75.00000000','0','0','0',NULL,NULL,NULL,NULL,'0','0','0','0105000020D7080000010000000102000000020000008014F9368AFA2D4100CC7959142D094100CC80F422FB2D410094D672C82C0941');
INSERT INTO "tax_lot_face" ("tax_lot_face_type","boro","block","lot","bbl","lot_face_length","source","block_face_flag","lot_face_length_error","created_by","created_date","last_modified_by","last_modified_date","av_change","bw_change","approx_length_flag",shape) VALUES ('0','1','605','8','1006050008','7.64000000','0','0','0',NULL,NULL,NULL,NULL,'0','0','0','0105000020D7080000010000000102000000020000000031E88CBFF92D41008E774BFB25094100321996B0F92D4100A6FCA807260941');
INSERT INTO "tax_lot_face" ("tax_lot_face_type","boro","block","lot","bbl","lot_face_length","source","block_face_flag","lot_face_length_error","created_by","created_date","last_modified_by","last_modified_date","av_change","bw_change","approx_length_flag",shape) VALUES ('0','1','605','30','1006050030','75.00000000','0','0','0',NULL,NULL,NULL,NULL,'0','0','0','0105000020D708000001000000010200000002000000800A3C3885FA2D410046802D702C094100C2C3F51DFB2D41000EDD46242C0941');
INSERT INTO "tax_lot_face" ("tax_lot_face_type","boro","block","lot","bbl","lot_face_length","source","block_face_flag","lot_face_length_error","created_by","created_date","last_modified_by","last_modified_date","av_change","bw_change","approx_length_flag",shape) VALUES ('0','1','605','1','1006050001','3.85000000','0','0','0',NULL,NULL,NULL,NULL,'0','0','0','0105000020D7080000010000000102000000020000008088E59E6DF92D410026EE0AEE220941806412FD6BF92D4100A0AC71CF220941');
INSERT INTO "tax_lot_face" ("tax_lot_face_type","boro","block","lot","bbl","lot_face_length","source","block_face_flag","lot_face_length_error","created_by","created_date","last_modified_by","last_modified_date","av_change","bw_change","approx_length_flag",shape) VALUES ('0','1','605','31','1006050031','36.87000000','0','0','0',NULL,NULL,NULL,NULL,'0','0','0','0105000020D70800000100000001020000000200000000C8E71DAAF92D41001A5FF16527094180F624B8F6F92D4100C270EB3F270941');
INSERT INTO "tax_lot_face" ("tax_lot_face_type","boro","block","lot","bbl","lot_face_length","source","block_face_flag","lot_face_length_error","created_by","created_date","last_modified_by","last_modified_date","av_change","bw_change","approx_length_flag",shape) VALUES ('0','1','605','49','1006050049','15.16000000','0','0','0',NULL,NULL,NULL,NULL,'0','0','0','0105000020D7080000010000000102000000020000000096FF9895F92D410060CFA2D824094180203A0CBBF92D4100E09A06C6240941');
INSERT INTO "tax_lot_face" ("tax_lot_face_type","boro","block","lot","bbl","lot_face_length","source","block_face_flag","lot_face_length_error","created_by","created_date","last_modified_by","last_modified_date","av_change","bw_change","approx_length_flag",shape) VALUES ('0','1','605','31','1006050031','2.63000000','0','0','0',NULL,NULL,NULL,NULL,'0','0','0','0105000020D70800000100000001020000000200000080C10E6B81F92D4100287C2CC627094100EFBE327CF92D410022D7C3C8270941');
INSERT INTO "tax_lot_face" ("tax_lot_face_type","boro","block","lot","bbl","lot_face_length","source","block_face_flag","lot_face_length_error","created_by","created_date","last_modified_by","last_modified_date","av_change","bw_change","approx_length_flag",shape) VALUES ('0','1','605','38','1006050038','3.13000000','0','0','0',NULL,NULL,NULL,NULL,'0','0','0','0105000020D7080000010000000102000000020000000088981A98F92D4100BC07ECBB25094180A2005997F92D41002ABF10A3250941');
INSERT INTO "tax_lot_face" ("tax_lot_face_type","boro","block","lot","bbl","lot_face_length","source","block_face_flag","lot_face_length_error","created_by","created_date","last_modified_by","last_modified_date","av_change","bw_change","approx_length_flag",shape) VALUES ('0','1','605','49','1006050049','30.62000000','0','0','0',NULL,NULL,NULL,NULL,'0','0','0','0105000020D7080000010000000102000000020000008088E59E6DF92D410026EE0AEE22094180487B8B80F92D41005C7103D7230941');
INSERT INTO "tax_lot_face" ("tax_lot_face_type","boro","block","lot","bbl","lot_face_length","source","block_face_flag","lot_face_length_error","created_by","created_date","last_modified_by","last_modified_date","av_change","bw_change","approx_length_flag",shape) VALUES ('0','1','605','40','1006050040','3.11000000','0','0','0',NULL,NULL,NULL,NULL,'0','0','0','0105000020D70800000100000001020000000200000080F3786233FA2D4100963C69A22409410070844D34FA2D4100D09E96C0240941');
INSERT INTO "tax_lot_face" ("tax_lot_face_type","boro","block","lot","bbl","lot_face_length","source","block_face_flag","lot_face_length_error","created_by","created_date","last_modified_by","last_modified_date","av_change","bw_change","approx_length_flag",shape) VALUES ('0','1','605','8','1006050008','11.82000000','0','0','0',NULL,NULL,NULL,NULL,'0','0','0','0105000020D70800000100000001020000000200000080F2FE47A9F92D4100C473BAAD25094100321996B0F92D4100A6FCA807260941');
INSERT INTO "tax_lot_face" ("tax_lot_face_type","boro","block","lot","bbl","lot_face_length","source","block_face_flag","lot_face_length_error","created_by","created_date","last_modified_by","last_modified_date","av_change","bw_change","approx_length_flag",shape) VALUES ('0','1','605','38','1006050038','11.82000000','0','0','0',NULL,NULL,NULL,NULL,'0','0','0','0105000020D70800000100000001020000000200000000321996B0F92D4100A6FCA80726094180F2FE47A9F92D4100C473BAAD250941');
INSERT INTO "tax_lot_face" ("tax_lot_face_type","boro","block","lot","bbl","lot_face_length","source","block_face_flag","lot_face_length_error","created_by","created_date","last_modified_by","last_modified_date","av_change","bw_change","approx_length_flag",shape) VALUES ('0','1','605','29','1006050029','20.00000000','0','1','0',NULL,NULL,NULL,NULL,'0','0','0','0105000020D70800000100000001020000000200000000CC80F422FB2D410094D672C82C094100C2C3F51DFB2D41000EDD46242C0941');
INSERT INTO "tax_lot_face" ("tax_lot_face_type","boro","block","lot","bbl","lot_face_length","source","block_face_flag","lot_face_length_error","created_by","created_date","last_modified_by","last_modified_date","av_change","bw_change","approx_length_flag",shape) VALUES ('0','1','605','47','1006050047','65.58000000','0','0','0',NULL,NULL,NULL,NULL,'0','0','0','0105000020D70800000100000001020000000200000000B5370008FA2D41006CFC543E24094100B020D5F7F92D41003C5AF52A220941');
INSERT INTO "tax_lot_face" ("tax_lot_face_type","boro","block","lot","bbl","lot_face_length","source","block_face_flag","lot_face_length_error","created_by","created_date","last_modified_by","last_modified_date","av_change","bw_change","approx_length_flag",shape) VALUES ('0','1','605','8','1006050008','14.49000000','0','0','0',NULL,NULL,NULL,NULL,'0','0','0','0105000020D7080000010000000102000000020000000098CD2467FA2D4100CE5A648C2C094100150B8454FA2D4100C89E97332C0941');
INSERT INTO "tax_lot_face" ("tax_lot_face_type","boro","block","lot","bbl","lot_face_length","source","block_face_flag","lot_face_length_error","created_by","created_date","last_modified_by","last_modified_date","av_change","bw_change","approx_length_flag",shape) VALUES ('0','1','605','31','1006050031','17.16000000','0','0','0',NULL,NULL,NULL,NULL,'0','0','0','0105000020D70800000100000001020000000200000080366BF8A5F92D4100EA1DABDD26094100C8E71DAAF92D41001A5FF165270941');
INSERT INTO "tax_lot_face" ("tax_lot_face_type","boro","block","lot","bbl","lot_face_length","source","block_face_flag","lot_face_length_error","created_by","created_date","last_modified_by","last_modified_date","av_change","bw_change","approx_length_flag",shape) VALUES ('0','1','605','31','1006050031','108.30000000','0','1','0',NULL,NULL,NULL,NULL,'0','0','0','0105000020D70800000100000001020000000200000080EA0FD55FFA2D4100BC3274B52E094180AD515037FB2D4100D61D90652F0941');
INSERT INTO "tax_lot_face" ("tax_lot_face_type","boro","block","lot","bbl","lot_face_length","source","block_face_flag","lot_face_length_error","created_by","created_date","last_modified_by","last_modified_date","av_change","bw_change","approx_length_flag",shape) VALUES ('0','1','605','38','1006050038','125.00000000','0','0','0',NULL,NULL,NULL,NULL,'0','0','0','0105000020D70800000100000001020000000200000000A5F5F8EAFA2D4100C47590982509410029ECAAEDF92D4100FEC57016260941');
INSERT INTO "tax_lot_face" ("tax_lot_face_type","boro","block","lot","bbl","lot_face_length","source","block_face_flag","lot_face_length_error","created_by","created_date","last_modified_by","last_modified_date","av_change","bw_change","approx_length_flag",shape) VALUES ('0','1','605','39','1006050039','125.00000000','0','0','0',NULL,NULL,NULL,NULL,'0','0','0','0105000020D7080000010000000102000000020000000029ECAAEDF92D4100FEC5701626094100A5F5F8EAFA2D4100C4759098250941');
INSERT INTO "tax_lot_face" ("tax_lot_face_type","boro","block","lot","bbl","lot_face_length","source","block_face_flag","lot_face_length_error","created_by","created_date","last_modified_by","last_modified_date","av_change","bw_change","approx_length_flag",shape) VALUES ('0','1','605','33','1006050033','125.00000000','0','0','0',NULL,NULL,NULL,NULL,'0','0','0','0105000020D7080000010000000102000000020000000073310E13FA2D4100F22234E32A094180EF3A5C10FB2D4100F05854652A0941');
INSERT INTO "tax_lot_face" ("tax_lot_face_type","boro","block","lot","bbl","lot_face_length","source","block_face_flag","lot_face_length_error","created_by","created_date","last_modified_by","last_modified_date","av_change","bw_change","approx_length_flag",shape) VALUES ('0','1','605','8','1006050008','7.56000000','0','0','0',NULL,NULL,NULL,NULL,'0','0','0','0105000020D70800000100000001020000000200000080D98F1CC2F92D4100D646794F26094100E6E44DB3F92D4100A8A2B55B260941');
INSERT INTO "tax_lot_face" ("tax_lot_face_type","boro","block","lot","bbl","lot_face_length","source","block_face_flag","lot_face_length_error","created_by","created_date","last_modified_by","last_modified_date","av_change","bw_change","approx_length_flag",shape) VALUES ('0','1','605','8','1006050008','19.77000000','0','0','0',NULL,NULL,NULL,NULL,'0','0','0','0105000020D70800000100000001020000000200000080C10E6B81F92D4100287C2CC6270941002B09587CF92D41000095671F270941');
INSERT INTO "tax_lot_face" ("tax_lot_face_type","boro","block","lot","bbl","lot_face_length","source","block_face_flag","lot_face_length_error","created_by","created_date","last_modified_by","last_modified_date","av_change","bw_change","approx_length_flag",shape) VALUES ('0','1','605','1','1006050001','34.81000000','0','0','0',NULL,NULL,NULL,NULL,'0','0','0','0105000020D70800000100000001020000000300000080F9EB1DA5F92D41009410B0972509410096FF9895F92D410060CFA2D8240941804173A58FF92D4100D0CC5E8F240941');
INSERT INTO "tax_lot_face" ("tax_lot_face_type","boro","block","lot","bbl","lot_face_length","source","block_face_flag","lot_face_length_error","created_by","created_date","last_modified_by","last_modified_date","av_change","bw_change","approx_length_flag",shape) VALUES ('0','1','605','8','1006050008','3.43000000','0','0','0',NULL,NULL,NULL,NULL,'0','0','0','0105000020D70800000100000001020000000200000080C2B47797F92D4100EE5A7FEC2609410051EE4698F92D4100C6FC1907270941');
INSERT INTO "tax_lot_face" ("tax_lot_face_type","boro","block","lot","bbl","lot_face_length","source","block_face_flag","lot_face_length_error","created_by","created_date","last_modified_by","last_modified_date","av_change","bw_change","approx_length_flag",shape) VALUES ('0','1','605','49','1006050049','10.24000000','0','0','0',NULL,NULL,NULL,NULL,'0','0','0','0105000020D7080000010000000102000000020000000059B91FA3F92D410008350E76240941804173A58FF92D4100D0CC5E8F240941');
INSERT INTO "tax_lot_face" ("tax_lot_face_type","boro","block","lot","bbl","lot_face_length","source","block_face_flag","lot_face_length_error","created_by","created_date","last_modified_by","last_modified_date","av_change","bw_change","approx_length_flag",shape) VALUES ('0','1','605','8','1006050008','11.84000000','0','0','0',NULL,NULL,NULL,NULL,'0','0','0','0105000020D70800000100000001020000000200000080D6B32861FA2D4100C87041AF2E094180FB105C78FA2D41009E8F37C22E0941');
INSERT INTO "tax_lot_face" ("tax_lot_face_type","boro","block","lot","bbl","lot_face_length","source","block_face_flag","lot_face_length_error","created_by","created_date","last_modified_by","last_modified_date","av_change","bw_change","approx_length_flag",shape) VALUES ('0','1','605','8','1006050008','20.00000000','0','0','0',NULL,NULL,NULL,NULL,'0','0','0','0105000020D70800000100000001020000000200000000150B8454FA2D4100C89E97332C0941808529D22CFA2D4100D44C51472C0941');
INSERT INTO "tax_lot_face" ("tax_lot_face_type","boro","block","lot","bbl","lot_face_length","source","block_face_flag","lot_face_length_error","created_by","created_date","last_modified_by","last_modified_date","av_change","bw_change","approx_length_flag",shape) VALUES ('0','1','605','1','1006050001','24.25000000','0','0','0',NULL,NULL,NULL,NULL,'0','0','0','0105000020D7080000010000000102000000020000000059B91FA3F92D410008350E762409418003FC2294F92D41005AF88CBD230941');
INSERT INTO "tax_lot_face" ("tax_lot_face_type","boro","block","lot","bbl","lot_face_length","source","block_face_flag","lot_face_length_error","created_by","created_date","last_modified_by","last_modified_date","av_change","bw_change","approx_length_flag",shape) VALUES ('0','1','605','8','1006050008','8.91000000','0','0','0',NULL,NULL,NULL,NULL,'0','0','0','0105000020D70800000100000001020000000200000080F11D0486F92D410082FFEAFA26094180C2B47797F92D4100EE5A7FEC260941');
INSERT INTO "tax_lot_face" ("tax_lot_face_type","boro","block","lot","bbl","lot_face_length","source","block_face_flag","lot_face_length_error","created_by","created_date","last_modified_by","last_modified_date","av_change","bw_change","approx_length_flag",shape) VALUES ('0','1','605','49','1006050049','75.06000000','1','0','2',NULL,NULL,NULL,NULL,'0','0','0','0105000020D70800000100000001020000000200000080203A0CBBF92D4100E09A06C624094100AF56F5A7F92D4100EA50A652220941');
INSERT INTO "tax_lot_face" ("tax_lot_face_type","boro","block","lot","bbl","lot_face_length","source","block_face_flag","lot_face_length_error","created_by","created_date","last_modified_by","last_modified_date","av_change","bw_change","approx_length_flag",shape) VALUES ('0','1','605','38','1006050038','5.30000000','0','0','0',NULL,NULL,NULL,NULL,'0','0','0','0105000020D70800000100000001020000000200000080B03222B6F92D4100961CB4B82609418094B6C0ABF92D4100FCF547C1260941');
INSERT INTO "tax_lot_face" ("tax_lot_face_type","boro","block","lot","bbl","lot_face_length","source","block_face_flag","lot_face_length_error","created_by","created_date","last_modified_by","last_modified_date","av_change","bw_change","approx_length_flag",shape) VALUES ('0','1','605','31','1006050031','8.91000000','0','0','0',NULL,NULL,NULL,NULL,'0','0','0','0105000020D70800000100000001020000000200000080C2B47797F92D4100EE5A7FEC26094180F11D0486F92D410082FFEAFA260941');
INSERT INTO "tax_lot_face" ("tax_lot_face_type","boro","block","lot","bbl","lot_face_length","source","block_face_flag","lot_face_length_error","created_by","created_date","last_modified_by","last_modified_date","av_change","bw_change","approx_length_flag",shape) VALUES ('0','1','605','1','1006050001','108.00000000','0','1','0',NULL,NULL,NULL,NULL,'0','0','0','0105000020D708000001000000010200000002000000007233ABD4F82D41009E09A6BB2209410009E4E102F92D4100A0E8BE1D260941');
INSERT INTO "tax_lot_face" ("tax_lot_face_type","boro","block","lot","bbl","lot_face_length","source","block_face_flag","lot_face_length_error","created_by","created_date","last_modified_by","last_modified_date","av_change","bw_change","approx_length_flag",shape) VALUES ('0','1','605','49','1006050049','3.85000000','0','0','0',NULL,NULL,NULL,NULL,'0','0','0','0105000020D708000001000000010200000002000000806412FD6BF92D4100A0AC71CF2209418088E59E6DF92D410026EE0AEE220941');
INSERT INTO "tax_lot_face" ("tax_lot_face_type","boro","block","lot","bbl","lot_face_length","source","block_face_flag","lot_face_length_error","created_by","created_date","last_modified_by","last_modified_date","av_change","bw_change","approx_length_flag",shape) VALUES ('0','1','605','31','1006050031','75.00000000','0','0','0',NULL,NULL,NULL,NULL,'0','0','0','0105000020D7080000010000000102000000020000008058294580FA2D4100905A82CD2B094180828F0219FB2D410058B79B812B0941');
INSERT INTO "tax_lot_face" ("tax_lot_face_type","boro","block","lot","bbl","lot_face_length","source","block_face_flag","lot_face_length_error","created_by","created_date","last_modified_by","last_modified_date","av_change","bw_change","approx_length_flag",shape) VALUES ('0','1','605','8','1006050008','57.44000000','0','0','0',NULL,NULL,NULL,NULL,'0','0','0','0105000020D70800000100000001020000000200000080E8793F99F92D4100C0C64FDC2B094100BF92B37DF92D4100AA4F5A112A0941');
INSERT INTO "tax_lot_face" ("tax_lot_face_type","boro","block","lot","bbl","lot_face_length","source","block_face_flag","lot_face_length_error","created_by","created_date","last_modified_by","last_modified_date","av_change","bw_change","approx_length_flag",shape) VALUES ('0','1','605','1','1006050001','30.62000000','0','0','0',NULL,NULL,NULL,NULL,'0','0','0','0105000020D70800000100000001020000000200000080487B8B80F92D41005C7103D72309418088E59E6DF92D410026EE0AEE220941');
INSERT INTO "tax_lot_face" ("tax_lot_face_type","boro","block","lot","bbl","lot_face_length","source","block_face_flag","lot_face_length_error","created_by","created_date","last_modified_by","last_modified_date","av_change","bw_change","approx_length_flag",shape) VALUES ('0','1','605','1','1006050001','6.79000000','0','0','0',NULL,NULL,NULL,NULL,'0','0','0','0105000020D708000001000000010200000002000000806412FD6BF92D4100A0AC71CF22094180360F2F69F92D41006A4CE19A220941');
INSERT INTO "tax_lot_face" ("tax_lot_face_type","boro","block","lot","bbl","lot_face_length","source","block_face_flag","lot_face_length_error","created_by","created_date","last_modified_by","last_modified_date","av_change","bw_change","approx_length_flag",shape) VALUES ('0','1','605','31','1006050031','36.00000000','0','0','0',NULL,NULL,NULL,NULL,'0','0','0','0105000020D70800000100000001020000000200000080828F0219FB2D410058B79B812B094180EF3A5C10FB2D4100F05854652A0941');
INSERT INTO "tax_lot_face" ("tax_lot_face_type","boro","block","lot","bbl","lot_face_length","source","block_face_flag","lot_face_length_error","created_by","created_date","last_modified_by","last_modified_date","av_change","bw_change","approx_length_flag",shape) VALUES ('0','1','605','38','1006050038','8.77000000','0','0','0',NULL,NULL,NULL,NULL,'0','0','0','0105000020D70800000100000001020000000200000080F2FE47A9F92D4100C473BAAD2509410088981A98F92D4100BC07ECBB250941');
INSERT INTO "tax_lot_face" ("tax_lot_face_type","boro","block","lot","bbl","lot_face_length","source","block_face_flag","lot_face_length_error","created_by","created_date","last_modified_by","last_modified_date","av_change","bw_change","approx_length_flag",shape) VALUES ('0','1','605','38','1006050038','10.60000000','0','0','0',NULL,NULL,NULL,NULL,'0','0','0','0105000020D70800000100000001020000000200000080D98F1CC2F92D4100D646794F2609410031E88CBFF92D41008E774BFB250941');
INSERT INTO "tax_lot_face" ("tax_lot_face_type","boro","block","lot","bbl","lot_face_length","source","block_face_flag","lot_face_length_error","created_by","created_date","last_modified_by","last_modified_date","av_change","bw_change","approx_length_flag",shape) VALUES ('0','1','605','38','1006050038','34.12000000','0','0','0',NULL,NULL,NULL,NULL,'0','0','0','0105000020D7080000010000000102000000020000000029ECAAEDF92D4100FEC5701626094100C6FB79E4F92D410018D141E8240941');
INSERT INTO "tax_lot_face" ("tax_lot_face_type","boro","block","lot","bbl","lot_face_length","source","block_face_flag","lot_face_length_error","created_by","created_date","last_modified_by","last_modified_date","av_change","bw_change","approx_length_flag",shape) VALUES ('0','1','605','38','1006050038','11.71000000','0','0','0',NULL,NULL,NULL,NULL,'0','0','0','0105000020D70800000100000001020000000200000080B03222B6F92D4100961CB4B826094100E6E44DB3F92D4100A8A2B55B260941');
INSERT INTO "tax_lot_face" ("tax_lot_face_type","boro","block","lot","bbl","lot_face_length","source","block_face_flag","lot_face_length_error","created_by","created_date","last_modified_by","last_modified_date","av_change","bw_change","approx_length_flag",shape) VALUES ('0','1','605','38','1006050038','3.31000000','0','0','0',NULL,NULL,NULL,NULL,'0','0','0','0105000020D70800000100000001020000000200000080351E74ACF92D4100E6B54FD826094180366BF8A5F92D4100EA1DABDD260941');
INSERT INTO "tax_lot_face" ("tax_lot_face_type","boro","block","lot","bbl","lot_face_length","source","block_face_flag","lot_face_length_error","created_by","created_date","last_modified_by","last_modified_date","av_change","bw_change","approx_length_flag",shape) VALUES ('0','1','605','8','1006050008','5.30000000','0','0','0',NULL,NULL,NULL,NULL,'0','0','0','0105000020D7080000010000000102000000020000008094B6C0ABF92D4100FCF547C126094180B03222B6F92D4100961CB4B8260941');
INSERT INTO "tax_lot_face" ("tax_lot_face_type","boro","block","lot","bbl","lot_face_length","source","block_face_flag","lot_face_length_error","created_by","created_date","last_modified_by","last_modified_date","av_change","bw_change","approx_length_flag",shape) VALUES ('0','1','605','30','1006050030','20.00000000','0','1','0',NULL,NULL,NULL,NULL,'0','0','0','0105000020D70800000100000001020000000200000000C2C3F51DFB2D41000EDD46242C094180828F0219FB2D410058B79B812B0941');
INSERT INTO "tax_lot_face" ("tax_lot_face_type","boro","block","lot","bbl","lot_face_length","source","block_face_flag","lot_face_length_error","created_by","created_date","last_modified_by","last_modified_date","av_change","bw_change","approx_length_flag",shape) VALUES ('0','1','605','8','1006050008','15.41000000','0','0','0',NULL,NULL,NULL,NULL,'0','0','0','0105000020D70800000100000001020000000200000000F81DCB18FA2D4100FCC329EC2C0941809C172F01FA2D4100FCE8673B2D0941');
INSERT INTO "tax_lot_face" ("tax_lot_face_type","boro","block","lot","bbl","lot_face_length","source","block_face_flag","lot_face_length_error","created_by","created_date","last_modified_by","last_modified_date","av_change","bw_change","approx_length_flag",shape) VALUES ('0','1','605','1','1006050001','10.24000000','0','0','0',NULL,NULL,NULL,NULL,'0','0','0','0105000020D708000001000000010200000002000000804173A58FF92D4100D0CC5E8F2409410059B91FA3F92D410008350E76240941');
INSERT INTO "tax_lot_face" ("tax_lot_face_type","boro","block","lot","bbl","lot_face_length","source","block_face_flag","lot_face_length_error","created_by","created_date","last_modified_by","last_modified_date","av_change","bw_change","approx_length_flag",shape) VALUES ('0','1','605','38','1006050038','35.67000000','0','0','0',NULL,NULL,NULL,NULL,'0','0','0','0105000020D708000001000000010200000002000000007F85D4E2F92D410026A741B22409410096FF9895F92D410060CFA2D8240941');
INSERT INTO "tax_lot_face" ("tax_lot_face_type","boro","block","lot","bbl","lot_face_length","source","block_face_flag","lot_face_length_error","created_by","created_date","last_modified_by","last_modified_date","av_change","bw_change","approx_length_flag",shape) VALUES ('0','1','605','31','1006050031','117.68000000','0','0','0',NULL,NULL,NULL,NULL,'0','0','0','0105000020D7080000010000000102000000020000000073310E13FA2D4100F22234E32A094180F624B8F6F92D4100C270EB3F270941');
INSERT INTO "tax_lot_face" ("tax_lot_face_type","boro","block","lot","bbl","lot_face_length","source","block_face_flag","lot_face_length_error","created_by","created_date","last_modified_by","last_modified_date","av_change","bw_change","approx_length_flag",shape) VALUES ('0','1','605','38','1006050038','7.56000000','0','0','0',NULL,NULL,NULL,NULL,'0','0','0','0105000020D70800000100000001020000000200000000E6E44DB3F92D4100A8A2B55B26094180D98F1CC2F92D4100D646794F260941');
INSERT INTO "tax_lot_face" ("tax_lot_face_type","boro","block","lot","bbl","lot_face_length","source","block_face_flag","lot_face_length_error","created_by","created_date","last_modified_by","last_modified_date","av_change","bw_change","approx_length_flag",shape) VALUES ('0','1','605','8','1006050008','255.29000000','0','1','0',NULL,NULL,NULL,NULL,'0','0','0','0105000020D7080000010000000102000000020000000009E4E102F92D4100A0E8BE1D2609418089DEB16DF92D41008C2A8FEF2D0941');
INSERT INTO "tax_lot_face" ("tax_lot_face_type","boro","block","lot","bbl","lot_face_length","source","block_face_flag","lot_face_length_error","created_by","created_date","last_modified_by","last_modified_date","av_change","bw_change","approx_length_flag",shape) VALUES ('0','1','605','30','1006050030','75.00000000','0','0','0',NULL,NULL,NULL,NULL,'0','0','0','0105000020D70800000100000001020000000200000080828F0219FB2D410058B79B812B09418058294580FA2D4100905A82CD2B0941');
INSERT INTO "tax_lot_face" ("tax_lot_face_type","boro","block","lot","bbl","lot_face_length","source","block_face_flag","lot_face_length_error","created_by","created_date","last_modified_by","last_modified_date","av_change","bw_change","approx_length_flag",shape) VALUES ('0','1','605','40','1006050040','125.00000000','0','0','0',NULL,NULL,NULL,NULL,'0','0','0','0105000020D7080000010000000102000000020000000056F2B9E8F92D410026BC08742509418044DA07E6FA2D4100EC6B28F6240941');
INSERT INTO "tax_lot_face" ("tax_lot_face_type","boro","block","lot","bbl","lot_face_length","source","block_face_flag","lot_face_length_error","created_by","created_date","last_modified_by","last_modified_date","av_change","bw_change","approx_length_flag",shape) VALUES ('0','1','605','8','1006050008','1.02000000','0','0','0',NULL,NULL,NULL,NULL,'0','0','0','0105000020D70800000100000001020000000200000080EA0FD55FFA2D4100BC3274B52E094180D6B32861FA2D4100C87041AF2E0941');
INSERT INTO "tax_lot_face" ("tax_lot_face_type","boro","block","lot","bbl","lot_face_length","source","block_face_flag","lot_face_length_error","created_by","created_date","last_modified_by","last_modified_date","av_change","bw_change","approx_length_flag",shape) VALUES ('0','1','605','31','1006050031','15.79000000','0','0','0',NULL,NULL,NULL,NULL,'0','0','0','0105000020D70800000100000001020000000200000000EB850A9DF92D41005AF3CB012A094100BF92B37DF92D4100AA4F5A112A0941');
INSERT INTO "tax_lot_face" ("tax_lot_face_type","boro","block","lot","bbl","lot_face_length","source","block_face_flag","lot_face_length_error","created_by","created_date","last_modified_by","last_modified_date","av_change","bw_change","approx_length_flag",shape) VALUES ('0','1','605','1','1006050001','10.30000000','0','0','0',NULL,NULL,NULL,NULL,'0','0','0','0105000020D7080000010000000102000000020000008003FC2294F92D41005AF88CBD23094180487B8B80F92D41005C7103D7230941');
INSERT INTO "tax_lot_face" ("tax_lot_face_type","boro","block","lot","bbl","lot_face_length","source","block_face_flag","lot_face_length_error","created_by","created_date","last_modified_by","last_modified_date","av_change","bw_change","approx_length_flag",shape) VALUES ('0','1','605','31','1006050031','20.00000000','0','0','0',NULL,NULL,NULL,NULL,'0','0','0','0105000020D708000001000000010200000002000000808529D22CFA2D4100D44C51472C094100150B8454FA2D4100C89E97332C0941');
INSERT INTO "tax_lot_face" ("tax_lot_face_type","boro","block","lot","bbl","lot_face_length","source","block_face_flag","lot_face_length_error","created_by","created_date","last_modified_by","last_modified_date","av_change","bw_change","approx_length_flag",shape) VALUES ('0','1','605','40','1006050040','39.10000000','0','0','0',NULL,NULL,NULL,NULL,'0','0','0','0105000020D7080000010000000102000000020000000070844D34FA2D4100D09E96C024094100C6FB79E4F92D410018D141E8240941');
INSERT INTO "tax_lot_face" ("tax_lot_face_type","boro","block","lot","bbl","lot_face_length","source","block_face_flag","lot_face_length_error","created_by","created_date","last_modified_by","last_modified_date","av_change","bw_change","approx_length_flag",shape) VALUES ('0','1','605','33','1006050033','125.00000000','0','0','0',NULL,NULL,NULL,NULL,'0','0','0','0105000020D708000001000000010200000002000000807C0956F2FA2D4100B292938A260941008E2108F5F92D4100ECE27308270941');
INSERT INTO "tax_lot_face" ("tax_lot_face_type","boro","block","lot","bbl","lot_face_length","source","block_face_flag","lot_face_length_error","created_by","created_date","last_modified_by","last_modified_date","av_change","bw_change","approx_length_flag",shape) VALUES ('0','1','605','31','1006050031','1.02000000','0','0','0',NULL,NULL,NULL,NULL,'0','0','0','0105000020D70800000100000001020000000200000080D6B32861FA2D4100C87041AF2E094180EA0FD55FFA2D4100BC3274B52E0941');
INSERT INTO "tax_lot_face" ("tax_lot_face_type","boro","block","lot","bbl","lot_face_length","source","block_face_flag","lot_face_length_error","created_by","created_date","last_modified_by","last_modified_date","av_change","bw_change","approx_length_flag",shape) VALUES ('0','1','605','8','1006050008','68.02000000','0','0','0',NULL,NULL,NULL,NULL,'0','0','0','0105000020D708000001000000010200000002000000809C172F01FA2D4100FCE8673B2D094180E8793F99F92D4100C0C64FDC2B0941');
INSERT INTO "tax_lot_face" ("tax_lot_face_type","boro","block","lot","bbl","lot_face_length","source","block_face_flag","lot_face_length_error","created_by","created_date","last_modified_by","last_modified_date","av_change","bw_change","approx_length_flag",shape) VALUES ('0','1','605','31','1006050031','85.61000000','0','1','0',NULL,NULL,NULL,NULL,'0','0','0','0105000020D70800000100000001020000000200000080AD515037FB2D4100D61D90652F094100CC80F422FB2D410094D672C82C0941');
INSERT INTO "tax_lot_face" ("tax_lot_face_type","boro","block","lot","bbl","lot_face_length","source","block_face_flag","lot_face_length_error","created_by","created_date","last_modified_by","last_modified_date","av_change","bw_change","approx_length_flag",shape) VALUES ('0','1','605','31','1006050031','71.25000000','0','0','0',NULL,NULL,NULL,NULL,'0','0','0','0105000020D7080000010000000102000000020000000098CD2467FA2D4100CE5A648C2C094180FB105C78FA2D41009E8F37C22E0941');
INSERT INTO "tax_lot_face" ("tax_lot_face_type","boro","block","lot","bbl","lot_face_length","source","block_face_flag","lot_face_length_error","created_by","created_date","last_modified_by","last_modified_date","av_change","bw_change","approx_length_flag",shape) VALUES ('0','1','605','39','1006050039','125.00000000','0','0','0',NULL,NULL,NULL,NULL,'0','0','0','0105000020D7080000010000000102000000020000008044DA07E6FA2D4100EC6B28F62409410056F2B9E8F92D410026BC0874250941');
INSERT INTO "tax_lot_face" ("tax_lot_face_type","boro","block","lot","bbl","lot_face_length","source","block_face_flag","lot_face_length_error","created_by","created_date","last_modified_by","last_modified_date","av_change","bw_change","approx_length_flag",shape) VALUES ('0','1','605','48','1006050048','75.06000000','1','0','2',NULL,NULL,NULL,NULL,'0','0','0','0105000020D70800000100000001020000000200000000AF56F5A7F92D4100EA50A65222094180203A0CBBF92D4100E09A06C6240941');
INSERT INTO "tax_lot_face" ("tax_lot_face_type","boro","block","lot","bbl","lot_face_length","source","block_face_flag","lot_face_length_error","created_by","created_date","last_modified_by","last_modified_date","av_change","bw_change","approx_length_flag",shape) VALUES ('0','1','605','44','1006050044','86.00000000','0','0','0',NULL,NULL,NULL,NULL,'0','0','0','0105000020D70800000100000001020000000200000080F3786233FA2D4100963C69A2240941008106DCE0FA2D4100FAE7344C240941');
INSERT INTO "tax_lot_face" ("tax_lot_face_type","boro","block","lot","bbl","lot_face_length","source","block_face_flag","lot_face_length_error","created_by","created_date","last_modified_by","last_modified_date","av_change","bw_change","approx_length_flag",shape) VALUES ('0','1','605','1','1006050001','3.17000000','0','0','0',NULL,NULL,NULL,NULL,'0','0','0','0105000020D70800000100000001020000000200000080360F2F69F92D41006A4CE19A22094100E4780D67F92D41007875E772220941');
INSERT INTO "tax_lot_face" ("tax_lot_face_type","boro","block","lot","bbl","lot_face_length","source","block_face_flag","lot_face_length_error","created_by","created_date","last_modified_by","last_modified_date","av_change","bw_change","approx_length_flag",shape) VALUES ('0','1','605','8','1006050008','22.91000000','0','0','0',NULL,NULL,NULL,NULL,'0','0','0','0105000020D708000001000000010200000002000000808529D22CFA2D4100D44C51472C094100F81DCB18FA2D4100FCC329EC2C0941');
INSERT INTO "tax_lot_face" ("tax_lot_face_type","boro","block","lot","bbl","lot_face_length","source","block_face_flag","lot_face_length_error","created_by","created_date","last_modified_by","last_modified_date","av_change","bw_change","approx_length_flag",shape) VALUES ('0','1','605','47','1006050047','20.20000000','0','1','0',NULL,NULL,NULL,NULL,'0','0','0','0105000020D70800000100000001020000000300000000B020D5F7F92D41003C5AF52A220941805C3B59F7F92D4100D2F4322B220941800DA2BDCFF92D4100305DE13E220941');
INSERT INTO "tax_lot_face" ("tax_lot_face_type","boro","block","lot","bbl","lot_face_length","source","block_face_flag","lot_face_length_error","created_by","created_date","last_modified_by","last_modified_date","av_change","bw_change","approx_length_flag",shape) VALUES ('0','1','605','33','1006050033','125.00000000','0','0','0',NULL,NULL,NULL,NULL,'0','0','0','0105000020D708000001000000010200000004000000008E2108F5F92D4100ECE2730827094180F624B8F6F92D4100C270EB3F270941004968D3F6F92D4100F8B56B432709410073310E13FA2D4100F22234E32A0941');
INSERT INTO "tax_lot_face" ("tax_lot_face_type","boro","block","lot","bbl","lot_face_length","source","block_face_flag","lot_face_length_error","created_by","created_date","last_modified_by","last_modified_date","av_change","bw_change","approx_length_flag",shape) VALUES ('0','1','605','8','1006050008','2.90000000','0','0','0',NULL,NULL,NULL,NULL,'0','0','0','0105000020D70800000100000001020000000200000080351E74ACF92D4100E6B54FD82609418094B6C0ABF92D4100FCF547C1260941');
INSERT INTO "tax_lot_face" ("tax_lot_face_type","boro","block","lot","bbl","lot_face_length","source","block_face_flag","lot_face_length_error","created_by","created_date","last_modified_by","last_modified_date","av_change","bw_change","approx_length_flag",shape) VALUES ('0','1','605','31','1006050031','5.37000000','0','0','0',NULL,NULL,NULL,NULL,'0','0','0','0105000020D708000001000000010200000002000000007A9DDC86F92D4100F680B616270941002B09587CF92D41000095671F270941');
INSERT INTO "tax_lot_face" ("tax_lot_face_type","boro","block","lot","bbl","lot_face_length","source","block_face_flag","lot_face_length_error","created_by","created_date","last_modified_by","last_modified_date","av_change","bw_change","approx_length_flag",shape) VALUES ('0','1','605','44','1006050044','79.92000000','0','1','0',NULL,NULL,NULL,NULL,'0','0','0','0105000020D708000001000000010200000002000000008106DCE0FA2D4100FAE7344C240941008AAB0BCDFA2D41002E9301C1210941');
-- Manhattan block 605 lot_face_point
INSERT INTO "lot_face_point" ("tax_lot_face_type","bbl","length","approx_length_flag","angle","delta_x","delta_y","boro","block","lot",shape) VALUES ('0','1006050031','14.49000000','0','130.00001500','-9.31398401','-11.09996800','1','605','31','0101000020D708000084566CD45DFA2D41ECCAFCFD5F2C0941');
INSERT INTO "lot_face_point" ("tax_lot_face_type","bbl","length","approx_length_flag","angle","delta_x","delta_y","boro","block","lot",shape) VALUES ('0','1006050031','11.84000000','0','-11.54772485','11.60032001','2.37017600','1','605','31','0101000020D7080000016962C26CFA2D410D3380BCB82E0941');
INSERT INTO "lot_face_point" ("tax_lot_face_type","bbl","length","approx_length_flag","angle","delta_x","delta_y","boro","block","lot",shape) VALUES ('0','1006050031','75.00000000','0','7.08168333','76.37017606','-9.48761600','1','605','31','0101000020D70800003FF0BC95D6FA2D41FE2F2866EE2C0941');
INSERT INTO "lot_face_point" ("tax_lot_face_type","bbl","length","approx_length_flag","angle","delta_x","delta_y","boro","block","lot",shape) VALUES ('0','1006050031','75.00000000','0','187.08170683','-76.36992007','9.48761600','1','605','31','0101000020D70800007F6DDCA3CCFA2D41F0F3088FA72B0941');
INSERT INTO "lot_face_point" ("tax_lot_face_type","bbl","length","approx_length_flag","angle","delta_x","delta_y","boro","block","lot",shape) VALUES ('0','1006050031','36.00000000','0','-83.06079210','4.32486400','35.53484803','1','605','31','0101000020D7080000033965AF14FB2D41FF230878F32A0941');
INSERT INTO "lot_face_point" ("tax_lot_face_type","bbl","length","approx_length_flag","angle","delta_x","delta_y","boro","block","lot",shape) VALUES ('0','1006050031','117.68000000','0','-83.06078613','14.16806401','116.41049612','1','605','31','0101000020D7080000C0342BE304FA2D41FED9C98F11290941');
INSERT INTO "lot_face_point" ("tax_lot_face_type","bbl","length","approx_length_flag","angle","delta_x","delta_y","boro","block","lot",shape) VALUES ('0','1006050031','17.16000000','0','96.93924218','-2.07321601','-17.03430402','1','605','31','0101000020D7080000447F290BA8F92D410B823ECE21270941');
INSERT INTO "lot_face_point" ("tax_lot_face_type","bbl","length","approx_length_flag","angle","delta_x","delta_y","boro","block","lot",shape) VALUES ('0','1006050031','1.54000000','0','9.84854658','1.90080000','-0.32998401','1','605','31','0101000020D70800003F62D011A4F92D41023E05FDDE260941');
INSERT INTO "lot_face_point" ("tax_lot_face_type","bbl","length","approx_length_flag","angle","delta_x","delta_y","boro","block","lot",shape) VALUES ('0','1006050031','36.87000000','0','187.07381229','-38.30124803','4.75289601','1','605','31','0101000020D7080000405F066BD0F92D410DEE67EE52270941');
INSERT INTO "lot_face_point" ("tax_lot_face_type","bbl","length","approx_length_flag","angle","delta_x","delta_y","boro","block","lot",shape) VALUES ('0','1006050031','5.33000000','0','7.07374534','5.45817602','-0.67731200','1','605','31','0101000020D7080000FD5639BC9DF92D41117F6B6404270941');
INSERT INTO "lot_face_point" ("tax_lot_face_type","bbl","length","approx_length_flag","angle","delta_x","delta_y","boro","block","lot",shape) VALUES ('0','1006050031','8.91000000','0','11.67192827','8.72576001','-1.80256000','1','605','31','0101000020D7080000FF59E9BD8EF92D41FA372DB5F3260941');
INSERT INTO "lot_face_point" ("tax_lot_face_type","bbl","length","approx_length_flag","angle","delta_x","delta_y","boro","block","lot",shape) VALUES ('0','1006050031','5.37000000','0','11.67272105','5.25894400','-1.08646400','1','605','31','0101000020D70800007D52539A81F92D41F5FA0A0F1B270941');
INSERT INTO "lot_face_point" ("tax_lot_face_type","bbl","length","approx_length_flag","angle","delta_x","delta_y","boro","block","lot",shape) VALUES ('0','1006050031','2.63000000','0','7.07434550','2.60998400','-0.32390399','1','605','31','0101000020D708000045D8E6CE7EF92D410CA52978C7270941');
INSERT INTO "lot_face_point" ("tax_lot_face_type","bbl","length","approx_length_flag","angle","delta_x","delta_y","boro","block","lot",shape) VALUES ('0','1006050031','15.79000000','0','7.07383041','15.66982400','-1.94451201','1','605','31','0101000020D708000001550C5F8DF92D4106822193092A0941');
INSERT INTO "lot_face_point" ("tax_lot_face_type","bbl","length","approx_length_flag","angle","delta_x","delta_y","boro","block","lot",shape) VALUES ('0','1006050031','68.02000000','0','139.81903158','-51.96800005','-43.88678405','1','605','31','0101000020D708000080C24837CDF92D4109DED7DB8B2C0941');
INSERT INTO "lot_face_point" ("tax_lot_face_type","bbl","length","approx_length_flag","angle","delta_x","delta_y","boro","block","lot",shape) VALUES ('0','1006050031','22.91000000','0','244.08161625','-10.01376002','20.60569602','1','605','31','0101000020D7080000BFBEA3CE22FA2D41EE6788BD992C0941');
INSERT INTO "lot_face_point" ("tax_lot_face_type","bbl","length","approx_length_flag","angle","delta_x","delta_y","boro","block","lot",shape) VALUES ('0','1006050049','75.06000000','0','-83.06068974','9.54470401','78.42201607','1','605','49','0101000020D7080000C167C880B1F92D41F0E475568C230941');
INSERT INTO "lot_face_point" ("tax_lot_face_type","bbl","length","approx_length_flag","angle","delta_x","delta_y","boro","block","lot",shape) VALUES ('0','1006050049','20.24000000','0','7.08190132','32.45286402','-4.03180800','1','605','49','0101000020D7080000C0FD678187F92D4197C3E9C662220941');
INSERT INTO "lot_face_point" ("tax_lot_face_type","bbl","length","approx_length_flag","angle","delta_x","delta_y","boro","block","lot",shape) VALUES ('0','1006050049','3.85000000','0','102.04400561','-0.81606400','-3.82483201','1','605','49','0101000020D70800007EF6FBCD6CF92D4102634DBEDE220941');
INSERT INTO "lot_face_point" ("tax_lot_face_type","bbl","length","approx_length_flag","angle","delta_x","delta_y","boro","block","lot",shape) VALUES ('0','1006050049','10.24000000','0','18.00010037','9.73881601','-3.16435200','1','605','49','0101000020D70800003D4D966299F92D41F1EB80B682240941');
INSERT INTO "lot_face_point" ("tax_lot_face_type","bbl","length","approx_length_flag","angle","delta_x","delta_y","boro","block","lot",shape) VALUES ('0','1006050049','10.30000000','0','197.99981926','-9.79590401','3.18284799','1','605','49','0101000020D708000005A63B578AF92D4107DB3448CA230941');
INSERT INTO "lot_face_point" ("tax_lot_face_type","bbl","length","approx_length_flag","angle","delta_x","delta_y","boro","block","lot",shape) VALUES ('0','1006050049','15.16000000','0','187.08174891','-18.72505601','2.32627201','1','605','49','0101000020D708000043DB9C52A8F92D41EE1FB554CF240941');
INSERT INTO "lot_face_point" ("tax_lot_face_type","bbl","length","approx_length_flag","angle","delta_x","delta_y","boro","block","lot",shape) VALUES ('0','1006050038','30.00000000','0','-83.06088614','3.68179201','30.25152002','1','605','38','0101000020D7080000C1907FA7EEFA2D41F03A049211260941');
INSERT INTO "lot_face_point" ("tax_lot_face_type","bbl","length","approx_length_flag","angle","delta_x","delta_y","boro","block","lot",shape) VALUES ('0','1006050038','7.64000000','0','191.67214102','-7.48204800','1.54566401','1','605','38','0101000020D70800007DB18011B8F92D41F1193A7A01260941');
INSERT INTO "lot_face_point" ("tax_lot_face_type","bbl","length","approx_length_flag","angle","delta_x","delta_y","boro","block","lot",shape) VALUES ('0','1006050038','40.00000000','0','14.71149839','39.26368004','-10.30905601','1','605','38','0101000020D7080000FFC91CD307FA2D4109827E713E240941');
INSERT INTO "lot_face_point" ("tax_lot_face_type","bbl","length","approx_length_flag","angle","delta_x","delta_y","boro","block","lot",shape) VALUES ('0','1006050044','86.00000000','0','7.08167978','86.73740809','-10.77555200','1','605','44','0101000020D708000041C3E44E76FA2D41117CBD1BEC210941');
INSERT INTO "lot_face_point" ("tax_lot_face_type","bbl","length","approx_length_flag","angle","delta_x","delta_y","boro","block","lot",shape) VALUES ('0','1006050044','79.92000000','0','-83.06084006','9.90694401','81.40006408','1','605','44','0101000020D70800008405D9F3D6FA2D410A943D9B06230941');
INSERT INTO "lot_face_point" ("tax_lot_face_type","bbl","length","approx_length_flag","angle","delta_x","delta_y","boro","block","lot",shape) VALUES ('0','1006050030','75.00000000','0','7.08170683','76.36992007','-9.48761600','1','605','30','0101000020D70800007F6DDCA3CCFA2D41F0F3088FA72B0941');
INSERT INTO "lot_face_point" ("tax_lot_face_type","bbl","length","approx_length_flag","angle","delta_x","delta_y","boro","block","lot",shape) VALUES ('0','1006050030','20.00000000','0','96.93920948','-2.47475201','-20.33356802','1','605','30','0101000020D70800007FB1B2BE82FA2D410E6BEDD71E2C0941');
INSERT INTO "lot_face_point" ("tax_lot_face_type","bbl","length","approx_length_flag","angle","delta_x","delta_y","boro","block","lot",shape) VALUES ('0','1006050033','125.00000000','0','-83.06071518','15.01209602','123.34412812','1','605','33','0101000020D70800000336225901FB2D41F4D0F5F377280941');
INSERT INTO "lot_face_point" ("tax_lot_face_type","bbl","length","approx_length_flag","angle","delta_x","delta_y","boro","block","lot",shape) VALUES ('0','1006050033','125.00000000','0','187.08168120','-126.65241612','15.73427202','1','605','33','0101000020D70800003F3136B591FA2D4105F13D44A42A0941');
INSERT INTO "lot_face_point" ("tax_lot_face_type","bbl","length","approx_length_flag","angle","delta_x","delta_y","boro","block","lot",shape) VALUES ('0','1006050047','65.58000000','0','-83.06068219','8.08416000','66.42169607','1','605','47','0101000020D70800008232ACEAFFF92D41FD532BA534230941');
INSERT INTO "lot_face_point" ("tax_lot_face_type","bbl","length","approx_length_flag","angle","delta_x","delta_y","boro","block","lot",shape) VALUES ('0','1006050047','66.95000000','0','96.93928494','-8.72915201','-71.72147207','1','605','47','0101000020D70800000EAC4D78D8F92D419DD425C45D230941');
INSERT INTO "lot_face_point" ("tax_lot_face_type","bbl","length","approx_length_flag","angle","delta_x","delta_y","boro","block","lot",shape) VALUES ('0','1006050039','20.00000000','0','96.93890944','-2.47065601','-20.30080003','1','605','39','0101000020D70800007E3F6F32EBF92D41F211C13CC5250941');
INSERT INTO "lot_face_point" ("tax_lot_face_type","bbl","length","approx_length_flag","angle","delta_x","delta_y","boro","block","lot",shape) VALUES ('0','1006050039','125.00000000','0','187.08179525','-126.65241611','15.73452802','1','605','39','0101000020D708000000E7F0516CFA2D41FCE09D80D7250941');
INSERT INTO "lot_face_point" ("tax_lot_face_type","bbl","length","approx_length_flag","angle","delta_x","delta_y","boro","block","lot",shape) VALUES ('0','1006050008','4.85000000','0','191.00037247','-5.14240001','0.99961600','1','605','8','0101000020D7080000D6F29852A7F92D4108F1118DDC260941');
INSERT INTO "lot_face_point" ("tax_lot_face_type","bbl","length","approx_length_flag","angle","delta_x","delta_y","boro","block","lot",shape) VALUES ('0','1006050008','75.80000000','0','11.67202084','74.23264007','-15.33504002','1','605','8','0101000020D7080000C455721D4DF92D4112E5D367E0250941');
INSERT INTO "lot_face_point" ("tax_lot_face_type","bbl","length","approx_length_flag","angle","delta_x","delta_y","boro","block","lot",shape) VALUES ('0','1006050008','11.84000000','0','168.45227515','-11.60032001','-2.37017600','1','605','8','0101000020D7080000016962C26CFA2D410D3380BCB82E0941');
INSERT INTO "lot_face_point" ("tax_lot_face_type","bbl","length","approx_length_flag","angle","delta_x","delta_y","boro","block","lot",shape) VALUES ('0','1006050008','14.49000000','0','-49.99998500','9.31398401','11.09996800','1','605','8','0101000020D708000084566CD45DFA2D41ECCAFCFD5F2C0941');
INSERT INTO "lot_face_point" ("tax_lot_face_type","bbl","length","approx_length_flag","angle","delta_x","delta_y","boro","block","lot",shape) VALUES ('0','1006050008','20.00000000','0','7.08162586','19.84742402','-2.46566400','1','605','8','0101000020D7080000454D1AAB40FA2D410DCE75743D2C0941');
INSERT INTO "lot_face_point" ("tax_lot_face_type","bbl","length","approx_length_flag","angle","delta_x","delta_y","boro","block","lot",shape) VALUES ('0','1006050008','15.41000000','0','39.99998400','11.80473600','-9.90534401','1','605','8','0101000020D708000042CA1AFD0CFA2D41F07BD6C8132D0941');
INSERT INTO "lot_face_point" ("tax_lot_face_type","bbl","length","approx_length_flag","angle","delta_x","delta_y","boro","block","lot",shape) VALUES ('0','1006050008','11.82000000','0','107.99985401','-3.65254401','-11.24147202','1','605','8','0101000020D708000043120CEFACF92D41F734B8B1DA250941');
INSERT INTO "lot_face_point" ("tax_lot_face_type","bbl","length","approx_length_flag","angle","delta_x","delta_y","boro","block","lot",shape) VALUES ('0','1006050008','2.90000000','0','-83.06020628','0.35040000','2.87878402','1','605','8','0101000020D708000002656A1AACF92D410EF1D5CBCC260941');
INSERT INTO "lot_face_point" ("tax_lot_face_type","bbl","length","approx_length_flag","angle","delta_x","delta_y","boro","block","lot",shape) VALUES ('0','1006050008','11.71000000','0','96.93869665','-1.41465600','-11.62425600','1','605','8','0101000020D708000043CB0BB8B4F92D41F39EDF348A260941');
INSERT INTO "lot_face_point" ("tax_lot_face_type","bbl","length","approx_length_flag","angle","delta_x","delta_y","boro","block","lot",shape) VALUES ('0','1006050008','7.64000000','0','11.67214102','7.48204800','-1.54566401','1','605','8','0101000020D70800007DB18011B8F92D41F1193A7A01260941');
INSERT INTO "lot_face_point" ("tax_lot_face_type","bbl","length","approx_length_flag","angle","delta_x","delta_y","boro","block","lot",shape) VALUES ('0','1006050008','68.02000000','0','-40.18096842','51.96800005','43.88678405','1','605','8','0101000020D708000080C24837CDF92D4109DED7DB8B2C0941');
INSERT INTO "lot_face_point" ("tax_lot_face_type","bbl","length","approx_length_flag","angle","delta_x","delta_y","boro","block","lot",shape) VALUES ('0','1006050008','15.79000000','0','187.07383041','-15.66982400','1.94451201','1','605','8','0101000020D708000001550C5F8DF92D4106822193092A0941');
INSERT INTO "lot_face_point" ("tax_lot_face_type","bbl","length","approx_length_flag","angle","delta_x","delta_y","boro","block","lot",shape) VALUES ('0','1006050008','2.63000000','0','187.07434550','-2.60998400','0.32390399','1','605','8','0101000020D708000045D8E6CE7EF92D410CA52978C7270941');
INSERT INTO "lot_face_point" ("tax_lot_face_type","bbl","length","approx_length_flag","angle","delta_x","delta_y","boro","block","lot",shape) VALUES ('0','1006050008','5.37000000','0','191.67272105','-5.25894400','1.08646400','1','605','8','0101000020D70800007D52539A81F92D41F5FA0A0F1B270941');
INSERT INTO "lot_face_point" ("tax_lot_face_type","bbl","length","approx_length_flag","angle","delta_x","delta_y","boro","block","lot",shape) VALUES ('0','1006050008','8.91000000','0','191.67192827','-8.72576001','1.80256000','1','605','8','0101000020D7080000FF59E9BD8EF92D41FA372DB5F3260941');
INSERT INTO "lot_face_point" ("tax_lot_face_type","bbl","length","approx_length_flag","angle","delta_x","delta_y","boro","block","lot",shape) VALUES ('0','1006050008','3.43000000','0','96.93915038','-0.40473600','-3.32550400','1','605','8','0101000020D7080000BE8951DF97F92D4105DAABCCF9260941');
INSERT INTO "lot_face_point" ("tax_lot_face_type","bbl","length","approx_length_flag","angle","delta_x","delta_y","boro","block","lot",shape) VALUES ('0','1006050008','3.35000000','0','-82.99888419','0.51232001','4.17184000','1','605','8','0101000020D708000082F55CAEA2F92D41FB64E3FEF0260941');
INSERT INTO "lot_face_point" ("tax_lot_face_type","bbl","length","approx_length_flag","angle","delta_x","delta_y","boro","block","lot",shape) VALUES ('0','1006050038','6.75000000','0','96.93932508','-1.13459200','-9.32211201','1','605','38','0101000020D7080000FFDF10B2E1F92D41FB6ACFF78C240941');
INSERT INTO "lot_face_point" ("tax_lot_face_type","bbl","length","approx_length_flag","angle","delta_x","delta_y","boro","block","lot",shape) VALUES ('0','1006050038','7.33000000','0','-83.06135497','0.84377600','6.93337600','1','605','38','0101000020D70800003F4223E0F5F92D4110D7A92F24270941');
INSERT INTO "lot_face_point" ("tax_lot_face_type","bbl","length","approx_length_flag","angle","delta_x","delta_y","boro","block","lot",shape) VALUES ('0','1006050038','7.03000000','0','11.67186118','6.88460800','-1.42220800','1','605','38','0101000020D7080000FF4D763B9EF92D41F3DE67609D250941');
INSERT INTO "lot_face_point" ("tax_lot_face_type","bbl","length","approx_length_flag","angle","delta_x","delta_y","boro","block","lot",shape) VALUES ('0','1006050038','34.12000000','0','-83.06329056','4.59558401','37.77292804','1','605','38','0101000020D708000085F77312E9F92D41FF8A4B597F250941');
INSERT INTO "lot_face_point" ("tax_lot_face_type","bbl","length","approx_length_flag","angle","delta_x","delta_y","boro","block","lot",shape) VALUES ('0','1006050038','10.60000000','0','-83.06120536','1.28057601','10.52236801','1','605','38','0101000020D70800004305BCD4C0F92D41FB315F6225260941');
INSERT INTO "lot_face_point" ("tax_lot_face_type","bbl","length","approx_length_flag","angle","delta_x","delta_y","boro","block","lot",shape) VALUES ('0','1006050038','3.31000000','0','11.67167476','3.24160001','-0.66963199','1','605','38','0101000020D708000001B64436A9F92D41F2E769FDDA260941');
INSERT INTO "lot_face_point" ("tax_lot_face_type","bbl","length","approx_length_flag","angle","delta_x","delta_y","boro","block","lot",shape) VALUES ('0','1006050038','7.56000000','0','191.67217149','-7.40364800','1.52947201','1','605','38','0101000020D7080000BC5F3AB5BAF92D41F7BE749755260941');
INSERT INTO "lot_face_point" ("tax_lot_face_type","bbl","length","approx_length_flag","angle","delta_x","delta_y","boro","block","lot",shape) VALUES ('0','1006050038','8.77000000','0','11.67172054','8.58867200','-1.77420801','1','605','38','0101000020D708000043BD4BB1A0F92D4110C03DD3B4250941');
INSERT INTO "lot_face_point" ("tax_lot_face_type","bbl","length","approx_length_flag","angle","delta_x","delta_y","boro","block","lot",shape) VALUES ('0','1006050038','17.16000000','0','-83.06075782','2.07321601','17.03430402','1','605','38','0101000020D7080000447F290BA8F92D410B823ECE21270941');
INSERT INTO "lot_face_point" ("tax_lot_face_type","bbl","length","approx_length_flag","angle","delta_x","delta_y","boro","block","lot",shape) VALUES ('0','1006050046','20.00000000','0','7.08196860','19.86912002','-2.46848001','1','605','46','0101000020D70800003E569FB30BFA2D410903A11521220941');
INSERT INTO "lot_face_point" ("tax_lot_face_type","bbl","length","approx_length_flag","angle","delta_x","delta_y","boro","block","lot",shape) VALUES ('0','1006050046','65.58000000','0','96.93933392','-8.08428800','-66.42259206','1','605','46','0101000020D7080000FD95B4EAFFF92D41FF3416A634230941');
INSERT INTO "lot_face_point" ("tax_lot_face_type","bbl","length","approx_length_flag","angle","delta_x","delta_y","boro","block","lot",shape) VALUES ('0','1006050040','20.00000000','0','-83.06064944','2.58560000','21.24390401','1','605','40','0101000020D7080000C362F071E3FA2D4103F3A92EA1240941');
INSERT INTO "lot_face_point" ("tax_lot_face_type","bbl","length","approx_length_flag","angle","delta_x","delta_y","boro","block","lot",shape) VALUES ('0','1006050040','3.11000000','0','96.93877618','-0.45907201','-3.77216001','1','605','40','0101000020D7080000C4B1FED733FA2D41FFB2ED7FB1240941');
INSERT INTO "lot_face_point" ("tax_lot_face_type","bbl","length","approx_length_flag","angle","delta_x","delta_y","boro","block","lot",shape) VALUES ('0','1006050040','14.12000000','0','96.93415325','-2.12492800','-17.47212802','1','605','40','0101000020D7080000030EF799E6F92D41F69E46252E250941');
INSERT INTO "lot_face_point" ("tax_lot_face_type","bbl","length","approx_length_flag","angle","delta_x","delta_y","boro","block","lot",shape) VALUES ('0','1006050048','66.95000000','0','-83.06068974','9.54470401','78.42201607','1','605','48','0101000020D708000052981349D9F92D416C41829178230941');
INSERT INTO "lot_face_point" ("tax_lot_face_type","bbl","length","approx_length_flag","angle","delta_x","delta_y","boro","block","lot",shape) VALUES ('0','1006050048','20.00000000','0','7.08181212','19.89120002','-2.47116800','1','605','48','0101000020D7080000425E7CD9BBF92D410F0DD7C348220941');
INSERT INTO "lot_face_point" ("tax_lot_face_type","bbl","length","approx_length_flag","angle","delta_x","delta_y","boro","block","lot",shape) VALUES ('0','1006050001','108.00000000','0','102.04808847','-23.10681602','-108.26214410','1','605','1','0101000020D70800007DBD8BC6EBF82D410C1F79B26C240941');
INSERT INTO "lot_face_point" ("tax_lot_face_type","bbl","length","approx_length_flag","angle","delta_x","delta_y","boro","block","lot",shape) VALUES ('0','1006050001','83.92000000','0','7.08189839','73.19193608','-9.09305601','1','605','1','0101000020D7080000FD2A56DC1DF92D41098BBF4697220941');
INSERT INTO "lot_face_point" ("tax_lot_face_type","bbl","length","approx_length_flag","angle","delta_x","delta_y","boro","block","lot",shape) VALUES ('0','1006050001','3.85000000','0','-77.95599439','0.81606400','3.82483201','1','605','1','0101000020D70800007EF6FBCD6CF92D4102634DBEDE220941');
INSERT INTO "lot_face_point" ("tax_lot_face_type","bbl","length","approx_length_flag","angle","delta_x","delta_y","boro","block","lot",shape) VALUES ('0','1006050001','82.83000000','0','191.67200729','-81.11724807','16.75724801','1','605','1','0101000020D70800003DF4E7FF53F92D414B9E7BB7DA250941');
INSERT INTO "lot_face_point" ("tax_lot_face_type","bbl","length","approx_length_flag","angle","delta_x","delta_y","boro","block","lot",shape) VALUES ('0','1006050001','24.25000000','0','-72.00005561','7.49363200','23.06310402','1','605','1','0101000020D708000044AE5AA19BF92D41F6B096CD19240941');
INSERT INTO "lot_face_point" ("tax_lot_face_type","bbl","length","approx_length_flag","angle","delta_x","delta_y","boro","block","lot",shape) VALUES ('0','1006050001','30.62000000','0','-72.00003248','9.46208000','29.12134402','1','605','1','0101000020D70800007E68301577F92D41FDC02F8762230941');
INSERT INTO "lot_face_point" ("tax_lot_face_type","bbl","length","approx_length_flag","angle","delta_x","delta_y","boro","block","lot",shape) VALUES ('0','1006050029','75.00000000','0','187.08168333','-76.37017606','9.48761600','1','605','29','0101000020D70800003FF0BC95D6FA2D41FE2F2866EE2C0941');
INSERT INTO "lot_face_point" ("tax_lot_face_type","bbl","length","approx_length_flag","angle","delta_x","delta_y","boro","block","lot",shape) VALUES ('0','1006050029','20.00000000','0','-83.06102540','2.49753600','20.52147202','1','605','29','0101000020D7080000FD46227520FB2D4106D1D95C762C0941');
INSERT INTO "lot_face_point" ("tax_lot_face_type","bbl","length","approx_length_flag","angle","delta_x","delta_y","boro","block","lot",shape) VALUES ('0','1006050031','20.00000000','0','187.08162586','-19.84742402','2.46566400','1','605','31','0101000020D7080000454D1AAB40FA2D410DCE75743D2C0941');
INSERT INTO "lot_face_point" ("tax_lot_face_type","bbl","length","approx_length_flag","angle","delta_x","delta_y","boro","block","lot",shape) VALUES ('0','1006050031','71.25000000','0','96.93903185','-8.60793601','-70.72812808','1','605','31','0101000020D7080000C2496FC06FFA2D410036F54DA72D0941');
INSERT INTO "lot_face_point" ("tax_lot_face_type","bbl","length","approx_length_flag","angle","delta_x","delta_y","boro","block","lot",shape) VALUES ('0','1006050031','1.02000000','0','49.43029107','0.66336000','-0.77478400','1','605','31','0101000020D70800007DE0E17E60FA2D4108C2D15AB22E0941');
INSERT INTO "lot_face_point" ("tax_lot_face_type","bbl","length","approx_length_flag","angle","delta_x","delta_y","boro","block","lot",shape) VALUES ('0','1006050031','40.00000000','0','-83.06090850','4.97228801','40.85504004','1','605','31','0101000020D70800008136113E85FA2D41102EEAED702C0941');
INSERT INTO "lot_face_point" ("tax_lot_face_type","bbl","length","approx_length_flag","angle","delta_x","delta_y","boro","block","lot",shape) VALUES ('0','1006050031','125.00000000','0','7.08168120','126.65241612','-15.73427202','1','605','31','0101000020D70800003F3136B591FA2D4105F13D44A42A0941');
INSERT INTO "lot_face_point" ("tax_lot_face_type","bbl","length","approx_length_flag","angle","delta_x","delta_y","boro","block","lot",shape) VALUES ('0','1006050031','108.30000000','0','168.45224572','-107.74073610','-22.01363201','1','605','31','0101000020D7080000FFCBB092CBFA2D41F44828820D2F0941');
INSERT INTO "lot_face_point" ("tax_lot_face_type","bbl","length","approx_length_flag","angle","delta_x","delta_y","boro","block","lot",shape) VALUES ('0','1006050031','85.61000000','0','-83.06093850','10.17932801','83.63929607','1','605','31','0101000020D7080000C13C69222DFB2D410B357A01172E0941');
INSERT INTO "lot_face_point" ("tax_lot_face_type","bbl","length","approx_length_flag","angle","delta_x","delta_y","boro","block","lot",shape) VALUES ('0','1006050031','3.35000000','0','97.00111581','-0.51232001','-4.17184000','1','605','31','0101000020D708000082F55CAEA2F92D41FB64E3FEF0260941');
INSERT INTO "lot_face_point" ("tax_lot_face_type","bbl","length","approx_length_flag","angle","delta_x","delta_y","boro","block","lot",shape) VALUES ('0','1006050031','3.43000000','0','-83.06084962','0.40473600','3.32550400','1','605','31','0101000020D7080000BE8951DF97F92D4105DAABCCF9260941');
INSERT INTO "lot_face_point" ("tax_lot_face_type","bbl","length","approx_length_flag","angle","delta_x","delta_y","boro","block","lot",shape) VALUES ('0','1006050031','3.43000000','0','96.93905715','-0.42284800','-3.47436801','1','605','31','0101000020D7080000BEB55D7086F92D41013CC0D008270941');
INSERT INTO "lot_face_point" ("tax_lot_face_type","bbl","length","approx_length_flag","angle","delta_x","delta_y","boro","block","lot",shape) VALUES ('0','1006050031','19.77000000','0','96.93925159','-2.53715201','-20.84614402','1','605','31','0101000020D708000043F68BE17EF92D41019408CA72270941');
INSERT INTO "lot_face_point" ("tax_lot_face_type","bbl","length","approx_length_flag","angle","delta_x","delta_y","boro","block","lot",shape) VALUES ('0','1006050031','70.07000000','0','103.00001962','-16.42144001','-71.12896007','1','605','31','0101000020D7080000066DA29E8CF92D41EE3DE547E5280941');
INSERT INTO "lot_face_point" ("tax_lot_face_type","bbl","length","approx_length_flag","angle","delta_x","delta_y","boro","block","lot",shape) VALUES ('0','1006050031','57.44000000','0','103.49996615','-13.77324800','-57.36985604','1','605','31','0101000020D7080000C25386798BF92D4101350BD5F62A0941');
INSERT INTO "lot_face_point" ("tax_lot_face_type","bbl","length","approx_length_flag","angle","delta_x","delta_y","boro","block","lot",shape) VALUES ('0','1006050031','15.41000000','0','219.99998400','-11.80473600','9.90534401','1','605','31','0101000020D708000042CA1AFD0CFA2D41F07BD6C8132D0941');
INSERT INTO "lot_face_point" ("tax_lot_face_type","bbl","length","approx_length_flag","angle","delta_x","delta_y","boro","block","lot",shape) VALUES ('0','1006050049','7.62000000','0','107.99998779','-2.97568001','-9.15820801','1','605','49','0101000020D7080000C36B399F92F92D410D18CE00B4240941');
INSERT INTO "lot_face_point" ("tax_lot_face_type","bbl","length","approx_length_flag","angle","delta_x","delta_y","boro","block","lot",shape) VALUES ('0','1006050049','3.17000000','0','102.03791446','-1.06559999','-4.99699201','1','605','49','0101000020D7080000430D441E68F92D41FFF060E486220941');
INSERT INTO "lot_face_point" ("tax_lot_face_type","bbl","length","approx_length_flag","angle","delta_x","delta_y","boro","block","lot",shape) VALUES ('0','1006050049','6.79000000','0','102.04809811','-1.40236801','-6.57049601','1','605','49','0101000020D708000083CD10966AF92D41F2847C29B5220941');
INSERT INTO "lot_face_point" ("tax_lot_face_type","bbl","length","approx_length_flag","angle","delta_x","delta_y","boro","block","lot",shape) VALUES ('0','1006050049','24.25000000','0','107.99994439','-7.49363200','-23.06310402','1','605','49','0101000020D708000044AE5AA19BF92D41F6B096CD19240941');
INSERT INTO "lot_face_point" ("tax_lot_face_type","bbl","length","approx_length_flag","angle","delta_x","delta_y","boro","block","lot",shape) VALUES ('0','1006050049','30.62000000','0','107.99996752','-9.46208000','-29.12134402','1','605','49','0101000020D70800007E68301577F92D41FDC02F8762230941');
INSERT INTO "lot_face_point" ("tax_lot_face_type","bbl","length","approx_length_flag","angle","delta_x","delta_y","boro","block","lot",shape) VALUES ('0','1006050038','125.00000000','0','187.08180942','-126.65216012','15.73452802','1','605','38','0101000020D70800003C8515AF73FA2D4104CFBA83C9260941');
INSERT INTO "lot_face_point" ("tax_lot_face_type","bbl","length","approx_length_flag","angle","delta_x","delta_y","boro","block","lot",shape) VALUES ('0','1006050038','125.00000000','0','7.08179525','126.65241611','-15.73452802','1','605','38','0101000020D708000000E7F0516CFA2D41FCE09D80D7250941');
INSERT INTO "lot_face_point" ("tax_lot_face_type","bbl","length","approx_length_flag","angle","delta_x","delta_y","boro","block","lot",shape) VALUES ('0','1006050038','39.10000000','0','187.08182927','-39.91315204','4.95859200','1','605','38','0101000020D7080000FD1AC0630CFA2D41FDF3376CD4240941');
INSERT INTO "lot_face_point" ("tax_lot_face_type","bbl","length","approx_length_flag","angle","delta_x","delta_y","boro","block","lot",shape) VALUES ('0','1006050044','80.00000000','0','96.93915994','-9.90694401','-81.40006408','1','605','44','0101000020D70800005A9C4D7A29FA2D41012591CF5C230941');
INSERT INTO "lot_face_point" ("tax_lot_face_type","bbl","length","approx_length_flag","angle","delta_x","delta_y","boro","block","lot",shape) VALUES ('0','1006050044','86.00000000','0','187.08167978','-86.73740809','10.77555200','1','605','44','0101000020D708000044BA3F1F8AFA2D41F047124F77240941');
INSERT INTO "lot_face_point" ("tax_lot_face_type","bbl","length","approx_length_flag","angle","delta_x","delta_y","boro","block","lot",shape) VALUES ('0','1006050030','75.00000000','0','187.08168333','-76.37017606','9.48761600','1','605','30','0101000020D708000044E6FF96D1FA2D41FCA92E3A4A2C0941');
INSERT INTO "lot_face_point" ("tax_lot_face_type","bbl","length","approx_length_flag","angle","delta_x","delta_y","boro","block","lot",shape) VALUES ('0','1006050030','20.00000000','0','-83.06007973','2.47500800','20.33356802','1','605','30','0101000020D708000043A2297C1BFB2D4100334AF1D22B0941');
INSERT INTO "lot_face_point" ("tax_lot_face_type","bbl","length","approx_length_flag","angle","delta_x","delta_y","boro","block","lot",shape) VALUES ('0','1006050033','125.00000000','0','7.08180942','126.65216012','-15.73452802','1','605','33','0101000020D70800003C8515AF73FA2D4104CFBA83C9260941');
INSERT INTO "lot_face_point" ("tax_lot_face_type","bbl","length","approx_length_flag","angle","delta_x","delta_y","boro","block","lot",shape) VALUES ('0','1006050033','125.00000000','0','96.93918190','-15.01184002','-123.34387212','1','605','33','0101000020D708000000F2230B04FA2D4183A305D4F5280941');
INSERT INTO "lot_face_point" ("tax_lot_face_type","bbl","length","approx_length_flag","angle","delta_x","delta_y","boro","block","lot",shape) VALUES ('0','1006050047','20.20000000','0','7.08140248','20.04588802','-2.49024001','1','605','47','0101000020D7080000608661C9E3F92D4169B160EB34220941');
INSERT INTO "lot_face_point" ("tax_lot_face_type","bbl","length","approx_length_flag","angle","delta_x","delta_y","boro","block","lot",shape) VALUES ('0','1006050047','20.24000000','0','194.68646062','-19.71993601','5.16844800','1','605','47','0101000020D7080000FDFAE947F4F92D41FD0D7A0153240941');
INSERT INTO "lot_face_point" ("tax_lot_face_type","bbl","length","approx_length_flag","angle","delta_x","delta_y","boro","block","lot",shape) VALUES ('0','1006050039','125.00000000','0','7.08180942','126.65216012','-15.73452802','1','605','39','0101000020D7080000414DE66067FA2D410C09941835250941');
INSERT INTO "lot_face_point" ("tax_lot_face_type","bbl","length","approx_length_flag","angle","delta_x","delta_y","boro","block","lot",shape) VALUES ('0','1006050039','20.00000000','0','-83.06037862','2.47091199','20.30080003','1','605','39','0101000020D7080000C2F46780E8FA2D41F4D7705C47250941');
INSERT INTO "lot_face_point" ("tax_lot_face_type","bbl","length","approx_length_flag","angle","delta_x","delta_y","boro","block","lot",shape) VALUES ('0','1006050008','255.29000000','0','102.04794393','-53.40620805','-250.22668824','1','605','8','0101000020D70800004249E14938F92D41F09509A7062A0941');
INSERT INTO "lot_face_point" ("tax_lot_face_type","bbl","length","approx_length_flag","angle","delta_x","delta_y","boro","block","lot",shape) VALUES ('0','1006050008','123.57000000','0','168.45223777','-121.06873611','-24.73683202','1','605','8','0101000020D7080000043A77C3E6F92D4107A4AE81522E0941');
INSERT INTO "lot_face_point" ("tax_lot_face_type","bbl","length","approx_length_flag","angle","delta_x","delta_y","boro","block","lot",shape) VALUES ('0','1006050008','71.25000000','0','-83.06096815','8.60793601','70.72812808','1','605','8','0101000020D7080000C2496FC06FFA2D410036F54DA72D0941');
INSERT INTO "lot_face_point" ("tax_lot_face_type","bbl","length","approx_length_flag","angle","delta_x","delta_y","boro","block","lot",shape) VALUES ('0','1006050008','3.13000000','0','96.93843507','-0.37811200','-3.10707201','1','605','8','0101000020D70800004495CCB997F92D410673637EAF250941');
INSERT INTO "lot_face_point" ("tax_lot_face_type","bbl","length","approx_length_flag","angle","delta_x","delta_y","boro","block","lot",shape) VALUES ('0','1006050008','22.91000000','0','64.08161625','10.01376002','-20.60569602','1','605','8','0101000020D7080000BFBEA3CE22FA2D41EE6788BD992C0941');
INSERT INTO "lot_face_point" ("tax_lot_face_type","bbl","length","approx_length_flag","angle","delta_x","delta_y","boro","block","lot",shape) VALUES ('0','1006050008','8.77000000','0','191.67172054','-8.58867200','1.77420801','1','605','8','0101000020D708000043BD4BB1A0F92D4110C03DD3B4250941');
INSERT INTO "lot_face_point" ("tax_lot_face_type","bbl","length","approx_length_flag","angle","delta_x","delta_y","boro","block","lot",shape) VALUES ('0','1006050008','7.56000000','0','11.67217149','7.40364800','-1.52947201','1','605','8','0101000020D7080000BC5F3AB5BAF92D41F7BE749755260941');
INSERT INTO "lot_face_point" ("tax_lot_face_type","bbl","length","approx_length_flag","angle","delta_x","delta_y","boro","block","lot",shape) VALUES ('0','1006050008','5.30000000','0','191.67154320','-5.19040000','1.07219200','1','605','8','0101000020D708000083A274F1B0F92D41EE4809FEBC260941');
INSERT INTO "lot_face_point" ("tax_lot_face_type","bbl","length","approx_length_flag","angle","delta_x","delta_y","boro","block","lot",shape) VALUES ('0','1006050008','10.60000000','0','96.93879464','-1.28057601','-10.52236801','1','605','8','0101000020D70800004305BCD4C0F92D41FB315F6225260941');
INSERT INTO "lot_face_point" ("tax_lot_face_type","bbl","length","approx_length_flag","angle","delta_x","delta_y","boro","block","lot",shape) VALUES ('0','1006050008','1.02000000','0','229.43029107','-0.66336000','0.77478400','1','605','8','0101000020D70800007DE0E17E60FA2D4108C2D15AB22E0941');
INSERT INTO "lot_face_point" ("tax_lot_face_type","bbl","length","approx_length_flag","angle","delta_x","delta_y","boro","block","lot",shape) VALUES ('0','1006050008','57.44000000','0','-76.50003385','13.77324800','57.36985604','1','605','8','0101000020D7080000C25386798BF92D4101350BD5F62A0941');
INSERT INTO "lot_face_point" ("tax_lot_face_type","bbl","length","approx_length_flag","angle","delta_x","delta_y","boro","block","lot",shape) VALUES ('0','1006050008','70.07000000','0','-76.99998038','16.42144001','71.12896007','1','605','8','0101000020D7080000066DA29E8CF92D41EE3DE547E5280941');
INSERT INTO "lot_face_point" ("tax_lot_face_type","bbl","length","approx_length_flag","angle","delta_x","delta_y","boro","block","lot",shape) VALUES ('0','1006050008','19.77000000','0','-83.06074841','2.53715201','20.84614402','1','605','8','0101000020D708000043F68BE17EF92D41019408CA72270941');
INSERT INTO "lot_face_point" ("tax_lot_face_type","bbl","length","approx_length_flag","angle","delta_x","delta_y","boro","block","lot",shape) VALUES ('0','1006050008','3.43000000','0','-83.06094285','0.42284800','3.47436801','1','605','8','0101000020D7080000BEB55D7086F92D41013CC0D008270941');
INSERT INTO "lot_face_point" ("tax_lot_face_type","bbl","length","approx_length_flag","angle","delta_x","delta_y","boro","block","lot",shape) VALUES ('0','1006050008','5.33000000','0','187.07374534','-5.45817602','0.67731200','1','605','8','0101000020D7080000FD5639BC9DF92D41117F6B6404270941');
INSERT INTO "lot_face_point" ("tax_lot_face_type","bbl","length","approx_length_flag","angle","delta_x","delta_y","boro","block","lot",shape) VALUES ('0','1006050038','35.67000000','0','7.08178147','38.61625603','-4.79744001','1','605','38','0101000020D70800007F8AC236BCF92D41F7423B72C5240941');
INSERT INTO "lot_face_point" ("tax_lot_face_type","bbl","length","approx_length_flag","angle","delta_x","delta_y","boro","block","lot",shape) VALUES ('0','1006050038','27.20000000','0','108.00012015','-7.75961600','-23.88147202','1','605','38','0101000020D7080000BFC7755B9DF92D410EFA6F2938250941');
INSERT INTO "lot_face_point" ("tax_lot_face_type","bbl","length","approx_length_flag","angle","delta_x","delta_y","boro","block","lot",shape) VALUES ('0','1006050038','5.30000000','0','11.67154320','5.19040000','-1.07219200','1','605','38','0101000020D708000083A274F1B0F92D41EE4809FEBC260941');
INSERT INTO "lot_face_point" ("tax_lot_face_type","bbl","length","approx_length_flag","angle","delta_x","delta_y","boro","block","lot",shape) VALUES ('0','1006050038','18.43000000','0','-83.06097609','2.60723200','21.42265603','1','605','38','0101000020D708000082E110B231FA2D410F12D2E56A240941');
INSERT INTO "lot_face_point" ("tax_lot_face_type","bbl","length","approx_length_flag","angle","delta_x","delta_y","boro","block","lot",shape) VALUES ('0','1006050038','11.71000000','0','-83.06130335','1.41465600','11.62425600','1','605','38','0101000020D708000043CB0BB8B4F92D41F39EDF348A260941');
INSERT INTO "lot_face_point" ("tax_lot_face_type","bbl","length","approx_length_flag","angle","delta_x","delta_y","boro","block","lot",shape) VALUES ('0','1006050038','2.90000000','0','96.93979372','-0.35040000','-2.87878402','1','605','38','0101000020D708000002656A1AACF92D410EF1D5CBCC260941');
INSERT INTO "lot_face_point" ("tax_lot_face_type","bbl","length","approx_length_flag","angle","delta_x","delta_y","boro","block","lot",shape) VALUES ('0','1006050038','11.82000000','0','-72.00014599','3.65254401','11.24147202','1','605','38','0101000020D708000043120CEFACF92D41F734B8B1DA250941');
INSERT INTO "lot_face_point" ("tax_lot_face_type","bbl","length","approx_length_flag","angle","delta_x","delta_y","boro","block","lot",shape) VALUES ('0','1006050038','3.13000000','0','-83.06156493','0.37811200','3.10707201','1','605','38','0101000020D70800004495CCB997F92D410673637EAF250941');
INSERT INTO "lot_face_point" ("tax_lot_face_type","bbl","length","approx_length_flag","angle","delta_x","delta_y","boro","block","lot",shape) VALUES ('0','1006050038','36.87000000','0','7.07381229','38.30124803','-4.75289601','1','605','38','0101000020D7080000405F066BD0F92D410DEE67EE52270941');
INSERT INTO "lot_face_point" ("tax_lot_face_type","bbl","length","approx_length_flag","angle","delta_x","delta_y","boro","block","lot",shape) VALUES ('0','1006050046','64.25000000','0','-83.06081705','7.75878401','63.74956806','1','605','46','0101000020D7080000C0A75D5427FA2D41078F763516230941');
INSERT INTO "lot_face_point" ("tax_lot_face_type","bbl","length","approx_length_flag","angle","delta_x","delta_y","boro","block","lot",shape) VALUES ('0','1006050046','19.75000000','0','194.73675606','-19.54374403','5.14060801','1','605','46','0101000020D708000003846A8B1BFA2D41FADF00C529240941');
INSERT INTO "lot_face_point" ("tax_lot_face_type","bbl","length","approx_length_flag","angle","delta_x","delta_y","boro","block","lot",shape) VALUES ('0','1006050040','86.00000000','0','7.08167978','86.73740809','-10.77555200','1','605','40','0101000020D708000044BA3F1F8AFA2D41F047124F77240941');
INSERT INTO "lot_face_point" ("tax_lot_face_type","bbl","length","approx_length_flag","angle","delta_x","delta_y","boro","block","lot",shape) VALUES ('0','1006050040','39.10000000','0','7.08182927','39.91315204','-4.95859200','1','605','40','0101000020D7080000FD1AC0630CFA2D41FDF3376CD4240941');
INSERT INTO "lot_face_point" ("tax_lot_face_type","bbl","length","approx_length_flag","angle","delta_x","delta_y","boro","block","lot",shape) VALUES ('0','1006050040','125.00000000','0','187.08180942','-126.65216012','15.73452802','1','605','40','0101000020D7080000414DE66067FA2D410C09941835250941');
INSERT INTO "lot_face_point" ("tax_lot_face_type","bbl","length","approx_length_flag","angle","delta_x","delta_y","boro","block","lot",shape) VALUES ('0','1006050048','20.50000000','0','187.08181212','-19.89120002','2.47116800','1','605','48','0101000020D7080000C0CF5FF0CEF92D4105032124BC240941');
INSERT INTO "lot_face_point" ("tax_lot_face_type","bbl","length","approx_length_flag","angle","delta_x","delta_y","boro","block","lot",shape) VALUES ('0','1006050048','75.06000000','0','96.93931026','-9.54470401','-78.42201607','1','605','48','0101000020D7080000C167C880B1F92D41F0E475568C230941');
INSERT INTO "lot_face_point" ("tax_lot_face_type","bbl","length","approx_length_flag","angle","delta_x","delta_y","boro","block","lot",shape) VALUES ('0','1006050001','34.81000000','0','-71.99991654','10.73529601','33.03968003','1','605','1','0101000020D7080000913AAE619AF92D41447F708713250941');
INSERT INTO "lot_face_point" ("tax_lot_face_type","bbl","length","approx_length_flag","angle","delta_x","delta_y","boro","block","lot",shape) VALUES ('0','1006050001','3.17000000','0','-77.96208554','1.06559999','4.99699201','1','605','1','0101000020D7080000430D441E68F92D41FFF060E486220941');
INSERT INTO "lot_face_point" ("tax_lot_face_type","bbl","length","approx_length_flag","angle","delta_x","delta_y","boro","block","lot",shape) VALUES ('0','1006050001','6.79000000','0','-77.95190189','1.40236801','6.57049601','1','605','1','0101000020D708000083CD10966AF92D41F2847C29B5220941');
INSERT INTO "lot_face_point" ("tax_lot_face_type","bbl","length","approx_length_flag","angle","delta_x","delta_y","boro","block","lot",shape) VALUES ('0','1006050001','10.24000000','0','198.00010037','-9.73881601','3.16435200','1','605','1','0101000020D70800003D4D966299F92D41F1EB80B682240941');
INSERT INTO "lot_face_point" ("tax_lot_face_type","bbl","length","approx_length_flag","angle","delta_x","delta_y","boro","block","lot",shape) VALUES ('0','1006050001','10.30000000','0','17.99981926','9.79590401','-3.18284799','1','605','1','0101000020D708000005A63B578AF92D4107DB3448CA230941');
INSERT INTO "lot_face_point" ("tax_lot_face_type","bbl","length","approx_length_flag","angle","delta_x","delta_y","boro","block","lot",shape) VALUES ('0','1006050029','20.00000000','0','96.93897460','-2.49753600','-20.52147202','1','605','29','0101000020D7080000858F9AB787FA2D41F3087D43C22C0941');
INSERT INTO "lot_face_point" ("tax_lot_face_type","bbl","length","approx_length_flag","angle","delta_x","delta_y","boro","block","lot",shape) VALUES ('0','1006050029','75.00000000','0','7.08168333','76.37017606','-9.48761600','1','605','29','0101000020D708000044E6FF96D1FA2D41FCA92E3A4A2C0941');
--------------------------------------------------------------------------------
--dont delete this bustah
--------------------------------------------------------------------------------
commit;
begin;
-- why does ESRI add {braces} around globalids?
update tax_block_polygon set globalid = uuid_generate_v4();
alter table tax_block_polygon alter globalid set not null;
commit;
begin;
update tax_lot_polygon set globalid = uuid_generate_v4();
alter table tax_lot_polygon alter globalid set not null;
commit;
begin;
update tax_lot_face set globalid = uuid_generate_v4();
alter table tax_lot_face alter globalid set not null;
commit;
