-- This is the "edited" data on temp scratch postgres database
-- Includes source SDE datasets only, no points for web app labeling and such
-- As new nice edits take place in production replace these datasets only
-- The non-scratch ("unedited") data is frozen circa August 2018
--
-- The basic plan: load this to postgres first, then
-- we will dump out as shp and toss over to an sde-like facsimile
-- I am artisinally hand-crafting data by dumping shps then
-- 
--    shp2pgsql -s 2263 -g shape -m /c/matt_projects/dtm2cloud/src/helpers/mappingfiles/tax_block_polygon_scratch -a /d/matt_projects_data/dtm2cloud/tax_block_polygon_scratch.shp tax_block_polygon_scratch > /d/matt_projects_data/dtm2cloud/tax_block_polygon_scratch.sql
--    shp2pgsql -s 2263 -g shape -m /c/matt_projects/dtm2cloud/src/helpers/mappingfiles/tax_lot_polygon_scratch -a /d/matt_projects_data/dtm2cloud/tax_lot_polygon_scratch.shp tax_lot_polygon_scratch > /d/matt_projects_data/dtm2cloud/tax_lot_polygon_scratch.sql
--    shp2pgsql -s 2263 -g shape -m /c/matt_projects/dtm2cloud/src/helpers/mappingfiles/tax_lot_face_scratch -a /d/matt_projects_data/dtm2cloud/tax_lot_face_scratch.shp tax_lot_face_scratch > /d/matt_projects_data/dtm2cloud/tax_lot_face_scratch.sql
--
-- After IDing a good block pluck out the SQLs (see greps just below) 
--
-- TEMPLATE
--------------------------------------------------------------------------------
-- <boro> block XX edited data
-- Description: This block is very special to me and test-driven development...
--------------------------------------------------------------------------------
-- <boro> block XX tax_block_polygon 
-- grep "('3','2386'," tax_block_polygon_scratch.sql > tax_block_polygon_scratch_temp.sql
-- <boro> block XX tax_lot_polygon 
-- grep "','302386" tax_lot_polygon_scratch.sql > tax_lot_polygon_scratch_temp.sql
-- <boro> block XX tax_lot_face 
-- grep "'3','2386'" tax_lot_face_scratch.sql > tax_lot_face_scratch_temp.sql
--
--------------------------------------------------------------------------------
-- globalids should be axed but for now disable and populate at end of script
begin;
alter table tax_block_polygon_scratch alter globalid drop not null;
alter table tax_lot_polygon_scratch alter globalid drop not null;
alter table tax_lot_face_scratch alter globalid drop not null;
commit;
--------------------------------------------------------------------------------
begin;
--------------------------------------------------------------------------------
-- People's Republic of Brooklyn block 2386 edited data
-- an archetypal merge
-- on August 22 2018 lots 12 and 14 (3023860012,3023860014)
-- merged into 7 (3023860007)
--------------------------------------------------------------------------------
-- Brooklyn block 2386 tax_block_polygon 
INSERT INTO "tax_block_polygon_scratch" ("boro","block","eop_overlap_flag","jagged_st_flag","created_by","created_date","last_modified_by","last_modified_date","section_number","volume_number",shape) VALUES ('3','2386','0','0',NULL,NULL,'LTP',NULL,'8','5','0106000020D70800000100000001030000000100000016000000004AB030326F2E41008AC87F293E084100864845D96E2E4100CCDB35493B084180C66B1D5A6E2E4100CE91F23B3C084180FF1B3A236E2E4100FEAAB9A43C08410040F122F96D2E4100200F13F53C084100A7A237CA6D2E410006BFA34E3D084180C8487C9C6D2E41002092F0A53D084180BA8875706D2E4100404DFCF93D084180B3EB644E6D2E410056F8023B3E084100CB9D1F2C6D2E4100A8596F7C3E0841008310160B6D2E4100624680BB3E08418035A9EEE76C2E4100AE9E9BFE3E084100B65AADB96C2E4100064CE8563F0841809DB220126D2E41001EA9713742084180FACEB5256D2E4100D8FE81DA420841001B83D43B6D2E41005075B49243084100D50A596B6D2E41007A85631E45084180A8DC03226E2E410076CA8FC0430841007FE9ACD46E2E4100100B686A42084180BD8402346F2E410008D1D4B341084180CD5B6D8B6F2E4100DAE46A0C410841004AB030326F2E41008AC87F293E0841');
---- Brooklyn block 2386 tax_lot_polygon
INSERT INTO "tax_lot_polygon_scratch" ("boro","block","lot","bbl","community_district","regular_lot_indicator","number_lot_sides","condo_flag","reuc_flag","air_rights_flag","subterranean_flag","easement_flag","section_number","volume_number","page_number","lot_note","nycmap_bldg_flag","missing_rpad_flag","conversion_exception_flag","value_reflected_out_flag","created_by","created_date","last_modified_by","last_modified_date","av_change","bw_change","effective_tax_year","bill_bbl_flag",shape) VALUES ('3','2386','24','3023860024','0',NULL,'0',NULL,NULL,NULL,NULL,NULL,'8','5','7',NULL,'1','0','0','0',NULL,NULL,'sj',NULL,'0','0',NULL,'0','0106000020D708000001000000010300000001000000050000000040F122F96D2E4100200F13F53C084100A7A237CA6D2E410006BFA34E3D0841008FFAAA226E2E410056A22D2F40084180274996516E2E4100366C9CD53F08410040F122F96D2E4100200F13F53C0841');
INSERT INTO "tax_lot_polygon_scratch" ("boro","block","lot","bbl","community_district","regular_lot_indicator","number_lot_sides","condo_flag","reuc_flag","air_rights_flag","subterranean_flag","easement_flag","section_number","volume_number","page_number","lot_note","nycmap_bldg_flag","missing_rpad_flag","conversion_exception_flag","value_reflected_out_flag","created_by","created_date","last_modified_by","last_modified_date","av_change","bw_change","effective_tax_year","bill_bbl_flag",shape) VALUES ('3','2386','18','3023860018','0','I','0',NULL,NULL,NULL,NULL,NULL,'8','5','7',NULL,'0','0','0','0',NULL,NULL,'sj',NULL,'0','0',NULL,'0','0106000020D70800000100000001030000000100000006000000803EBD11DB6E2E4100CAF629CF3E0841004AB030326F2E41008AC87F293E084100864845D96E2E4100CCDB35493B084180C66B1D5A6E2E4100CE91F23B3C084100C31CFCCA6E2E4100309DDEED3E0841803EBD11DB6E2E4100CAF629CF3E0841');
INSERT INTO "tax_lot_polygon_scratch" ("boro","block","lot","bbl","community_district","regular_lot_indicator","number_lot_sides","condo_flag","reuc_flag","air_rights_flag","subterranean_flag","easement_flag","section_number","volume_number","page_number","lot_note","nycmap_bldg_flag","missing_rpad_flag","conversion_exception_flag","value_reflected_out_flag","created_by","created_date","last_modified_by","last_modified_date","av_change","bw_change","effective_tax_year","bill_bbl_flag",shape) VALUES ('3','2386','29','3023860029','0',NULL,'0',NULL,NULL,NULL,NULL,NULL,'8','5','7',NULL,'1','0','0','0',NULL,NULL,'sj',NULL,'0','0',NULL,'0','0106000020D7080000010000000103000000010000000500000000CB9D1F2C6D2E4100A8596F7C3E0841008310160B6D2E4100624680BB3E084100174AAC526D2E41004A429C0F41084100D1B5B5736D2E410092558BD040084100CB9D1F2C6D2E4100A8596F7C3E0841');
INSERT INTO "tax_lot_polygon_scratch" ("boro","block","lot","bbl","community_district","regular_lot_indicator","number_lot_sides","condo_flag","reuc_flag","air_rights_flag","subterranean_flag","easement_flag","section_number","volume_number","page_number","lot_note","nycmap_bldg_flag","missing_rpad_flag","conversion_exception_flag","value_reflected_out_flag","created_by","created_date","last_modified_by","last_modified_date","av_change","bw_change","effective_tax_year","bill_bbl_flag",shape) VALUES ('3','2386','129','3023860129','0',NULL,'0',NULL,NULL,NULL,NULL,NULL,'8','5','7',NULL,'0','0','0','0',NULL,NULL,'sj',NULL,'0','0',NULL,'0','0106000020D7080000010000000103000000010000000500000080C9E2842F6D2E4100969AB75241084100174AAC526D2E41004A429C0F410841008310160B6D2E4100624680BB3E08418035A9EEE76C2E4100AE9E9BFE3E084180C9E2842F6D2E4100969AB752410841');
INSERT INTO "tax_lot_polygon_scratch" ("boro","block","lot","bbl","community_district","regular_lot_indicator","number_lot_sides","condo_flag","reuc_flag","air_rights_flag","subterranean_flag","easement_flag","section_number","volume_number","page_number","lot_note","nycmap_bldg_flag","missing_rpad_flag","conversion_exception_flag","value_reflected_out_flag","created_by","created_date","last_modified_by","last_modified_date","av_change","bw_change","effective_tax_year","bill_bbl_flag",shape) VALUES ('3','2386','27','3023860027','0',NULL,'0',NULL,NULL,NULL,NULL,NULL,'8','5','7',NULL,'0','0','0','0',NULL,NULL,'sj',NULL,'0','0',NULL,'0','0106000020D7080000010000000103000000010000000500000000A2E0E8C86D2E41008E3086DA40084180BA8875706D2E4100404DFCF93D084180B3EB644E6D2E410056F8023B3E0841802965D8A66D2E4100A4DB8C1B41084100A2E0E8C86D2E41008E3086DA400841');
INSERT INTO "tax_lot_polygon_scratch" ("boro","block","lot","bbl","community_district","regular_lot_indicator","number_lot_sides","condo_flag","reuc_flag","air_rights_flag","subterranean_flag","easement_flag","section_number","volume_number","page_number","lot_note","nycmap_bldg_flag","missing_rpad_flag","conversion_exception_flag","value_reflected_out_flag","created_by","created_date","last_modified_by","last_modified_date","av_change","bw_change","effective_tax_year","bill_bbl_flag",shape) VALUES ('3','2386','21','3023860021','0','I','0',NULL,NULL,NULL,NULL,NULL,'8','5','7',NULL,'2','0','0','0',NULL,NULL,'sj',NULL,'0','0',NULL,'0','0106000020D7080000010000000103000000010000000500000080E773AD7B6E2E4100160843853F084100C31CFCCA6E2E4100309DDEED3E084180C66B1D5A6E2E4100CE91F23B3C084180FF1B3A236E2E4100FEAAB9A43C084180E773AD7B6E2E4100160843853F0841');
INSERT INTO "tax_lot_polygon_scratch" ("boro","block","lot","bbl","community_district","regular_lot_indicator","number_lot_sides","condo_flag","reuc_flag","air_rights_flag","subterranean_flag","easement_flag","section_number","volume_number","page_number","lot_note","nycmap_bldg_flag","missing_rpad_flag","conversion_exception_flag","value_reflected_out_flag","created_by","created_date","last_modified_by","last_modified_date","av_change","bw_change","effective_tax_year","bill_bbl_flag",shape) VALUES ('3','2386','4','3023860004','0',NULL,'0',NULL,NULL,NULL,NULL,NULL,'8','5','7',NULL,'0','0','0','0',NULL,NULL,'sj',NULL,'0','0',NULL,'0','0106000020D7080000010000000103000000010000000500000080A8DC03226E2E410076CA8FC0430841801FB19CF26D2E410052F0C735420841001B83D43B6D2E41005075B49243084100D50A596B6D2E41007A85631E45084180A8DC03226E2E410076CA8FC0430841');
INSERT INTO "tax_lot_polygon_scratch" ("boro","block","lot","bbl","community_district","regular_lot_indicator","number_lot_sides","condo_flag","reuc_flag","air_rights_flag","subterranean_flag","easement_flag","section_number","volume_number","page_number","lot_note","nycmap_bldg_flag","missing_rpad_flag","conversion_exception_flag","value_reflected_out_flag","created_by","created_date","last_modified_by","last_modified_date","av_change","bw_change","effective_tax_year","bill_bbl_flag",shape) VALUES ('3','2386','2','3023860002','0',NULL,'0',NULL,NULL,NULL,NULL,NULL,'8','5','7',NULL,'0','0','0','0',NULL,NULL,'sj',NULL,'0','0',NULL,'0','0106000020D708000001000000010300000001000000070000000071DB7DDC6D2E41001200967D41084100A2E0E8C86D2E41008E3086DA400841802965D8A66D2E4100A4DB8C1B41084100F571F39B6D2E4100AC005930410841809DB220126D2E41001EA9713742084180FACEB5256D2E4100D8FE81DA4208410071DB7DDC6D2E41001200967D410841');
INSERT INTO "tax_lot_polygon_scratch" ("boro","block","lot","bbl","community_district","regular_lot_indicator","number_lot_sides","condo_flag","reuc_flag","air_rights_flag","subterranean_flag","easement_flag","section_number","volume_number","page_number","lot_note","nycmap_bldg_flag","missing_rpad_flag","conversion_exception_flag","value_reflected_out_flag","created_by","created_date","last_modified_by","last_modified_date","av_change","bw_change","effective_tax_year","bill_bbl_flag",shape) VALUES ('3','2386','23','3023860023','0',NULL,'0',NULL,NULL,NULL,NULL,NULL,'8','5','7',NULL,'1','0','0','0',NULL,NULL,'sj',NULL,'0','0',NULL,'0','0106000020D7080000010000000103000000010000000500000080274996516E2E4100366C9CD53F084180E773AD7B6E2E4100160843853F084180FF1B3A236E2E4100FEAAB9A43C08410040F122F96D2E4100200F13F53C084180274996516E2E4100366C9CD53F0841');
INSERT INTO "tax_lot_polygon_scratch" ("boro","block","lot","bbl","community_district","regular_lot_indicator","number_lot_sides","condo_flag","reuc_flag","air_rights_flag","subterranean_flag","easement_flag","section_number","volume_number","page_number","lot_note","nycmap_bldg_flag","missing_rpad_flag","conversion_exception_flag","value_reflected_out_flag","created_by","created_date","last_modified_by","last_modified_date","av_change","bw_change","effective_tax_year","bill_bbl_flag",shape) VALUES ('3','2386','26','3023860026','0',NULL,'0',NULL,NULL,NULL,NULL,NULL,'8','5','7',NULL,'1','0','0','0',NULL,NULL,'sj',NULL,'0','0',NULL,'0','0106000020D7080000010000000103000000010000000500000080B0A0EFF46D2E41006E757A8640084180C8487C9C6D2E41002092F0A53D084180BA8875706D2E4100404DFCF93D084100A2E0E8C86D2E41008E3086DA40084180B0A0EFF46D2E41006E757A86400841');
INSERT INTO "tax_lot_polygon_scratch" ("boro","block","lot","bbl","community_district","regular_lot_indicator","number_lot_sides","condo_flag","reuc_flag","air_rights_flag","subterranean_flag","easement_flag","section_number","volume_number","page_number","lot_note","nycmap_bldg_flag","missing_rpad_flag","conversion_exception_flag","value_reflected_out_flag","created_by","created_date","last_modified_by","last_modified_date","av_change","bw_change","effective_tax_year","bill_bbl_flag",shape) VALUES ('3','2386','25','3023860025','0',NULL,'0',NULL,NULL,NULL,NULL,NULL,'8','5','7',NULL,'1','0','0','0',NULL,NULL,'sj',NULL,'0','0',NULL,'0','0106000020D7080000010000000103000000010000000500000080C8487C9C6D2E41002092F0A53D084180B0A0EFF46D2E41006E757A86400841008FFAAA226E2E410056A22D2F40084100A7A237CA6D2E410006BFA34E3D084180C8487C9C6D2E41002092F0A53D0841');
INSERT INTO "tax_lot_polygon_scratch" ("boro","block","lot","bbl","community_district","regular_lot_indicator","number_lot_sides","condo_flag","reuc_flag","air_rights_flag","subterranean_flag","easement_flag","section_number","volume_number","page_number","lot_note","nycmap_bldg_flag","missing_rpad_flag","conversion_exception_flag","value_reflected_out_flag","created_by","created_date","last_modified_by","last_modified_date","av_change","bw_change","effective_tax_year","bill_bbl_flag",shape) VALUES ('3','2386','28','3023860028','0','I','0',NULL,NULL,NULL,NULL,NULL,'8','5','7',NULL,'1','0','0','0',NULL,NULL,'sj',NULL,'0','0',NULL,'0','0106000020D70800000100000001030000000100000007000000802965D8A66D2E4100A4DB8C1B41084180B3EB644E6D2E410056F8023B3E084100CB9D1F2C6D2E4100A8596F7C3E084100D1B5B5736D2E410092558BD040084100A153168B6D2E41004619EBA340084100F571F39B6D2E4100AC005930410841802965D8A66D2E4100A4DB8C1B410841');
INSERT INTO "tax_lot_polygon_scratch" ("boro","block","lot","bbl","community_district","regular_lot_indicator","number_lot_sides","condo_flag","reuc_flag","air_rights_flag","subterranean_flag","easement_flag","section_number","volume_number","page_number","lot_note","nycmap_bldg_flag","missing_rpad_flag","conversion_exception_flag","value_reflected_out_flag","created_by","created_date","last_modified_by","last_modified_date","av_change","bw_change","effective_tax_year","bill_bbl_flag",shape) VALUES ('3','2386','3','3023860003','0',NULL,'0',NULL,NULL,NULL,NULL,NULL,'8','5','7',NULL,'1','0','0','0',NULL,NULL,'sj',NULL,'0','0',NULL,'0','0106000020D70800000100000001030000000100000005000000801FB19CF26D2E410052F0C7354208410071DB7DDC6D2E41001200967D41084180FACEB5256D2E4100D8FE81DA420841001B83D43B6D2E41005075B492430841801FB19CF26D2E410052F0C735420841');
INSERT INTO "tax_lot_polygon_scratch" ("boro","block","lot","bbl","community_district","regular_lot_indicator","number_lot_sides","condo_flag","reuc_flag","air_rights_flag","subterranean_flag","easement_flag","section_number","volume_number","page_number","lot_note","nycmap_bldg_flag","missing_rpad_flag","conversion_exception_flag","value_reflected_out_flag","created_by","created_date","last_modified_by","last_modified_date","av_change","bw_change","effective_tax_year","bill_bbl_flag",shape) VALUES ('3','2386','1','3023860001','0','I','0',NULL,NULL,NULL,NULL,NULL,'8','5','7',NULL,'1','0','0','0',NULL,NULL,'sj',NULL,'0','0',NULL,'0','0106000020D7080000010000000103000000010000000900000000F571F39B6D2E4100AC00593041084100A153168B6D2E41004619EBA340084100D1B5B5736D2E410092558BD040084100174AAC526D2E41004A429C0F41084180C9E2842F6D2E4100969AB7524108418035A9EEE76C2E4100AE9E9BFE3E084100B65AADB96C2E4100064CE8563F0841809DB220126D2E41001EA9713742084100F571F39B6D2E4100AC005930410841');
INSERT INTO "tax_lot_polygon_scratch" ("boro","block","lot","bbl","community_district","regular_lot_indicator","number_lot_sides","condo_flag","reuc_flag","air_rights_flag","subterranean_flag","easement_flag","section_number","volume_number","page_number","lot_note","nycmap_bldg_flag","missing_rpad_flag","conversion_exception_flag","value_reflected_out_flag","created_by","created_date","last_modified_by","last_modified_date","av_change","bw_change","effective_tax_year","bill_bbl_flag",shape) VALUES ('3','2386','7','3023860007','0',NULL,'0',NULL,NULL,NULL,NULL,NULL,'8','5','7',NULL,'1','0','0','0',NULL,NULL,'sj',NULL,'0','0','2019 - 2020','0','0106000020D7080000010000000103000000010000000F00000080CD5B6D8B6F2E4100DAE46A0C410841004AB030326F2E41008AC87F293E0841803EBD11DB6E2E4100CAF629CF3E084100C31CFCCA6E2E4100309DDEED3E084180E773AD7B6E2E4100160843853F084180274996516E2E4100366C9CD53F0841008FFAAA226E2E410056A22D2F40084180B0A0EFF46D2E41006E757A8640084100A2E0E8C86D2E41008E3086DA4008410071DB7DDC6D2E41001200967D410841801FB19CF26D2E410052F0C73542084180A8DC03226E2E410076CA8FC0430841007FE9ACD46E2E4100100B686A42084180BD8402346F2E410008D1D4B341084180CD5B6D8B6F2E4100DAE46A0C410841');
--Brooklyn block 2386 tax_lot_face 
INSERT INTO "tax_lot_face_scratch" ("tax_lot_face_type","boro","block","lot","bbl","lot_face_length","source","block_face_flag","lot_face_length_error","created_by","created_date","last_modified_by","last_modified_date","av_change","bw_change","approx_length_flag",shape) VALUES ('0','3','2386','24','3023860024','100.00000000','0','0','0',NULL,NULL,NULL,NULL,'0','0','0','0105000020D70800000100000001020000000200000000A7A237CA6D2E410006BFA34E3D0841008FFAAA226E2E410056A22D2F400841');
INSERT INTO "tax_lot_face_scratch" ("tax_lot_face_type","boro","block","lot","bbl","lot_face_length","source","block_face_flag","lot_face_length_error","created_by","created_date","last_modified_by","last_modified_date","av_change","bw_change","approx_length_flag",shape) VALUES ('0','3','2386','28','3023860028','100.00000000','0','0','0',NULL,NULL,NULL,NULL,'0','0','0','0105000020D708000001000000010200000002000000802965D8A66D2E4100A4DB8C1B41084180B3EB644E6D2E410056F8023B3E0841');
INSERT INTO "tax_lot_face_scratch" ("tax_lot_face_type","boro","block","lot","bbl","lot_face_length","source","block_face_flag","lot_face_length_error","created_by","created_date","last_modified_by","last_modified_date","av_change","bw_change","approx_length_flag",shape) VALUES ('0','3','2386','3','3023860003','100.00000000','0','0','0',NULL,NULL,NULL,NULL,'0','0','0','0105000020D708000001000000010200000002000000001B83D43B6D2E41005075B492430841801FB19CF26D2E410052F0C735420841');
INSERT INTO "tax_lot_face_scratch" ("tax_lot_face_type","boro","block","lot","bbl","lot_face_length","source","block_face_flag","lot_face_length_error","created_by","created_date","last_modified_by","last_modified_date","av_change","bw_change","approx_length_flag",shape) VALUES ('0','3','2386','23','3023860023','100.00000000','0','0','0',NULL,NULL,NULL,NULL,'0','0','0','0105000020D7080000010000000102000000020000000040F122F96D2E4100200F13F53C084180274996516E2E4100366C9CD53F0841');
INSERT INTO "tax_lot_face_scratch" ("tax_lot_face_type","boro","block","lot","bbl","lot_face_length","source","block_face_flag","lot_face_length_error","created_by","created_date","last_modified_by","last_modified_date","av_change","bw_change","approx_length_flag",shape) VALUES ('0','3','2386','129','3023860129','18.75000000','0','1','0',NULL,NULL,NULL,NULL,'0','0','0','0105000020D708000001000000010200000002000000008310160B6D2E4100624680BB3E08418035A9EEE76C2E4100AE9E9BFE3E0841');
INSERT INTO "tax_lot_face_scratch" ("tax_lot_face_type","boro","block","lot","bbl","lot_face_length","source","block_face_flag","lot_face_length_error","created_by","created_date","last_modified_by","last_modified_date","av_change","bw_change","approx_length_flag",shape) VALUES ('0','3','2386','4','3023860004','100.00000000','0','1','0',NULL,NULL,NULL,NULL,'0','0','0','0105000020D70800000100000001020000000200000000D50A596B6D2E41007A85631E45084180A8DC03226E2E410076CA8FC0430841');
INSERT INTO "tax_lot_face_scratch" ("tax_lot_face_type","boro","block","lot","bbl","lot_face_length","source","block_face_flag","lot_face_length_error","created_by","created_date","last_modified_by","last_modified_date","av_change","bw_change","approx_length_flag",shape) VALUES ('0','3','2386','18','3023860018','100.00000000','0','1','0',NULL,NULL,NULL,NULL,'0','0','0','0105000020D708000001000000010200000002000000004AB030326F2E41008AC87F293E084100864845D96E2E4100CCDB35493B0841');
INSERT INTO "tax_lot_face_scratch" ("tax_lot_face_type","boro","block","lot","bbl","lot_face_length","source","block_face_flag","lot_face_length_error","created_by","created_date","last_modified_by","last_modified_date","av_change","bw_change","approx_length_flag",shape) VALUES ('0','3','2386','29','3023860029','18.75000000','0','0','0',NULL,NULL,NULL,NULL,'0','0','0','0105000020D70800000100000001020000000200000000174AAC526D2E41004A429C0F41084100D1B5B5736D2E410092558BD0400841');
INSERT INTO "tax_lot_face_scratch" ("tax_lot_face_type","boro","block","lot","bbl","lot_face_length","source","block_face_flag","lot_face_length_error","created_by","created_date","last_modified_by","last_modified_date","av_change","bw_change","approx_length_flag",shape) VALUES ('0','3','2386','24','3023860024','100.00000000','0','0','0',NULL,NULL,NULL,NULL,'0','0','0','0105000020D70800000100000001020000000200000080274996516E2E4100366C9CD53F08410040F122F96D2E4100200F13F53C0841');
INSERT INTO "tax_lot_face_scratch" ("tax_lot_face_type","boro","block","lot","bbl","lot_face_length","source","block_face_flag","lot_face_length_error","created_by","created_date","last_modified_by","last_modified_date","av_change","bw_change","approx_length_flag",shape) VALUES ('0','3','2386','129','3023860129','80.00000000','0','0','0',NULL,NULL,NULL,NULL,'0','0','0','0105000020D7080000010000000102000000020000008035A9EEE76C2E4100AE9E9BFE3E084180C9E2842F6D2E4100969AB752410841');
INSERT INTO "tax_lot_face_scratch" ("tax_lot_face_type","boro","block","lot","bbl","lot_face_length","source","block_face_flag","lot_face_length_error","created_by","created_date","last_modified_by","last_modified_date","av_change","bw_change","approx_length_flag",shape) VALUES ('0','3','2386','129','3023860129','18.75000000','0','0','0',NULL,NULL,NULL,NULL,'0','0','0','0105000020D70800000100000001020000000200000080C9E2842F6D2E4100969AB75241084100174AAC526D2E41004A429C0F410841');
INSERT INTO "tax_lot_face_scratch" ("tax_lot_face_type","boro","block","lot","bbl","lot_face_length","source","block_face_flag","lot_face_length_error","created_by","created_date","last_modified_by","last_modified_date","av_change","bw_change","approx_length_flag",shape) VALUES ('0','3','2386','28','3023860028','20.00000000','0','0','0',NULL,NULL,NULL,NULL,'0','0','0','0105000020D70800000100000001020000000200000000A153168B6D2E41004619EBA340084100F571F39B6D2E4100AC005930410841');
INSERT INTO "tax_lot_face_scratch" ("tax_lot_face_type","boro","block","lot","bbl","lot_face_length","source","block_face_flag","lot_face_length_error","created_by","created_date","last_modified_by","last_modified_date","av_change","bw_change","approx_length_flag",shape) VALUES ('0','3','2386','21','3023860021','0.00000000','1','0','2',NULL,NULL,NULL,NULL,'0','0','0','0105000020D70800000100000001020000000200000000C31CFCCA6E2E4100309DDEED3E084180C66B1D5A6E2E4100CE91F23B3C0841');
INSERT INTO "tax_lot_face_scratch" ("tax_lot_face_type","boro","block","lot","bbl","lot_face_length","source","block_face_flag","lot_face_length_error","created_by","created_date","last_modified_by","last_modified_date","av_change","bw_change","approx_length_flag",shape) VALUES ('0','3','2386','27','3023860027','18.75000000','0','0','0',NULL,NULL,NULL,NULL,'0','0','0','0105000020D708000001000000010200000002000000802965D8A66D2E4100A4DB8C1B41084100A2E0E8C86D2E41008E3086DA400841');
INSERT INTO "tax_lot_face_scratch" ("tax_lot_face_type","boro","block","lot","bbl","lot_face_length","source","block_face_flag","lot_face_length_error","created_by","created_date","last_modified_by","last_modified_date","av_change","bw_change","approx_length_flag",shape) VALUES ('0','3','2386','26','3023860026','25.00000000','0','1','0',NULL,NULL,NULL,NULL,'0','0','0','0105000020D70800000100000001020000000200000080C8487C9C6D2E41002092F0A53D084180BA8875706D2E4100404DFCF93D0841');
INSERT INTO "tax_lot_face_scratch" ("tax_lot_face_type","boro","block","lot","bbl","lot_face_length","source","block_face_flag","lot_face_length_error","created_by","created_date","last_modified_by","last_modified_date","av_change","bw_change","approx_length_flag",shape) VALUES ('0','3','2386','24','3023860024','25.50000000','0','0','0',NULL,NULL,NULL,NULL,'0','0','0','0105000020D708000001000000010200000002000000008FFAAA226E2E410056A22D2F40084180274996516E2E4100366C9CD53F0841');
INSERT INTO "tax_lot_face_scratch" ("tax_lot_face_type","boro","block","lot","bbl","lot_face_length","source","block_face_flag","lot_face_length_error","created_by","created_date","last_modified_by","last_modified_date","av_change","bw_change","approx_length_flag",shape) VALUES ('0','3','2386','1','3023860001','75.00000000','0','0','0',NULL,NULL,NULL,NULL,'0','0','0','0105000020D708000001000000010200000002000000809DB220126D2E41001EA9713742084100F571F39B6D2E4100AC005930410841');
INSERT INTO "tax_lot_face_scratch" ("tax_lot_face_type","boro","block","lot","bbl","lot_face_length","source","block_face_flag","lot_face_length_error","created_by","created_date","last_modified_by","last_modified_date","av_change","bw_change","approx_length_flag",shape) VALUES ('0','3','2386','27','3023860027','18.75000000','0','1','0',NULL,NULL,NULL,NULL,'0','0','0','0105000020D70800000100000001020000000200000080BA8875706D2E4100404DFCF93D084180B3EB644E6D2E410056F8023B3E0841');
INSERT INTO "tax_lot_face_scratch" ("tax_lot_face_type","boro","block","lot","bbl","lot_face_length","source","block_face_flag","lot_face_length_error","created_by","created_date","last_modified_by","last_modified_date","av_change","bw_change","approx_length_flag",shape) VALUES ('0','3','2386','29','3023860029','18.75000000','0','1','0',NULL,NULL,NULL,NULL,'0','0','0','0105000020D70800000100000001020000000200000000CB9D1F2C6D2E4100A8596F7C3E0841008310160B6D2E4100624680BB3E0841');
INSERT INTO "tax_lot_face_scratch" ("tax_lot_face_type","boro","block","lot","bbl","lot_face_length","source","block_face_flag","lot_face_length_error","created_by","created_date","last_modified_by","last_modified_date","av_change","bw_change","approx_length_flag",shape) VALUES ('0','3','2386','29','3023860029','80.00000000','0','0','0',NULL,NULL,NULL,NULL,'0','0','0','0105000020D70800000100000001020000000200000000D1B5B5736D2E410092558BD040084100CB9D1F2C6D2E4100A8596F7C3E0841');
INSERT INTO "tax_lot_face_scratch" ("tax_lot_face_type","boro","block","lot","bbl","lot_face_length","source","block_face_flag","lot_face_length_error","created_by","created_date","last_modified_by","last_modified_date","av_change","bw_change","approx_length_flag",shape) VALUES ('0','3','2386','28','3023860028','6.25000000','0','0','0',NULL,NULL,NULL,NULL,'0','0','0','0105000020D70800000100000001020000000200000000F571F39B6D2E4100AC005930410841802965D8A66D2E4100A4DB8C1B410841');
INSERT INTO "tax_lot_face_scratch" ("tax_lot_face_type","boro","block","lot","bbl","lot_face_length","source","block_face_flag","lot_face_length_error","created_by","created_date","last_modified_by","last_modified_date","av_change","bw_change","approx_length_flag",shape) VALUES ('0','3','2386','2','3023860002','100.00000000','0','0','0',NULL,NULL,NULL,NULL,'0','0','0','0105000020D70800000100000001020000000200000080FACEB5256D2E4100D8FE81DA4208410071DB7DDC6D2E41001200967D410841');
INSERT INTO "tax_lot_face_scratch" ("tax_lot_face_type","boro","block","lot","bbl","lot_face_length","source","block_face_flag","lot_face_length_error","created_by","created_date","last_modified_by","last_modified_date","av_change","bw_change","approx_length_flag",shape) VALUES ('0','3','2386','26','3023860026','25.00000000','0','0','0',NULL,NULL,NULL,NULL,'0','0','0','0105000020D70800000100000001020000000200000000A2E0E8C86D2E41008E3086DA40084180B0A0EFF46D2E41006E757A86400841');
INSERT INTO "tax_lot_face_scratch" ("tax_lot_face_type","boro","block","lot","bbl","lot_face_length","source","block_face_flag","lot_face_length_error","created_by","created_date","last_modified_by","last_modified_date","av_change","bw_change","approx_length_flag",shape) VALUES ('0','3','2386','25','3023860025','24.50000000','0','1','0',NULL,NULL,NULL,NULL,'0','0','0','0105000020D70800000100000001020000000200000000A7A237CA6D2E410006BFA34E3D084180C8487C9C6D2E41002092F0A53D0841');
INSERT INTO "tax_lot_face_scratch" ("tax_lot_face_type","boro","block","lot","bbl","lot_face_length","source","block_face_flag","lot_face_length_error","created_by","created_date","last_modified_by","last_modified_date","av_change","bw_change","approx_length_flag",shape) VALUES ('0','3','2386','28','3023860028','80.00000000','0','0','0',NULL,NULL,NULL,NULL,'0','0','0','0105000020D70800000100000001020000000200000000CB9D1F2C6D2E4100A8596F7C3E084100D1B5B5736D2E410092558BD0400841');
INSERT INTO "tax_lot_face_scratch" ("tax_lot_face_type","boro","block","lot","bbl","lot_face_length","source","block_face_flag","lot_face_length_error","created_by","created_date","last_modified_by","last_modified_date","av_change","bw_change","approx_length_flag",shape) VALUES ('0','3','2386','3','3023860003','100.00000000','0','0','0',NULL,NULL,NULL,NULL,'0','0','0','0105000020D7080000010000000102000000020000000071DB7DDC6D2E41001200967D41084180FACEB5256D2E4100D8FE81DA420841');
INSERT INTO "tax_lot_face_scratch" ("tax_lot_face_type","boro","block","lot","bbl","lot_face_length","source","block_face_flag","lot_face_length_error","created_by","created_date","last_modified_by","last_modified_date","av_change","bw_change","approx_length_flag",shape) VALUES ('0','3','2386','4','3023860004','100.00000000','0','0','0',NULL,NULL,NULL,NULL,'0','0','0','0105000020D708000001000000010200000002000000801FB19CF26D2E410052F0C735420841001B83D43B6D2E41005075B492430841');
INSERT INTO "tax_lot_face_scratch" ("tax_lot_face_type","boro","block","lot","bbl","lot_face_length","source","block_face_flag","lot_face_length_error","created_by","created_date","last_modified_by","last_modified_date","av_change","bw_change","approx_length_flag",shape) VALUES ('0','3','2386','1','3023860001','100.00000000','0','1','0',NULL,NULL,NULL,NULL,'0','0','0','0105000020D70800000100000001020000000200000000B65AADB96C2E4100064CE8563F0841809DB220126D2E41001EA97137420841');
INSERT INTO "tax_lot_face_scratch" ("tax_lot_face_type","boro","block","lot","bbl","lot_face_length","source","block_face_flag","lot_face_length_error","created_by","created_date","last_modified_by","last_modified_date","av_change","bw_change","approx_length_flag",shape) VALUES ('0','3','2386','1','3023860001','20.00000000','0','0','0',NULL,NULL,NULL,NULL,'0','0','0','0105000020D70800000100000001020000000200000000F571F39B6D2E4100AC00593041084100A153168B6D2E41004619EBA3400841');
INSERT INTO "tax_lot_face_scratch" ("tax_lot_face_type","boro","block","lot","bbl","lot_face_length","source","block_face_flag","lot_face_length_error","created_by","created_date","last_modified_by","last_modified_date","av_change","bw_change","approx_length_flag",shape) VALUES ('0','3','2386','23','3023860023','25.00000000','0','1','0',NULL,NULL,NULL,NULL,'0','0','0','0105000020D70800000100000001020000000200000080FF1B3A236E2E4100FEAAB9A43C08410040F122F96D2E4100200F13F53C0841');
INSERT INTO "tax_lot_face_scratch" ("tax_lot_face_type","boro","block","lot","bbl","lot_face_length","source","block_face_flag","lot_face_length_error","created_by","created_date","last_modified_by","last_modified_date","av_change","bw_change","approx_length_flag",shape) VALUES ('0','3','2386','18','3023860018','70.00000000','0','1','0',NULL,NULL,NULL,NULL,'0','0','0','0105000020D70800000100000001020000000200000000864845D96E2E4100CCDB35493B084180C66B1D5A6E2E4100CE91F23B3C0841');
INSERT INTO "tax_lot_face_scratch" ("tax_lot_face_type","boro","block","lot","bbl","lot_face_length","source","block_face_flag","lot_face_length_error","created_by","created_date","last_modified_by","last_modified_date","av_change","bw_change","approx_length_flag",shape) VALUES ('0','3','2386','3','3023860003','25.00000000','0','0','0',NULL,NULL,NULL,NULL,'0','0','0','0105000020D708000001000000010200000002000000801FB19CF26D2E410052F0C7354208410071DB7DDC6D2E41001200967D410841');
INSERT INTO "tax_lot_face_scratch" ("tax_lot_face_type","boro","block","lot","bbl","lot_face_length","source","block_face_flag","lot_face_length_error","created_by","created_date","last_modified_by","last_modified_date","av_change","bw_change","approx_length_flag",shape) VALUES ('0','3','2386','1','3023860001','80.00000000','0','0','0',NULL,NULL,NULL,NULL,'0','0','0','0105000020D70800000100000001020000000200000080C9E2842F6D2E4100969AB7524108418035A9EEE76C2E4100AE9E9BFE3E0841');
INSERT INTO "tax_lot_face_scratch" ("tax_lot_face_type","boro","block","lot","bbl","lot_face_length","source","block_face_flag","lot_face_length_error","created_by","created_date","last_modified_by","last_modified_date","av_change","bw_change","approx_length_flag",shape) VALUES ('0','3','2386','21','3023860021','0.00000000','1','0','2',NULL,NULL,NULL,NULL,'0','0','0','0105000020D70800000100000001020000000200000080E773AD7B6E2E4100160843853F084100C31CFCCA6E2E4100309DDEED3E0841');
INSERT INTO "tax_lot_face_scratch" ("tax_lot_face_type","boro","block","lot","bbl","lot_face_length","source","block_face_flag","lot_face_length_error","created_by","created_date","last_modified_by","last_modified_date","av_change","bw_change","approx_length_flag",shape) VALUES ('0','3','2386','25','3023860025','100.00000000','0','0','0',NULL,NULL,NULL,NULL,'0','0','0','0105000020D70800000100000001020000000200000080C8487C9C6D2E41002092F0A53D084180B0A0EFF46D2E41006E757A86400841');
INSERT INTO "tax_lot_face_scratch" ("tax_lot_face_type","boro","block","lot","bbl","lot_face_length","source","block_face_flag","lot_face_length_error","created_by","created_date","last_modified_by","last_modified_date","av_change","bw_change","approx_length_flag",shape) VALUES ('0','3','2386','2','3023860002','25.00000000','0','1','0',NULL,NULL,NULL,NULL,'0','0','0','0105000020D708000001000000010200000002000000809DB220126D2E41001EA9713742084180FACEB5256D2E4100D8FE81DA420841');
INSERT INTO "tax_lot_face_scratch" ("tax_lot_face_type","boro","block","lot","bbl","lot_face_length","source","block_face_flag","lot_face_length_error","created_by","created_date","last_modified_by","last_modified_date","av_change","bw_change","approx_length_flag",shape) VALUES ('0','3','2386','26','3023860026','100.00000000','0','0','0',NULL,NULL,NULL,NULL,'0','0','0','0105000020D70800000100000001020000000200000080B0A0EFF46D2E41006E757A8640084180C8487C9C6D2E41002092F0A53D0841');
INSERT INTO "tax_lot_face_scratch" ("tax_lot_face_type","boro","block","lot","bbl","lot_face_length","source","block_face_flag","lot_face_length_error","created_by","created_date","last_modified_by","last_modified_date","av_change","bw_change","approx_length_flag",shape) VALUES ('0','3','2386','28','3023860028','12.50000000','0','0','0',NULL,NULL,NULL,NULL,'0','0','0','0105000020D70800000100000001020000000200000000D1B5B5736D2E410092558BD040084100A153168B6D2E41004619EBA3400841');
INSERT INTO "tax_lot_face_scratch" ("tax_lot_face_type","boro","block","lot","bbl","lot_face_length","source","block_face_flag","lot_face_length_error","created_by","created_date","last_modified_by","last_modified_date","av_change","bw_change","approx_length_flag",shape) VALUES ('0','3','2386','4','3023860004','50.00000000','0','1','0',NULL,NULL,NULL,NULL,'0','0','0','0105000020D708000001000000010200000002000000001B83D43B6D2E41005075B49243084100D50A596B6D2E41007A85631E450841');
INSERT INTO "tax_lot_face_scratch" ("tax_lot_face_type","boro","block","lot","bbl","lot_face_length","source","block_face_flag","lot_face_length_error","created_by","created_date","last_modified_by","last_modified_date","av_change","bw_change","approx_length_flag",shape) VALUES ('0','3','2386','21','3023860021','100.00000000','0','0','0',NULL,NULL,NULL,NULL,'0','0','0','0105000020D70800000100000001020000000200000080FF1B3A236E2E4100FEAAB9A43C084180E773AD7B6E2E4100160843853F0841');
INSERT INTO "tax_lot_face_scratch" ("tax_lot_face_type","boro","block","lot","bbl","lot_face_length","source","block_face_flag","lot_face_length_error","created_by","created_date","last_modified_by","last_modified_date","av_change","bw_change","approx_length_flag",shape) VALUES ('0','3','2386','3','3023860003','25.00000000','0','1','0',NULL,NULL,NULL,NULL,'0','0','0','0105000020D70800000100000001020000000200000080FACEB5256D2E4100D8FE81DA420841001B83D43B6D2E41005075B492430841');
INSERT INTO "tax_lot_face_scratch" ("tax_lot_face_type","boro","block","lot","bbl","lot_face_length","source","block_face_flag","lot_face_length_error","created_by","created_date","last_modified_by","last_modified_date","av_change","bw_change","approx_length_flag",shape) VALUES ('0','3','2386','2','3023860002','25.00000000','0','0','0',NULL,NULL,NULL,NULL,'0','0','0','0105000020D7080000010000000102000000020000000071DB7DDC6D2E41001200967D41084100A2E0E8C86D2E41008E3086DA400841');
INSERT INTO "tax_lot_face_scratch" ("tax_lot_face_type","boro","block","lot","bbl","lot_face_length","source","block_face_flag","lot_face_length_error","created_by","created_date","last_modified_by","last_modified_date","av_change","bw_change","approx_length_flag",shape) VALUES ('0','3','2386','27','3023860027','100.00000000','0','0','0',NULL,NULL,NULL,NULL,'0','0','0','0105000020D70800000100000001020000000200000080B3EB644E6D2E410056F8023B3E0841802965D8A66D2E4100A4DB8C1B410841');
INSERT INTO "tax_lot_face_scratch" ("tax_lot_face_type","boro","block","lot","bbl","lot_face_length","source","block_face_flag","lot_face_length_error","created_by","created_date","last_modified_by","last_modified_date","av_change","bw_change","approx_length_flag",shape) VALUES ('0','3','2386','7','3023860007','100.00000000','0','1','0',NULL,NULL,NULL,NULL,'0','0','0','0105000020D70800000100000001020000000200000080CD5B6D8B6F2E4100DAE46A0C410841004AB030326F2E41008AC87F293E0841');
INSERT INTO "tax_lot_face_scratch" ("tax_lot_face_type","boro","block","lot","bbl","lot_face_length","source","block_face_flag","lot_face_length_error","created_by","created_date","last_modified_by","last_modified_date","av_change","bw_change","approx_length_flag",shape) VALUES ('0','3','2386','7','3023860007','200.00000000','0','0','0',NULL,NULL,NULL,NULL,'0','0','0','0105000020D708000001000000010200000008000000004AB030326F2E41008AC87F293E0841803EBD11DB6E2E4100CAF629CF3E084100C31CFCCA6E2E4100309DDEED3E084180E773AD7B6E2E4100160843853F084180274996516E2E4100366C9CD53F0841008FFAAA226E2E410056A22D2F40084180B0A0EFF46D2E41006E757A8640084100A2E0E8C86D2E41008E3086DA400841');
INSERT INTO "tax_lot_face_scratch" ("tax_lot_face_type","boro","block","lot","bbl","lot_face_length","source","block_face_flag","lot_face_length_error","created_by","created_date","last_modified_by","last_modified_date","av_change","bw_change","approx_length_flag",shape) VALUES ('0','3','2386','7','3023860007','200.00000000','0','1','0',NULL,NULL,NULL,NULL,'0','0','0','0105000020D70800000100000001020000000400000080A8DC03226E2E410076CA8FC0430841007FE9ACD46E2E4100100B686A42084180BD8402346F2E410008D1D4B341084180CD5B6D8B6F2E4100DAE46A0C410841');
INSERT INTO "tax_lot_face_scratch" ("tax_lot_face_type","boro","block","lot","bbl","lot_face_length","source","block_face_flag","lot_face_length_error","created_by","created_date","last_modified_by","last_modified_date","av_change","bw_change","approx_length_flag",shape) VALUES ('0','3','2386','2','3023860002','100.00000000','0','0','0',NULL,NULL,NULL,NULL,'0','0','0','0105000020D70800000100000001020000000400000000A2E0E8C86D2E41008E3086DA400841802965D8A66D2E4100A4DB8C1B41084100F571F39B6D2E4100AC005930410841809DB220126D2E41001EA97137420841');
INSERT INTO "tax_lot_face_scratch" ("tax_lot_face_type","boro","block","lot","bbl","lot_face_length","source","block_face_flag","lot_face_length_error","created_by","created_date","last_modified_by","last_modified_date","av_change","bw_change","approx_length_flag",shape) VALUES ('0','3','2386','23','3023860023','25.00000000','0','0','0',NULL,NULL,NULL,NULL,'0','0','0','0105000020D70800000100000001020000000200000080274996516E2E4100366C9CD53F084180E773AD7B6E2E4100160843853F0841');
INSERT INTO "tax_lot_face_scratch" ("tax_lot_face_type","boro","block","lot","bbl","lot_face_length","source","block_face_flag","lot_face_length_error","created_by","created_date","last_modified_by","last_modified_date","av_change","bw_change","approx_length_flag",shape) VALUES ('0','3','2386','27','3023860027','100.00000000','0','0','0',NULL,NULL,NULL,NULL,'0','0','0','0105000020D70800000100000001020000000200000000A2E0E8C86D2E41008E3086DA40084180BA8875706D2E4100404DFCF93D0841');
INSERT INTO "tax_lot_face_scratch" ("tax_lot_face_type","boro","block","lot","bbl","lot_face_length","source","block_face_flag","lot_face_length_error","created_by","created_date","last_modified_by","last_modified_date","av_change","bw_change","approx_length_flag",shape) VALUES ('0','3','2386','26','3023860026','100.00000000','0','0','0',NULL,NULL,NULL,NULL,'0','0','0','0105000020D70800000100000001020000000200000080BA8875706D2E4100404DFCF93D084100A2E0E8C86D2E41008E3086DA400841');
INSERT INTO "tax_lot_face_scratch" ("tax_lot_face_type","boro","block","lot","bbl","lot_face_length","source","block_face_flag","lot_face_length_error","created_by","created_date","last_modified_by","last_modified_date","av_change","bw_change","approx_length_flag",shape) VALUES ('0','3','2386','25','3023860025','24.50000000','0','0','0',NULL,NULL,NULL,NULL,'0','0','0','0105000020D70800000100000001020000000200000080B0A0EFF46D2E41006E757A86400841008FFAAA226E2E410056A22D2F400841');
INSERT INTO "tax_lot_face_scratch" ("tax_lot_face_type","boro","block","lot","bbl","lot_face_length","source","block_face_flag","lot_face_length_error","created_by","created_date","last_modified_by","last_modified_date","av_change","bw_change","approx_length_flag",shape) VALUES ('0','3','2386','18','3023860018','56.25000000','0','0','0',NULL,NULL,NULL,NULL,'0','0','0','0105000020D70800000100000001020000000300000000C31CFCCA6E2E4100309DDEED3E0841803EBD11DB6E2E4100CAF629CF3E0841004AB030326F2E41008AC87F293E0841');
INSERT INTO "tax_lot_face_scratch" ("tax_lot_face_type","boro","block","lot","bbl","lot_face_length","source","block_face_flag","lot_face_length_error","created_by","created_date","last_modified_by","last_modified_date","av_change","bw_change","approx_length_flag",shape) VALUES ('0','3','2386','24','3023860024','25.50000000','0','1','0',NULL,NULL,NULL,NULL,'0','0','0','0105000020D7080000010000000102000000020000000040F122F96D2E4100200F13F53C084100A7A237CA6D2E410006BFA34E3D0841');
INSERT INTO "tax_lot_face_scratch" ("tax_lot_face_type","boro","block","lot","bbl","lot_face_length","source","block_face_flag","lot_face_length_error","created_by","created_date","last_modified_by","last_modified_date","av_change","bw_change","approx_length_flag",shape) VALUES ('0','3','2386','18','3023860018','0.00000000','1','0','2',NULL,NULL,NULL,NULL,'0','0','0','0105000020D70800000100000001020000000200000080C66B1D5A6E2E4100CE91F23B3C084100C31CFCCA6E2E4100309DDEED3E0841');
INSERT INTO "tax_lot_face_scratch" ("tax_lot_face_type","boro","block","lot","bbl","lot_face_length","source","block_face_flag","lot_face_length_error","created_by","created_date","last_modified_by","last_modified_date","av_change","bw_change","approx_length_flag",shape) VALUES ('0','3','2386','29','3023860029','80.00000000','0','0','0',NULL,NULL,NULL,NULL,'0','0','0','0105000020D708000001000000010200000002000000008310160B6D2E4100624680BB3E084100174AAC526D2E41004A429C0F410841');
INSERT INTO "tax_lot_face_scratch" ("tax_lot_face_type","boro","block","lot","bbl","lot_face_length","source","block_face_flag","lot_face_length_error","created_by","created_date","last_modified_by","last_modified_date","av_change","bw_change","approx_length_flag",shape) VALUES ('0','3','2386','25','3023860025','100.00000000','0','0','0',NULL,NULL,NULL,NULL,'0','0','0','0105000020D708000001000000010200000002000000008FFAAA226E2E410056A22D2F40084100A7A237CA6D2E410006BFA34E3D0841');
INSERT INTO "tax_lot_face_scratch" ("tax_lot_face_type","boro","block","lot","bbl","lot_face_length","source","block_face_flag","lot_face_length_error","created_by","created_date","last_modified_by","last_modified_date","av_change","bw_change","approx_length_flag",shape) VALUES ('0','3','2386','1','3023860001','25.00000000','0','1','0',NULL,NULL,NULL,NULL,'0','0','0','0105000020D7080000010000000102000000020000008035A9EEE76C2E4100AE9E9BFE3E084100B65AADB96C2E4100064CE8563F0841');
INSERT INTO "tax_lot_face_scratch" ("tax_lot_face_type","boro","block","lot","bbl","lot_face_length","source","block_face_flag","lot_face_length_error","created_by","created_date","last_modified_by","last_modified_date","av_change","bw_change","approx_length_flag",shape) VALUES ('0','3','2386','1','3023860001','50.00000000','0','0','0',NULL,NULL,NULL,NULL,'0','0','0','0105000020D70800000100000001020000000400000000A153168B6D2E41004619EBA340084100D1B5B5736D2E410092558BD040084100174AAC526D2E41004A429C0F41084180C9E2842F6D2E4100969AB752410841');
INSERT INTO "tax_lot_face_scratch" ("tax_lot_face_type","boro","block","lot","bbl","lot_face_length","source","block_face_flag","lot_face_length_error","created_by","created_date","last_modified_by","last_modified_date","av_change","bw_change","approx_length_flag",shape) VALUES ('0','3','2386','4','3023860004','50.00000000','0','0','0',NULL,NULL,NULL,NULL,'0','0','0','0105000020D70800000100000001020000000200000080A8DC03226E2E410076CA8FC0430841801FB19CF26D2E410052F0C735420841');
INSERT INTO "tax_lot_face_scratch" ("tax_lot_face_type","boro","block","lot","bbl","lot_face_length","source","block_face_flag","lot_face_length_error","created_by","created_date","last_modified_by","last_modified_date","av_change","bw_change","approx_length_flag",shape) VALUES ('0','3','2386','21','3023860021','30.00000000','0','1','0',NULL,NULL,NULL,NULL,'0','0','0','0105000020D70800000100000001020000000200000080C66B1D5A6E2E4100CE91F23B3C084180FF1B3A236E2E4100FEAAB9A43C0841');
INSERT INTO "tax_lot_face_scratch" ("tax_lot_face_type","boro","block","lot","bbl","lot_face_length","source","block_face_flag","lot_face_length_error","created_by","created_date","last_modified_by","last_modified_date","av_change","bw_change","approx_length_flag",shape) VALUES ('0','3','2386','28','3023860028','18.75000000','0','1','0',NULL,NULL,NULL,NULL,'0','0','0','0105000020D70800000100000001020000000200000080B3EB644E6D2E410056F8023B3E084100CB9D1F2C6D2E4100A8596F7C3E0841');
INSERT INTO "tax_lot_face_scratch" ("tax_lot_face_type","boro","block","lot","bbl","lot_face_length","source","block_face_flag","lot_face_length_error","created_by","created_date","last_modified_by","last_modified_date","av_change","bw_change","approx_length_flag",shape) VALUES ('0','3','2386','7','3023860007','100.00000000','0','0','0',NULL,NULL,NULL,NULL,'0','0','0','0105000020D70800000100000001020000000400000000A2E0E8C86D2E41008E3086DA4008410071DB7DDC6D2E41001200967D410841801FB19CF26D2E410052F0C73542084180A8DC03226E2E410076CA8FC0430841');
INSERT INTO "tax_lot_face_scratch" ("tax_lot_face_type","boro","block","lot","bbl","lot_face_length","source","block_face_flag","lot_face_length_error","created_by","created_date","last_modified_by","last_modified_date","av_change","bw_change","approx_length_flag",shape) VALUES ('0','3','2386','129','3023860129','80.00000000','0','0','0',NULL,NULL,NULL,NULL,'0','0','0','0105000020D70800000100000001020000000200000000174AAC526D2E41004A429C0F410841008310160B6D2E4100624680BB3E0841');
INSERT INTO "tax_lot_face_scratch" ("tax_lot_face_type","boro","block","lot","bbl","lot_face_length","source","block_face_flag","lot_face_length_error","created_by","created_date","last_modified_by","last_modified_date","av_change","bw_change","approx_length_flag",shape) VALUES ('0','3','2386','23','3023860023','100.00000000','0','0','0',NULL,NULL,NULL,NULL,'0','0','0','0105000020D70800000100000001020000000200000080E773AD7B6E2E4100160843853F084180FF1B3A236E2E4100FEAAB9A43C0841');
---------------------------------------------------------------------
-- Bronx block 2541 "edited" data that is actually unedited 
-- test is that it does not trigger any action
-- 2541 is an interesting critter because 3 lots have identical BBLs (2025418900)
-- In the test target these three bbls look "merged" (matching legacy prod)
-- So without noting the duplicate BBLs this will look like a lot in the source that has been split
-- My understanding is that the ETL should do nothing here -- the 3 lots on the target 
--    that have been dissolved are intended that way for display of the subject triplicate lot
-- (Or these and similar scenarios could be garbage data) 
-- ---------------------------------------------------------------------
-- Bronx block 2541 tax_block_polygon 
INSERT INTO "tax_block_polygon_scratch" ("boro","block","eop_overlap_flag","jagged_st_flag","created_by","created_date","last_modified_by","last_modified_date","section_number","volume_number",shape) VALUES ('2','2541','1','0',NULL,'19991130','LTP',NULL,'9','9','0106000020D7080000010000000103000000010000002F00000000351FF169A32E41001443A5AF060E41002AD4B439A32E41005EE76748040E4100C6239923A22E410060402998050E41002E64561DA22E4100FE445F9F050E418094DF4AE4A12E4100D0A3DCDB050E418027868CBDA12E4100DA084CE5030E4100A931909DA02E41004E8EA54DF50D41005AF3528FA02E4100D611F194F40D410009A43386A02E41000A7CAF9FF40D4100AD6914789F2E41003C87D5DDF50D41809F69F85CA02E4100C2179126FE0D41004375E2A8A02E4100163DCDC7000E41003854FBF2A02E410086BFAE44030E4180F5909846A12E4100AECAB807060E41807DFBE268A12E41002E283F47070E4180F4BCC38BA12E410086ABA89F080E410036AA7B92A12E4100D4FA00E2080E41808AAEB3BFA12E4100061396D60A0E4180A4C5C1DBA12E410094B0BF2A0C0E4100EAF0B8DEA12E41000217B44E0C0E418063F5EF08A22E4100D2E424520E0E4180640BE916A22E41008E5BC7360F0E418050A547A9A22E4100F4A5B391180E41808A03C9E1A22E41003AD8422E1C0E4180D719C001A32E41006CFD46391E0E410056FD2B31A32E4100B2D3D3E5200E4100277B6554A32E41009A9177AC220E4100CF270C80A32E4100C42F6493240E41006FB5689FA32E4100706C1EC5250E410033334DBEA32E4100BEB016DD260E4100899A02DFA32E4100660E9CF1270E410027FC6CFAA32E4100C0C16ACA280E410053804203A42E4100CEA54410290E4180C6557F12A42E4100D8BE0C84290E41004893A524A42E4100BCDCEC0D2A0E4180D3AFC75AA42E4100FEA6AEBA2B0E41009F6F5E92A42E41009E22F7722D0E4180B51C3B0EA52E410018E82E47310E4180B51E4A2AA62E4100C459F3812F0E4100BEBF06F2A62E4100E05E42432E0E4100758F31CDA62E4100E29C48CE2C0E4180A567CDD5A42E41008C25E100190E41805EB1D98FA42E41008A8094D6150E41805F205BB4A42E4100167020A2150E4100633C9D81A42E410094BF9334140E4180825F3D44A42E410020CB28F4110E4100351FF169A32E41001443A5AF060E41');
-- Bronx block 2541 tax_lot_polygon
INSERT INTO "tax_lot_polygon_scratch" ("boro","block","lot","bbl","community_district","regular_lot_indicator","number_lot_sides","condo_flag","reuc_flag","air_rights_flag","subterranean_flag","easement_flag","section_number","volume_number","page_number","lot_note","nycmap_bldg_flag","missing_rpad_flag","conversion_exception_flag","value_reflected_out_flag","created_by","created_date","last_modified_by","last_modified_date","av_change","bw_change","effective_tax_year","bill_bbl_flag",shape) VALUES ('2','2541','8900','2025418900','0',NULL,'0',NULL,'R',NULL,NULL,'E','9','9','18',NULL,'0','0','0','0',NULL,NULL,NULL,NULL,'0','0',NULL,'0','0106000020D7080000010000000103000000010000000600000080B51C3B0EA52E410018E82E47310E4180B51E4A2AA62E4100C459F3812F0E4180A8372F04A62E4100948041102E0E4180FD9EE4CCA52E4100B204500A2C0E41009F6F5E92A42E41009E22F7722D0E4180B51C3B0EA52E410018E82E47310E41');
INSERT INTO "tax_lot_polygon_scratch" ("boro","block","lot","bbl","community_district","regular_lot_indicator","number_lot_sides","condo_flag","reuc_flag","air_rights_flag","subterranean_flag","easement_flag","section_number","volume_number","page_number","lot_note","nycmap_bldg_flag","missing_rpad_flag","conversion_exception_flag","value_reflected_out_flag","created_by","created_date","last_modified_by","last_modified_date","av_change","bw_change","effective_tax_year","bill_bbl_flag",shape) VALUES ('2','2541','123','2025410123','0','I','0',NULL,'R',NULL,NULL,NULL,'9','9','18',NULL,'0','0','0','0',NULL,'19991130','sj','20071130','0','0',NULL,'0','0106000020D7080000010000000103000000010000001800000080CABDDA9FA32E4100BC046A2F170E418046B1F6D5A32E410056FFAAE1160E4180754CF760A32E41000ACF2A11130E4100D81514F4A22E4100E028ADDD0F0E41802DB113CCA22E41002A5086A80E0E41803C2D20B2A22E4100605755CD0D0E41803847FE9EA22E4100CA1C54200D0E41007F111590A22E41000465A3910C0E41802F63EB7FA22E4100E226F3ED0B0E418068FCA36DA22E41005AB92EFA0A0E4100E1C26232A22E4100E24DEA69070E41805F31CB2CA22E4100927E2E18070E4180ABEC63EBA12E4100A24EAC31070E4100018F50F9A12E41006477EDF0070E4100C2B5BB45A22E41003C1796DD0B0E41806084D152A22E410010355A6C0C0E4180E0B2EB6CA22E41006C688C740D0E41809D25A982A22E410028BAF0410E0E41802D01D9A1A22E410036CD36550F0E4100422424C0A22E4100969E1D4E100E418052BAD5E9A22E4100109FE18B110E4100DC906040A32E4100B44C9EF0130E41809254C09BA32E410092714F35170E4180CABDDA9FA32E4100BC046A2F170E41');
INSERT INTO "tax_lot_polygon_scratch" ("boro","block","lot","bbl","community_district","regular_lot_indicator","number_lot_sides","condo_flag","reuc_flag","air_rights_flag","subterranean_flag","easement_flag","section_number","volume_number","page_number","lot_note","nycmap_bldg_flag","missing_rpad_flag","conversion_exception_flag","value_reflected_out_flag","created_by","created_date","last_modified_by","last_modified_date","av_change","bw_change","effective_tax_year","bill_bbl_flag",shape) VALUES ('2','2541','22','2025410022','0','I','0',NULL,'R',NULL,NULL,'E','9','9','18',NULL,'0','0','0','0',NULL,'19991130','sj','20071130','0','0',NULL,'0','0106000020D708000001000000010300000001000000180000008007511165A42E4100A6010D14160E41805EB1D98FA42E41008A8094D6150E41805F205BB4A42E4100167020A2150E4100633C9D81A42E410094BF9334140E4180825F3D44A42E410020CB28F4110E4100351FF169A32E41001443A5AF060E4100E1AFAA8CA22E410064285AF7060E4100ACC1DC8CA22E41007C36DEFB060E41008FFB3795A22E4100EC891AAA070E41008061DA9DA22E4100C4A63A42080E418083F560A8A22E4100EED22BE3080E4100E4BEB6B4A22E41006A9F6C88090E4100BFF196C1A22E41009838D0210A0E4180187AA5D2A22E4100DAE91ED70A0E4180FB5BE3E9A22E41008E38B4C60B0E4180598C9BF8A22E41004840D5460C0E41003F98F508A32E41002A703BD20C0E41805A895A18A32E4100A6D9C5520D0E4100A53AFE29A32E410006EE02E30D0E4100F93DCB39A32E4100D87394610E0E4100FB32324EA32E41001A3384010F0E4100B58842B9A32E410058C62C39120E4180EFB3E437A42E4100E4BDF454160E418007511165A42E4100A6010D14160E41');
INSERT INTO "tax_lot_polygon_scratch" ("boro","block","lot","bbl","community_district","regular_lot_indicator","number_lot_sides","condo_flag","reuc_flag","air_rights_flag","subterranean_flag","easement_flag","section_number","volume_number","page_number","lot_note","nycmap_bldg_flag","missing_rpad_flag","conversion_exception_flag","value_reflected_out_flag","created_by","created_date","last_modified_by","last_modified_date","av_change","bw_change","effective_tax_year","bill_bbl_flag",shape) VALUES ('2','2541','4','2025410004','0',NULL,'0',NULL,'R',NULL,NULL,'E','9','9','18',NULL,'0','0','0','0',NULL,'19991130','sj','20071130','0','0',NULL,'0','0106000020D7080000010000000103000000010000001000000080187AA5D2A22E4100DAE91ED70A0E4100BFF196C1A22E41009838D0210A0E4100E4BEB6B4A22E41006A9F6C88090E418083F560A8A22E4100EED22BE3080E41008061DA9DA22E4100C4A63A42080E41008FFB3795A22E4100EC891AAA070E4100ACC1DC8CA22E41007C36DEFB060E4100E1AFAA8CA22E410064285AF7060E4100351FF169A32E41001443A5AF060E41002AD4B439A32E41005EE76748040E4100C6239923A22E410060402998050E4100EDE2DE32A22E41002C512914070E41805F31CB2CA22E4100927E2E18070E4100E1C26232A22E4100E24DEA69070E418068FCA36DA22E41005AB92EFA0A0E4180187AA5D2A22E4100DAE91ED70A0E41');
INSERT INTO "tax_lot_polygon_scratch" ("boro","block","lot","bbl","community_district","regular_lot_indicator","number_lot_sides","condo_flag","reuc_flag","air_rights_flag","subterranean_flag","easement_flag","section_number","volume_number","page_number","lot_note","nycmap_bldg_flag","missing_rpad_flag","conversion_exception_flag","value_reflected_out_flag","created_by","created_date","last_modified_by","last_modified_date","av_change","bw_change","effective_tax_year","bill_bbl_flag",shape) VALUES ('2','2541','180','2025410180','0','I','0',NULL,'R',NULL,NULL,'E','9','9','18',NULL,'0','0','0','0',NULL,'19991130','sj','20071130','0','0',NULL,'0','0106000020D7080000010000000103000000010000001900000000758F31CDA62E4100E29C48CE2C0E4180A567CDD5A42E41008C25E100190E41805EB1D98FA42E41008A8094D6150E418007511165A42E4100A6010D14160E4180EFB3E437A42E4100E4BDF454160E4100B58842B9A32E410058C62C39120E4100FB32324EA32E41001A3384010F0E4100F93DCB39A32E4100D87394610E0E4100A53AFE29A32E410006EE02E30D0E41805A895A18A32E4100A6D9C5520D0E41003F98F508A32E41002A703BD20C0E4180598C9BF8A22E41004840D5460C0E4180FB5BE3E9A22E41008E38B4C60B0E41802F63EB7FA22E4100E226F3ED0B0E41007F111590A22E41000465A3910C0E41803847FE9EA22E4100CA1C54200D0E41803C2D20B2A22E4100605755CD0D0E41802DB113CCA22E41002A5086A80E0E4100D81514F4A22E4100E028ADDD0F0E4180754CF760A32E41000ACF2A11130E418046B1F6D5A32E410056FFAAE1160E4180CABDDA9FA32E4100BC046A2F170E4180FD9EE4CCA52E4100B204500A2C0E4180A8372F04A62E4100948041102E0E4100758F31CDA62E4100E29C48CE2C0E41');
INSERT INTO "tax_lot_polygon_scratch" ("boro","block","lot","bbl","community_district","regular_lot_indicator","number_lot_sides","condo_flag","reuc_flag","air_rights_flag","subterranean_flag","easement_flag","section_number","volume_number","page_number","lot_note","nycmap_bldg_flag","missing_rpad_flag","conversion_exception_flag","value_reflected_out_flag","created_by","created_date","last_modified_by","last_modified_date","av_change","bw_change","effective_tax_year","bill_bbl_flag",shape) VALUES ('2','2541','3','2025410003','0','I','0',NULL,'R',NULL,NULL,'E','9','9','18',NULL,'0','0','0','0',NULL,'19991130','sj','20071130','0','0',NULL,'0','0106000020D7080000010000000103000000010000000500000080FB5BE3E9A22E41008E38B4C60B0E4180187AA5D2A22E4100DAE91ED70A0E418068FCA36DA22E41005AB92EFA0A0E41802F63EB7FA22E4100E226F3ED0B0E4180FB5BE3E9A22E41008E38B4C60B0E41');
INSERT INTO "tax_lot_polygon_scratch" ("boro","block","lot","bbl","community_district","regular_lot_indicator","number_lot_sides","condo_flag","reuc_flag","air_rights_flag","subterranean_flag","easement_flag","section_number","volume_number","page_number","lot_note","nycmap_bldg_flag","missing_rpad_flag","conversion_exception_flag","value_reflected_out_flag","created_by","created_date","last_modified_by","last_modified_date","av_change","bw_change","effective_tax_year","bill_bbl_flag",shape) VALUES ('2','2541','8900','2025418900','0',NULL,'0',NULL,'R',NULL,NULL,NULL,'9','9','18',NULL,'0','0','0','0',NULL,NULL,NULL,NULL,'0','0',NULL,'0','0106000020D7080000010000000103000000010000000500000080A8372F04A62E4100948041102E0E4180B51E4A2AA62E4100C459F3812F0E4100BEBF06F2A62E4100E05E42432E0E4100758F31CDA62E4100E29C48CE2C0E4180A8372F04A62E4100948041102E0E41');
INSERT INTO "tax_lot_polygon_scratch" ("boro","block","lot","bbl","community_district","regular_lot_indicator","number_lot_sides","condo_flag","reuc_flag","air_rights_flag","subterranean_flag","easement_flag","section_number","volume_number","page_number","lot_note","nycmap_bldg_flag","missing_rpad_flag","conversion_exception_flag","value_reflected_out_flag","created_by","created_date","last_modified_by","last_modified_date","av_change","bw_change","effective_tax_year","bill_bbl_flag",shape) VALUES ('2','2541','159','2025410159','0',NULL,'0',NULL,NULL,NULL,NULL,NULL,'9','9','18',NULL,'0','0','0','0',NULL,'19991130','sj','20071130','0','0',NULL,'0','0106000020D708000001000000010300000001000000060000008050A547A9A22E4100F4A5B391180E41808A03C9E1A22E41003AD8422E1C0E418038B723B2A32E410040FBFFB61A0E41009F31AD5BA32E4100427BB8A2170E4180A2DFD859A32E4100AAF20094170E418050A547A9A22E4100F4A5B391180E41');
INSERT INTO "tax_lot_polygon_scratch" ("boro","block","lot","bbl","community_district","regular_lot_indicator","number_lot_sides","condo_flag","reuc_flag","air_rights_flag","subterranean_flag","easement_flag","section_number","volume_number","page_number","lot_note","nycmap_bldg_flag","missing_rpad_flag","conversion_exception_flag","value_reflected_out_flag","created_by","created_date","last_modified_by","last_modified_date","av_change","bw_change","effective_tax_year","bill_bbl_flag",shape) VALUES ('2','2541','122','2025410122','0','I','0',NULL,'R',NULL,NULL,NULL,'9','9','18',NULL,'0','0','0','0',NULL,'19991130','sj','20071130','0','0',NULL,'0','0106000020D7080000010000000103000000010000001000000080A2DFD859A32E4100AAF20094170E4100EC8D3BFBA22E4100C6390296140E41006A694F9FA22E410088302425120E4100D72B0D82A22E41001A531D50110E4100409A9262A22E410030BD3162100E410097F20242A22E4100C8F2A9610F0E41805F4D462BA22E4100683A36A00E0E41801CF3E20AA22E410050CED9800D0E4100C61D17F3A12E410068A76FB70C0E418016FA08E2A12E4100749F6C280C0E4180A4C5C1DBA12E410094B0BF2A0C0E4100EAF0B8DEA12E41000217B44E0C0E418063F5EF08A22E4100D2E424520E0E4180640BE916A22E41008E5BC7360F0E418050A547A9A22E4100F4A5B391180E4180A2DFD859A32E4100AAF20094170E41');
INSERT INTO "tax_lot_polygon_scratch" ("boro","block","lot","bbl","community_district","regular_lot_indicator","number_lot_sides","condo_flag","reuc_flag","air_rights_flag","subterranean_flag","easement_flag","section_number","volume_number","page_number","lot_note","nycmap_bldg_flag","missing_rpad_flag","conversion_exception_flag","value_reflected_out_flag","created_by","created_date","last_modified_by","last_modified_date","av_change","bw_change","effective_tax_year","bill_bbl_flag",shape) VALUES ('2','2541','8900','2025418900','0',NULL,'0',NULL,'R',NULL,NULL,'E','9','9','18',NULL,'0','0','0','0',NULL,NULL,NULL,NULL,'0','0',NULL,'0','0106000020D7080000010000000103000000010000003000000080FD9EE4CCA52E4100B204500A2C0E4180CABDDA9FA32E4100BC046A2F170E41809254C09BA32E410092714F35170E4100DC906040A32E4100B44C9EF0130E418052BAD5E9A22E4100109FE18B110E4100422424C0A22E4100969E1D4E100E41802D01D9A1A22E410036CD36550F0E41809D25A982A22E410028BAF0410E0E4180E0B2EB6CA22E41006C688C740D0E41806084D152A22E410010355A6C0C0E4100C2B5BB45A22E41003C1796DD0B0E4100018F50F9A12E41006477EDF0070E4180ABEC63EBA12E4100A24EAC31070E41805F31CB2CA22E4100927E2E18070E4100EDE2DE32A22E41002C512914070E4100C6239923A22E410060402998050E41002E64561DA22E4100FE445F9F050E418094DF4AE4A12E4100D0A3DCDB050E418027868CBDA12E4100DA084CE5030E4100A931909DA02E41004E8EA54DF50D41005AF3528FA02E4100D611F194F40D410009A43386A02E41000A7CAF9FF40D4100AD6914789F2E41003C87D5DDF50D41809F69F85CA02E4100C2179126FE0D41004375E2A8A02E4100163DCDC7000E41003854FBF2A02E410086BFAE44030E4180F5909846A12E4100AECAB807060E41807DFBE268A12E41002E283F47070E4180F4BCC38BA12E410086ABA89F080E410036AA7B92A12E4100D4FA00E2080E41808AAEB3BFA12E4100061396D60A0E4180A4C5C1DBA12E410094B0BF2A0C0E418016FA08E2A12E4100749F6C280C0E4100C61D17F3A12E410068A76FB70C0E41801CF3E20AA22E410050CED9800D0E41805F4D462BA22E4100683A36A00E0E410097F20242A22E4100C8F2A9610F0E4100409A9262A22E410030BD3162100E4100D72B0D82A22E41001A531D50110E41006A694F9FA22E410088302425120E4100EC8D3BFBA22E4100C6390296140E4180A2DFD859A32E4100AAF20094170E41009F31AD5BA32E4100427BB8A2170E418038B723B2A32E410040FBFFB61A0E41001B04A962A52E4100A2D8CF802A0E4180D3AFC75AA42E4100FEA6AEBA2B0E41009F6F5E92A42E41009E22F7722D0E4180FD9EE4CCA52E4100B204500A2C0E41');
INSERT INTO "tax_lot_polygon_scratch" ("boro","block","lot","bbl","community_district","regular_lot_indicator","number_lot_sides","condo_flag","reuc_flag","air_rights_flag","subterranean_flag","easement_flag","section_number","volume_number","page_number","lot_note","nycmap_bldg_flag","missing_rpad_flag","conversion_exception_flag","value_reflected_out_flag","created_by","created_date","last_modified_by","last_modified_date","av_change","bw_change","effective_tax_year","bill_bbl_flag",shape) VALUES ('2','2541','132','2025410132','0','I','0',NULL,NULL,NULL,NULL,NULL,'9','9','18',NULL,'1','0','0','0',NULL,'19991130','sj','20071130','0','0',NULL,'0','0106000020D708000001000000010300000001000000100000008038B723B2A32E410040FBFFB61A0E41808A03C9E1A22E41003AD8422E1C0E4180D719C001A32E41006CFD46391E0E410056FD2B31A32E4100B2D3D3E5200E4100277B6554A32E41009A9177AC220E4100CF270C80A32E4100C42F6493240E41006FB5689FA32E4100706C1EC5250E410033334DBEA32E4100BEB016DD260E4100899A02DFA32E4100660E9CF1270E410027FC6CFAA32E4100C0C16ACA280E410053804203A42E4100CEA54410290E4180C6557F12A42E4100D8BE0C84290E41004893A524A42E4100BCDCEC0D2A0E4180D3AFC75AA42E4100FEA6AEBA2B0E41001B04A962A52E4100A2D8CF802A0E418038B723B2A32E410040FBFFB61A0E41');
-- Bronx block 2541 tax_lot_face 
INSERT INTO "tax_lot_face_scratch" ("tax_lot_face_type","boro","block","lot","bbl","lot_face_length","source","block_face_flag","lot_face_length_error","created_by","created_date","last_modified_by","last_modified_date","av_change","bw_change","approx_length_flag",shape) VALUES ('0','2','2541','159','2025410159','113.47000000','0','1','0',NULL,NULL,NULL,NULL,'0','0','0','0105000020D7080000010000000102000000020000008050A547A9A22E4100F4A5B391180E41808A03C9E1A22E41003AD8422E1C0E41');
INSERT INTO "tax_lot_face_scratch" ("tax_lot_face_type","boro","block","lot","bbl","lot_face_length","source","block_face_flag","lot_face_length_error","created_by","created_date","last_modified_by","last_modified_date","av_change","bw_change","approx_length_flag",shape) VALUES ('0','2','2541','122','2025410122','300.61000000','0','1','0',NULL,NULL,NULL,NULL,'0','0','0','0105000020D70800000100000001020000000200000080640BE916A22E41008E5BC7360F0E418050A547A9A22E4100F4A5B391180E41');
INSERT INTO "tax_lot_face_scratch" ("tax_lot_face_type","boro","block","lot","bbl","lot_face_length","source","block_face_flag","lot_face_length_error","created_by","created_date","last_modified_by","last_modified_date","av_change","bw_change","approx_length_flag",shape) VALUES ('0','2','2541','3','2025410003','0.00000000','1','0','2',NULL,NULL,NULL,NULL,'0','0','0','0105000020D70800000100000001020000000200000080FB5BE3E9A22E41008E38B4C60B0E4180187AA5D2A22E4100DAE91ED70A0E41');
INSERT INTO "tax_lot_face_scratch" ("tax_lot_face_type","boro","block","lot","bbl","lot_face_length","source","block_face_flag","lot_face_length_error","created_by","created_date","last_modified_by","last_modified_date","av_change","bw_change","approx_length_flag",shape) VALUES ('0','2','2541','8900','2025418900','178.11000000','0','0','0',NULL,NULL,NULL,NULL,'0','0','0','0105000020D7080000010000000102000000060000008052BAD5E9A22E4100109FE18B110E4100422424C0A22E4100969E1D4E100E41802D01D9A1A22E410036CD36550F0E41809D25A982A22E410028BAF0410E0E4180E0B2EB6CA22E41006C688C740D0E41806084D152A22E410010355A6C0C0E41');
INSERT INTO "tax_lot_face_scratch" ("tax_lot_face_type","boro","block","lot","bbl","lot_face_length","source","block_face_flag","lot_face_length_error","created_by","created_date","last_modified_by","last_modified_date","av_change","bw_change","approx_length_flag",shape) VALUES ('0','2','2541','8900','2025418900','0.00000000','1','1','2',NULL,NULL,NULL,NULL,'0','0','0','0105000020D708000001000000010200000003000000005AF3528FA02E4100D611F194F40D410009A43386A02E41000A7CAF9FF40D4100AD6914789F2E41003C87D5DDF50D41');
INSERT INTO "tax_lot_face_scratch" ("tax_lot_face_type","boro","block","lot","bbl","lot_face_length","source","block_face_flag","lot_face_length_error","created_by","created_date","last_modified_by","last_modified_date","av_change","bw_change","approx_length_flag",shape) VALUES ('0','2','2541','4','2025410004','142.00000000','0','1','0',NULL,NULL,NULL,NULL,'0','0','0','0105000020D708000001000000010200000002000000002AD4B439A32E41005EE76748040E4100C6239923A22E410060402998050E41');
INSERT INTO "tax_lot_face_scratch" ("tax_lot_face_type","boro","block","lot","bbl","lot_face_length","source","block_face_flag","lot_face_length_error","created_by","created_date","last_modified_by","last_modified_date","av_change","bw_change","approx_length_flag",shape) VALUES ('0','2','2541','123','2025410123','126.99000000','0','0','0',NULL,NULL,NULL,NULL,'0','0','0','0105000020D70800000100000001020000000200000000018F50F9A12E41006477EDF0070E4100C2B5BB45A22E41003C1796DD0B0E41');
INSERT INTO "tax_lot_face_scratch" ("tax_lot_face_type","boro","block","lot","bbl","lot_face_length","source","block_face_flag","lot_face_length_error","created_by","created_date","last_modified_by","last_modified_date","av_change","bw_change","approx_length_flag",shape) VALUES ('0','2','2541','122','2025410122','19.91000000','0','0','0',NULL,NULL,NULL,NULL,'0','0','0','0105000020D70800000100000001020000000200000000C61D17F3A12E410068A76FB70C0E418016FA08E2A12E4100749F6C280C0E41');
INSERT INTO "tax_lot_face_scratch" ("tax_lot_face_type","boro","block","lot","bbl","lot_face_length","source","block_face_flag","lot_face_length_error","created_by","created_date","last_modified_by","last_modified_date","av_change","bw_change","approx_length_flag",shape) VALUES ('0','2','2541','132','2025410132','105.00000000','0','1','0',NULL,NULL,NULL,NULL,'0','0','0','0105000020D7080000010000000102000000050000000027FC6CFAA32E4100C0C16ACA280E410053804203A42E4100CEA54410290E4180C6557F12A42E4100D8BE0C84290E41004893A524A42E4100BCDCEC0D2A0E4180D3AFC75AA42E4100FEA6AEBA2B0E41');
INSERT INTO "tax_lot_face_scratch" ("tax_lot_face_type","boro","block","lot","bbl","lot_face_length","source","block_face_flag","lot_face_length_error","created_by","created_date","last_modified_by","last_modified_date","av_change","bw_change","approx_length_flag",shape) VALUES ('0','2','2541','8900','2025418900','2.00000000','0','0','0',NULL,NULL,NULL,NULL,'0','0','0','0105000020D70800000100000001020000000200000080CABDDA9FA32E4100BC046A2F170E41809254C09BA32E410092714F35170E41');
INSERT INTO "tax_lot_face_scratch" ("tax_lot_face_type","boro","block","lot","bbl","lot_face_length","source","block_face_flag","lot_face_length_error","created_by","created_date","last_modified_by","last_modified_date","av_change","bw_change","approx_length_flag",shape) VALUES ('0','2','2541','180','2025410180','0.00000000','1','0','2',NULL,NULL,NULL,NULL,'0','0','0','0105000020D70800000100000001020000000200000080FB5BE3E9A22E41008E38B4C60B0E41802F63EB7FA22E4100E226F3ED0B0E41');
INSERT INTO "tax_lot_face_scratch" ("tax_lot_face_type","boro","block","lot","bbl","lot_face_length","source","block_face_flag","lot_face_length_error","created_by","created_date","last_modified_by","last_modified_date","av_change","bw_change","approx_length_flag",shape) VALUES ('0','2','2541','22','2025410022','271.35000000','0','0','0',NULL,NULL,NULL,NULL,'0','0','0','0105000020D70800000100000001020000000E00000000ACC1DC8CA22E41007C36DEFB060E41008FFB3795A22E4100EC891AAA070E41008061DA9DA22E4100C4A63A42080E418083F560A8A22E4100EED22BE3080E4100E4BEB6B4A22E41006A9F6C88090E4100BFF196C1A22E41009838D0210A0E4180187AA5D2A22E4100DAE91ED70A0E4180FB5BE3E9A22E41008E38B4C60B0E4180598C9BF8A22E41004840D5460C0E41003F98F508A32E41002A703BD20C0E41805A895A18A32E4100A6D9C5520D0E4100A53AFE29A32E410006EE02E30D0E4100F93DCB39A32E4100D87394610E0E4100FB32324EA32E41001A3384010F0E41');
INSERT INTO "tax_lot_face_scratch" ("tax_lot_face_type","boro","block","lot","bbl","lot_face_length","source","block_face_flag","lot_face_length_error","created_by","created_date","last_modified_by","last_modified_date","av_change","bw_change","approx_length_flag",shape) VALUES ('0','2','2541','132','2025410132','128.93000000','0','0','0',NULL,NULL,NULL,NULL,'0','0','0','0105000020D70800000100000001020000000200000080D3AFC75AA42E4100FEA6AEBA2B0E41001B04A962A52E4100A2D8CF802A0E41');
INSERT INTO "tax_lot_face_scratch" ("tax_lot_face_type","boro","block","lot","bbl","lot_face_length","source","block_face_flag","lot_face_length_error","created_by","created_date","last_modified_by","last_modified_date","av_change","bw_change","approx_length_flag",shape) VALUES ('0','2','2541','132','2025410132','360.85000000','0','1','0',NULL,NULL,NULL,NULL,'0','0','0','0105000020D70800000100000001020000000800000080D719C001A32E41006CFD46391E0E410056FD2B31A32E4100B2D3D3E5200E4100277B6554A32E41009A9177AC220E4100CF270C80A32E4100C42F6493240E41006FB5689FA32E4100706C1EC5250E410033334DBEA32E4100BEB016DD260E4100899A02DFA32E4100660E9CF1270E410027FC6CFAA32E4100C0C16ACA280E41');
INSERT INTO "tax_lot_face_scratch" ("tax_lot_face_type","boro","block","lot","bbl","lot_face_length","source","block_face_flag","lot_face_length_error","created_by","created_date","last_modified_by","last_modified_date","av_change","bw_change","approx_length_flag",shape) VALUES ('0','2','2541','8900','2025418900','30.01000000','0','1','0',NULL,NULL,NULL,NULL,'0','0','0','0105000020D70800000100000001020000000300000000C6239923A22E410060402998050E41002E64561DA22E4100FE445F9F050E418094DF4AE4A12E4100D0A3DCDB050E41');
INSERT INTO "tax_lot_face_scratch" ("tax_lot_face_type","boro","block","lot","bbl","lot_face_length","source","block_face_flag","lot_face_length_error","created_by","created_date","last_modified_by","last_modified_date","av_change","bw_change","approx_length_flag",shape) VALUES ('0','2','2541','180','2025410180','675.98000000','0','1','0',NULL,NULL,NULL,NULL,'0','0','0','0105000020D70800000100000001020000000200000000758F31CDA62E4100E29C48CE2C0E4180A567CDD5A42E41008C25E100190E41');
INSERT INTO "tax_lot_face_scratch" ("tax_lot_face_type","boro","block","lot","bbl","lot_face_length","source","block_face_flag","lot_face_length_error","created_by","created_date","last_modified_by","last_modified_date","av_change","bw_change","approx_length_flag",shape) VALUES ('0','2','2541','180','2025410180','0.00000000','1','0','2',NULL,NULL,NULL,NULL,'0','0','0','0105000020D708000001000000010200000006000000802F63EB7FA22E4100E226F3ED0B0E41007F111590A22E41000465A3910C0E41803847FE9EA22E4100CA1C54200D0E41803C2D20B2A22E4100605755CD0D0E41802DB113CCA22E41002A5086A80E0E4100D81514F4A22E4100E028ADDD0F0E41');
INSERT INTO "tax_lot_face_scratch" ("tax_lot_face_type","boro","block","lot","bbl","lot_face_length","source","block_face_flag","lot_face_length_error","created_by","created_date","last_modified_by","last_modified_date","av_change","bw_change","approx_length_flag",shape) VALUES ('0','2','2541','4','2025410004','80.30000000','0','1','0',NULL,NULL,NULL,NULL,'0','0','0','0105000020D70800000100000001020000000200000000351FF169A32E41001443A5AF060E41002AD4B439A32E41005EE76748040E41');
INSERT INTO "tax_lot_face_scratch" ("tax_lot_face_type","boro","block","lot","bbl","lot_face_length","source","block_face_flag","lot_face_length_error","created_by","created_date","last_modified_by","last_modified_date","av_change","bw_change","approx_length_flag",shape) VALUES ('0','2','2541','8900','2025418900','113.62000000','0','0','0',NULL,NULL,NULL,NULL,'0','0','0','0105000020D708000001000000010200000002000000809254C09BA32E410092714F35170E4100DC906040A32E4100B44C9EF0130E41');
INSERT INTO "tax_lot_face_scratch" ("tax_lot_face_type","boro","block","lot","bbl","lot_face_length","source","block_face_flag","lot_face_length_error","created_by","created_date","last_modified_by","last_modified_date","av_change","bw_change","approx_length_flag",shape) VALUES ('0','2','2541','8900','2025418900','0.00000000','1','0','2',NULL,NULL,NULL,NULL,'0','0','0','0105000020D708000001000000010200000002000000805F31CB2CA22E4100927E2E18070E4100EDE2DE32A22E41002C512914070E41');
INSERT INTO "tax_lot_face_scratch" ("tax_lot_face_type","boro","block","lot","bbl","lot_face_length","source","block_face_flag","lot_face_length_error","created_by","created_date","last_modified_by","last_modified_date","av_change","bw_change","approx_length_flag",shape) VALUES ('0','2','2541','123','2025410123','19.91000000','0','0','0',NULL,NULL,NULL,NULL,'0','0','0','0105000020D70800000100000001020000000200000000C2B5BB45A22E41003C1796DD0B0E41806084D152A22E410010355A6C0C0E41');
INSERT INTO "tax_lot_face_scratch" ("tax_lot_face_type","boro","block","lot","bbl","lot_face_length","source","block_face_flag","lot_face_length_error","created_by","created_date","last_modified_by","last_modified_date","av_change","bw_change","approx_length_flag",shape) VALUES ('0','2','2541','8900','2025418900','19.91000000','0','0','0',NULL,NULL,NULL,NULL,'0','0','0','0105000020D708000001000000010200000002000000806084D152A22E410010355A6C0C0E4100C2B5BB45A22E41003C1796DD0B0E41');
INSERT INTO "tax_lot_face_scratch" ("tax_lot_face_type","boro","block","lot","bbl","lot_face_length","source","block_face_flag","lot_face_length_error","created_by","created_date","last_modified_by","last_modified_date","av_change","bw_change","approx_length_flag",shape) VALUES ('0','2','2541','8900','2025418900','128.81000000','0','0','0',NULL,NULL,NULL,NULL,'0','0','0','0105000020D70800000100000001020000000300000080FD9EE4CCA52E4100B204500A2C0E4180A8372F04A62E4100948041102E0E4180B51E4A2AA62E4100C459F3812F0E41');
INSERT INTO "tax_lot_face_scratch" ("tax_lot_face_type","boro","block","lot","bbl","lot_face_length","source","block_face_flag","lot_face_length_error","created_by","created_date","last_modified_by","last_modified_date","av_change","bw_change","approx_length_flag",shape) VALUES ('0','2','2541','22','2025410022','0.53000000','0','0','0',NULL,NULL,NULL,NULL,'0','0','0','0105000020D70800000100000001020000000200000000E1AFAA8CA22E410064285AF7060E4100ACC1DC8CA22E41007C36DEFB060E41');
INSERT INTO "tax_lot_face_scratch" ("tax_lot_face_type","boro","block","lot","bbl","lot_face_length","source","block_face_flag","lot_face_length_error","created_by","created_date","last_modified_by","last_modified_date","av_change","bw_change","approx_length_flag",shape) VALUES ('0','2','2541','8900','2025418900','123.37000000','0','1','0',NULL,NULL,NULL,NULL,'0','0','0','0105000020D70800000100000001020000000400000080F4BCC38BA12E410086ABA89F080E410036AA7B92A12E4100D4FA00E2080E41808AAEB3BFA12E4100061396D60A0E4180A4C5C1DBA12E410094B0BF2A0C0E41');
INSERT INTO "tax_lot_face_scratch" ("tax_lot_face_type","boro","block","lot","bbl","lot_face_length","source","block_face_flag","lot_face_length_error","created_by","created_date","last_modified_by","last_modified_date","av_change","bw_change","approx_length_flag",shape) VALUES ('0','2','2541','132','2025410132','104.26000000','0','0','0',NULL,NULL,NULL,NULL,'0','0','0','0105000020D7080000010000000102000000020000008038B723B2A32E410040FBFFB61A0E41808A03C9E1A22E41003AD8422E1C0E41');
INSERT INTO "tax_lot_face_scratch" ("tax_lot_face_type","boro","block","lot","bbl","lot_face_length","source","block_face_flag","lot_face_length_error","created_by","created_date","last_modified_by","last_modified_date","av_change","bw_change","approx_length_flag",shape) VALUES ('0','2','2541','180','2025410180','115.85000000','0','0','0',NULL,NULL,NULL,NULL,'0','0','0','0105000020D70800000100000001020000000200000000D81514F4A22E4100E028ADDD0F0E4180754CF760A32E41000ACF2A11130E41');
INSERT INTO "tax_lot_face_scratch" ("tax_lot_face_type","boro","block","lot","bbl","lot_face_length","source","block_face_flag","lot_face_length_error","created_by","created_date","last_modified_by","last_modified_date","av_change","bw_change","approx_length_flag",shape) VALUES ('0','2','2541','22','2025410022','25.71000000','0','0','0',NULL,NULL,NULL,NULL,'0','0','0','0105000020D70800000100000001020000000200000080EFB3E437A42E4100E4BDF454160E418007511165A42E4100A6010D14160E41');
INSERT INTO "tax_lot_face_scratch" ("tax_lot_face_type","boro","block","lot","bbl","lot_face_length","source","block_face_flag","lot_face_length_error","created_by","created_date","last_modified_by","last_modified_date","av_change","bw_change","approx_length_flag",shape) VALUES ('0','2','2541','180','2025410180','136.40000000','0','0','0',NULL,NULL,NULL,NULL,'0','0','0','0105000020D70800000100000001020000000200000080754CF760A32E41000ACF2A11130E418046B1F6D5A32E410056FFAAE1160E41');
INSERT INTO "tax_lot_face_scratch" ("tax_lot_face_type","boro","block","lot","bbl","lot_face_length","source","block_face_flag","lot_face_length_error","created_by","created_date","last_modified_by","last_modified_date","av_change","bw_change","approx_length_flag",shape) VALUES ('0','2','2541','8900','2025418900','644.19000000','0','1','0',NULL,NULL,NULL,NULL,'0','0','0','0105000020D70800000100000001020000000700000000AD6914789F2E41003C87D5DDF50D41809F69F85CA02E4100C2179126FE0D41004375E2A8A02E4100163DCDC7000E41003854FBF2A02E410086BFAE44030E4180F5909846A12E4100AECAB807060E41807DFBE268A12E41002E283F47070E4180F4BCC38BA12E410086ABA89F080E41');
INSERT INTO "tax_lot_face_scratch" ("tax_lot_face_type","boro","block","lot","bbl","lot_face_length","source","block_face_flag","lot_face_length_error","created_by","created_date","last_modified_by","last_modified_date","av_change","bw_change","approx_length_flag",shape) VALUES ('0','2','2541','132','2025410132','71.29000000','0','1','0',NULL,NULL,NULL,NULL,'0','0','0','0105000020D708000001000000010200000002000000808A03C9E1A22E41003AD8422E1C0E4180D719C001A32E41006CFD46391E0E41');
INSERT INTO "tax_lot_face_scratch" ("tax_lot_face_type","boro","block","lot","bbl","lot_face_length","source","block_face_flag","lot_face_length_error","created_by","created_date","last_modified_by","last_modified_date","av_change","bw_change","approx_length_flag",shape) VALUES ('0','2','2541','159','2025410159','104.26000000','0','0','0',NULL,NULL,NULL,NULL,'0','0','0','0105000020D708000001000000010200000002000000808A03C9E1A22E41003AD8422E1C0E418038B723B2A32E410040FBFFB61A0E41');
INSERT INTO "tax_lot_face_scratch" ("tax_lot_face_type","boro","block","lot","bbl","lot_face_length","source","block_face_flag","lot_face_length_error","created_by","created_date","last_modified_by","last_modified_date","av_change","bw_change","approx_length_flag",shape) VALUES ('0','2','2541','4','2025410004','0.00000000','1','0','2',NULL,NULL,NULL,NULL,'0','0','0','0105000020D7080000010000000102000000020000008068FCA36DA22E41005AB92EFA0A0E4180187AA5D2A22E4100DAE91ED70A0E41');
INSERT INTO "tax_lot_face_scratch" ("tax_lot_face_type","boro","block","lot","bbl","lot_face_length","source","block_face_flag","lot_face_length_error","created_by","created_date","last_modified_by","last_modified_date","av_change","bw_change","approx_length_flag",shape) VALUES ('0','2','2541','132','2025410132','548.38000000','0','0','0',NULL,NULL,NULL,NULL,'0','0','0','0105000020D708000001000000010200000002000000001B04A962A52E4100A2D8CF802A0E418038B723B2A32E410040FBFFB61A0E41');
INSERT INTO "tax_lot_face_scratch" ("tax_lot_face_type","boro","block","lot","bbl","lot_face_length","source","block_face_flag","lot_face_length_error","created_by","created_date","last_modified_by","last_modified_date","av_change","bw_change","approx_length_flag",shape) VALUES ('0','2','2541','8900','2025418900','0.00000000','1','1','2',NULL,NULL,NULL,NULL,'0','0','0','0105000020D70800000100000001020000000200000000BEBF06F2A62E4100E05E42432E0E4100758F31CDA62E4100E29C48CE2C0E41');
INSERT INTO "tax_lot_face_scratch" ("tax_lot_face_type","boro","block","lot","bbl","lot_face_length","source","block_face_flag","lot_face_length_error","created_by","created_date","last_modified_by","last_modified_date","av_change","bw_change","approx_length_flag",shape) VALUES ('0','2','2541','123','2025410123','281.00000000','0','0','0',NULL,NULL,NULL,NULL,'0','0','0','0105000020D70800000100000001020000000800000000D81514F4A22E4100E028ADDD0F0E41802DB113CCA22E41002A5086A80E0E41803C2D20B2A22E4100605755CD0D0E41803847FE9EA22E4100CA1C54200D0E41007F111590A22E41000465A3910C0E41802F63EB7FA22E4100E226F3ED0B0E418068FCA36DA22E41005AB92EFA0A0E4100E1C26232A22E4100E24DEA69070E41');
INSERT INTO "tax_lot_face_scratch" ("tax_lot_face_type","boro","block","lot","bbl","lot_face_length","source","block_face_flag","lot_face_length_error","created_by","created_date","last_modified_by","last_modified_date","av_change","bw_change","approx_length_flag",shape) VALUES ('0','2','2541','180','2025410180','143.76000000','0','0','0',NULL,NULL,NULL,NULL,'0','0','0','0105000020D70800000100000001020000000200000080EFB3E437A42E4100E4BDF454160E4100B58842B9A32E410058C62C39120E41');
INSERT INTO "tax_lot_face_scratch" ("tax_lot_face_type","boro","block","lot","bbl","lot_face_length","source","block_face_flag","lot_face_length_error","created_by","created_date","last_modified_by","last_modified_date","av_change","bw_change","approx_length_flag",shape) VALUES ('0','2','2541','180','2025410180','108.44000000','0','1','0',NULL,NULL,NULL,NULL,'0','0','0','0105000020D70800000100000001020000000200000080A8372F04A62E4100948041102E0E4100758F31CDA62E4100E29C48CE2C0E41');
INSERT INTO "tax_lot_face_scratch" ("tax_lot_face_type","boro","block","lot","bbl","lot_face_length","source","block_face_flag","lot_face_length_error","created_by","created_date","last_modified_by","last_modified_date","av_change","bw_change","approx_length_flag",shape) VALUES ('0','2','2541','8900','2025418900','19.91000000','0','0','0',NULL,NULL,NULL,NULL,'0','0','0','0105000020D7080000010000000102000000020000008016FA08E2A12E4100749F6C280C0E4100C61D17F3A12E410068A76FB70C0E41');
INSERT INTO "tax_lot_face_scratch" ("tax_lot_face_type","boro","block","lot","bbl","lot_face_length","source","block_face_flag","lot_face_length_error","created_by","created_date","last_modified_by","last_modified_date","av_change","bw_change","approx_length_flag",shape) VALUES ('0','2','2541','159','2025410159','105.13000000','0','0','0',NULL,NULL,NULL,NULL,'0','0','0','0105000020D7080000010000000102000000020000008038B723B2A32E410040FBFFB61A0E41009F31AD5BA32E4100427BB8A2170E41');
INSERT INTO "tax_lot_face_scratch" ("tax_lot_face_type","boro","block","lot","bbl","lot_face_length","source","block_face_flag","lot_face_length_error","created_by","created_date","last_modified_by","last_modified_date","av_change","bw_change","approx_length_flag",shape) VALUES ('0','2','2541','122','2025410122','186.73000000','0','0','0',NULL,NULL,NULL,NULL,'0','0','0','0105000020D708000001000000010200000007000000006A694F9FA22E410088302425120E4100D72B0D82A22E41001A531D50110E4100409A9262A22E410030BD3162100E410097F20242A22E4100C8F2A9610F0E41805F4D462BA22E4100683A36A00E0E41801CF3E20AA22E410050CED9800D0E4100C61D17F3A12E410068A76FB70C0E41');
INSERT INTO "tax_lot_face_scratch" ("tax_lot_face_type","boro","block","lot","bbl","lot_face_length","source","block_face_flag","lot_face_length_error","created_by","created_date","last_modified_by","last_modified_date","av_change","bw_change","approx_length_flag",shape) VALUES ('0','2','2541','123','2025410123','32.97000000','0','0','0',NULL,NULL,NULL,NULL,'0','0','0','0105000020D708000001000000010200000002000000805F31CB2CA22E4100927E2E18070E4180ABEC63EBA12E4100A24EAC31070E41');
INSERT INTO "tax_lot_face_scratch" ("tax_lot_face_type","boro","block","lot","bbl","lot_face_length","source","block_face_flag","lot_face_length_error","created_by","created_date","last_modified_by","last_modified_date","av_change","bw_change","approx_length_flag",shape) VALUES ('0','2','2541','159','2025410159','86.22000000','0','0','0',NULL,NULL,NULL,NULL,'0','0','0','0105000020D70800000100000001020000000200000080A2DFD859A32E4100AAF20094170E418050A547A9A22E4100F4A5B391180E41');
INSERT INTO "tax_lot_face_scratch" ("tax_lot_face_type","boro","block","lot","bbl","lot_face_length","source","block_face_flag","lot_face_length_error","created_by","created_date","last_modified_by","last_modified_date","av_change","bw_change","approx_length_flag",shape) VALUES ('0','2','2541','8900','2025418900','186.73000000','0','0','0',NULL,NULL,NULL,NULL,'0','0','0','0105000020D70800000100000001020000000700000000C61D17F3A12E410068A76FB70C0E41801CF3E20AA22E410050CED9800D0E41805F4D462BA22E4100683A36A00E0E410097F20242A22E4100C8F2A9610F0E4100409A9262A22E410030BD3162100E4100D72B0D82A22E41001A531D50110E41006A694F9FA22E410088302425120E41');
INSERT INTO "tax_lot_face_scratch" ("tax_lot_face_type","boro","block","lot","bbl","lot_face_length","source","block_face_flag","lot_face_length_error","created_by","created_date","last_modified_by","last_modified_date","av_change","bw_change","approx_length_flag",shape) VALUES ('0','2','2541','123','2025410123','22.76000000','0','0','0',NULL,NULL,NULL,NULL,'0','0','0','0105000020D70800000100000001020000000200000080ABEC63EBA12E4100A24EAC31070E4100018F50F9A12E41006477EDF0070E41');
INSERT INTO "tax_lot_face_scratch" ("tax_lot_face_type","boro","block","lot","bbl","lot_face_length","source","block_face_flag","lot_face_length_error","created_by","created_date","last_modified_by","last_modified_date","av_change","bw_change","approx_length_flag",shape) VALUES ('0','2','2541','8900','2025418900','3.00000000','0','0','0',NULL,NULL,NULL,NULL,'0','0','0','0105000020D70800000100000001020000000200000080A4C5C1DBA12E410094B0BF2A0C0E418016FA08E2A12E4100749F6C280C0E41');
INSERT INTO "tax_lot_face_scratch" ("tax_lot_face_type","boro","block","lot","bbl","lot_face_length","source","block_face_flag","lot_face_length_error","created_by","created_date","last_modified_by","last_modified_date","av_change","bw_change","approx_length_flag",shape) VALUES ('0','2','2541','8900','2025418900','165.75000000','0','0','0',NULL,NULL,NULL,NULL,'0','0','0','0105000020D70800000100000001020000000200000080FD9EE4CCA52E4100B204500A2C0E41009F6F5E92A42E41009E22F7722D0E41');
INSERT INTO "tax_lot_face_scratch" ("tax_lot_face_type","boro","block","lot","bbl","lot_face_length","source","block_face_flag","lot_face_length_error","created_by","created_date","last_modified_by","last_modified_date","av_change","bw_change","approx_length_flag",shape) VALUES ('0','2','2541','4','2025410004','0.00000000','1','0','2',NULL,NULL,NULL,NULL,'0','0','0','0105000020D708000001000000010200000003000000805F31CB2CA22E4100927E2E18070E4100E1C26232A22E4100E24DEA69070E418068FCA36DA22E41005AB92EFA0A0E41');
INSERT INTO "tax_lot_face_scratch" ("tax_lot_face_type","boro","block","lot","bbl","lot_face_length","source","block_face_flag","lot_face_length_error","created_by","created_date","last_modified_by","last_modified_date","av_change","bw_change","approx_length_flag",shape) VALUES ('0','2','2541','8900','2025418900','60.78000000','0','1','0',NULL,NULL,NULL,NULL,'0','0','0','0105000020D70800000100000001020000000200000080D3AFC75AA42E4100FEA6AEBA2B0E41009F6F5E92A42E41009E22F7722D0E41');
INSERT INTO "tax_lot_face_scratch" ("tax_lot_face_type","boro","block","lot","bbl","lot_face_length","source","block_face_flag","lot_face_length_error","created_by","created_date","last_modified_by","last_modified_date","av_change","bw_change","approx_length_flag",shape) VALUES ('0','2','2541','22','2025410022','25.01000000','0','0','0',NULL,NULL,NULL,NULL,'0','0','0','0105000020D7080000010000000102000000020000008007511165A42E4100A6010D14160E41805EB1D98FA42E41008A8094D6150E41');
INSERT INTO "tax_lot_face_scratch" ("tax_lot_face_type","boro","block","lot","bbl","lot_face_length","source","block_face_flag","lot_face_length_error","created_by","created_date","last_modified_by","last_modified_date","av_change","bw_change","approx_length_flag",shape) VALUES ('0','2','2541','8900','2025418900','653.51000000','0','0','0',NULL,NULL,NULL,NULL,'0','0','0','0105000020D708000001000000010200000003000000009F31AD5BA32E4100427BB8A2170E418038B723B2A32E410040FBFFB61A0E41001B04A962A52E4100A2D8CF802A0E41');
INSERT INTO "tax_lot_face_scratch" ("tax_lot_face_type","boro","block","lot","bbl","lot_face_length","source","block_face_flag","lot_face_length_error","created_by","created_date","last_modified_by","last_modified_date","av_change","bw_change","approx_length_flag",shape) VALUES ('0','2','2541','22','2025410022','78.50000000','0','1','0',NULL,NULL,NULL,NULL,'0','0','0','0105000020D70800000100000001020000000200000000633C9D81A42E410094BF9334140E4180825F3D44A42E410020CB28F4110E41');
INSERT INTO "tax_lot_face_scratch" ("tax_lot_face_type","boro","block","lot","bbl","lot_face_length","source","block_face_flag","lot_face_length_error","created_by","created_date","last_modified_by","last_modified_date","av_change","bw_change","approx_length_flag",shape) VALUES ('0','2','2541','4','2025410004','101.13000000','0','0','0',NULL,NULL,NULL,NULL,'0','0','0','0105000020D70800000100000001020000000200000000E1AFAA8CA22E410064285AF7060E4100351FF169A32E41001443A5AF060E41');
INSERT INTO "tax_lot_face_scratch" ("tax_lot_face_type","boro","block","lot","bbl","lot_face_length","source","block_face_flag","lot_face_length_error","created_by","created_date","last_modified_by","last_modified_date","av_change","bw_change","approx_length_flag",shape) VALUES ('0','2','2541','22','2025410022','19.10000000','0','1','0',NULL,NULL,NULL,NULL,'0','0','0','0105000020D708000001000000010200000002000000805EB1D98FA42E41008A8094D6150E41805F205BB4A42E4100167020A2150E41');
INSERT INTO "tax_lot_face_scratch" ("tax_lot_face_type","boro","block","lot","bbl","lot_face_length","source","block_face_flag","lot_face_length_error","created_by","created_date","last_modified_by","last_modified_date","av_change","bw_change","approx_length_flag",shape) VALUES ('0','2','2541','122','2025410122','106.22000000','0','0','0',NULL,NULL,NULL,NULL,'0','0','0','0105000020D70800000100000001020000000200000080A2DFD859A32E4100AAF20094170E4100EC8D3BFBA22E4100C6390296140E41');
INSERT INTO "tax_lot_face_scratch" ("tax_lot_face_type","boro","block","lot","bbl","lot_face_length","source","block_face_flag","lot_face_length_error","created_by","created_date","last_modified_by","last_modified_date","av_change","bw_change","approx_length_flag",shape) VALUES ('0','2','2541','122','2025410122','86.22000000','0','0','0',NULL,NULL,NULL,NULL,'0','0','0','0105000020D7080000010000000102000000020000008050A547A9A22E4100F4A5B391180E4180A2DFD859A32E4100AAF20094170E41');
INSERT INTO "tax_lot_face_scratch" ("tax_lot_face_type","boro","block","lot","bbl","lot_face_length","source","block_face_flag","lot_face_length_error","created_by","created_date","last_modified_by","last_modified_date","av_change","bw_change","approx_length_flag",shape) VALUES ('0','2','2541','180','2025410180','0.00000000','1','0','2',NULL,NULL,NULL,NULL,'0','0','0','0105000020D70800000100000001020000000700000000FB32324EA32E41001A3384010F0E4100F93DCB39A32E4100D87394610E0E4100A53AFE29A32E410006EE02E30D0E41805A895A18A32E4100A6D9C5520D0E41003F98F508A32E41002A703BD20C0E4180598C9BF8A22E41004840D5460C0E4180FB5BE3E9A22E41008E38B4C60B0E41');
INSERT INTO "tax_lot_face_scratch" ("tax_lot_face_type","boro","block","lot","bbl","lot_face_length","source","block_face_flag","lot_face_length_error","created_by","created_date","last_modified_by","last_modified_date","av_change","bw_change","approx_length_flag",shape) VALUES ('0','2','2541','8900','2025418900','126.99000000','0','0','0',NULL,NULL,NULL,NULL,'0','0','0','0105000020D70800000100000001020000000200000000C2B5BB45A22E41003C1796DD0B0E4100018F50F9A12E41006477EDF0070E41');
INSERT INTO "tax_lot_face_scratch" ("tax_lot_face_type","boro","block","lot","bbl","lot_face_length","source","block_face_flag","lot_face_length_error","created_by","created_date","last_modified_by","last_modified_date","av_change","bw_change","approx_length_flag",shape) VALUES ('0','2','2541','4','2025410004','49.54000000','0','0','0',NULL,NULL,NULL,NULL,'0','0','0','0105000020D70800000100000001020000000200000000C6239923A22E410060402998050E4100EDE2DE32A22E41002C512914070E41');
INSERT INTO "tax_lot_face_scratch" ("tax_lot_face_type","boro","block","lot","bbl","lot_face_length","source","block_face_flag","lot_face_length_error","created_by","created_date","last_modified_by","last_modified_date","av_change","bw_change","approx_length_flag",shape) VALUES ('0','2','2541','8900','2025418900','108.32000000','0','0','0',NULL,NULL,NULL,NULL,'0','0','0','0105000020D70800000100000001020000000300000000EC8D3BFBA22E4100C6390296140E4180A2DFD859A32E4100AAF20094170E41009F31AD5BA32E4100427BB8A2170E41');
INSERT INTO "tax_lot_face_scratch" ("tax_lot_face_type","boro","block","lot","bbl","lot_face_length","source","block_face_flag","lot_face_length_error","created_by","created_date","last_modified_by","last_modified_date","av_change","bw_change","approx_length_flag",shape) VALUES ('0','2','2541','22','2025410022','101.13000000','0','0','0',NULL,NULL,NULL,NULL,'0','0','0','0105000020D70800000100000001020000000200000000351FF169A32E41001443A5AF060E4100E1AFAA8CA22E410064285AF7060E41');
INSERT INTO "tax_lot_face_scratch" ("tax_lot_face_type","boro","block","lot","bbl","lot_face_length","source","block_face_flag","lot_face_length_error","created_by","created_date","last_modified_by","last_modified_date","av_change","bw_change","approx_length_flag",shape) VALUES ('0','2','2541','122','2025410122','3.00000000','0','0','0',NULL,NULL,NULL,NULL,'0','0','0','0105000020D7080000010000000102000000020000008016FA08E2A12E4100749F6C280C0E4180A4C5C1DBA12E410094B0BF2A0C0E41');
INSERT INTO "tax_lot_face_scratch" ("tax_lot_face_type","boro","block","lot","bbl","lot_face_length","source","block_face_flag","lot_face_length_error","created_by","created_date","last_modified_by","last_modified_date","av_change","bw_change","approx_length_flag",shape) VALUES ('0','2','2541','8900','2025418900','89.58000000','0','0','0',NULL,NULL,NULL,NULL,'0','0','0','0105000020D708000001000000010200000002000000006A694F9FA22E410088302425120E4100EC8D3BFBA22E4100C6390296140E41');
INSERT INTO "tax_lot_face_scratch" ("tax_lot_face_type","boro","block","lot","bbl","lot_face_length","source","block_face_flag","lot_face_length_error","created_by","created_date","last_modified_by","last_modified_date","av_change","bw_change","approx_length_flag",shape) VALUES ('0','2','2541','180','2025410180','786.85000000','0','0','0',NULL,NULL,NULL,NULL,'0','0','0','0105000020D70800000100000001020000000300000080CABDDA9FA32E4100BC046A2F170E4180FD9EE4CCA52E4100B204500A2C0E4180A8372F04A62E4100948041102E0E41');
INSERT INTO "tax_lot_face_scratch" ("tax_lot_face_type","boro","block","lot","bbl","lot_face_length","source","block_face_flag","lot_face_length_error","created_by","created_date","last_modified_by","last_modified_date","av_change","bw_change","approx_length_flag",shape) VALUES ('0','2','2541','22','2025410022','115.85000000','0','0','0',NULL,NULL,NULL,NULL,'0','0','0','0105000020D70800000100000001020000000200000000FB32324EA32E41001A3384010F0E4100B58842B9A32E410058C62C39120E41');
INSERT INTO "tax_lot_face_scratch" ("tax_lot_face_type","boro","block","lot","bbl","lot_face_length","source","block_face_flag","lot_face_length_error","created_by","created_date","last_modified_by","last_modified_date","av_change","bw_change","approx_length_flag",shape) VALUES ('0','2','2541','4','2025410004','0.00000000','1','0','2',NULL,NULL,NULL,NULL,'0','0','0','0105000020D70800000100000001020000000200000000EDE2DE32A22E41002C512914070E41805F31CB2CA22E4100927E2E18070E41');
INSERT INTO "tax_lot_face_scratch" ("tax_lot_face_type","boro","block","lot","bbl","lot_face_length","source","block_face_flag","lot_face_length_error","created_by","created_date","last_modified_by","last_modified_date","av_change","bw_change","approx_length_flag",shape) VALUES ('0','2','2541','180','2025410180','25.01000000','0','0','0',NULL,NULL,NULL,NULL,'0','0','0','0105000020D708000001000000010200000002000000805EB1D98FA42E41008A8094D6150E418007511165A42E4100A6010D14160E41');
INSERT INTO "tax_lot_face_scratch" ("tax_lot_face_type","boro","block","lot","bbl","lot_face_length","source","block_face_flag","lot_face_length_error","created_by","created_date","last_modified_by","last_modified_date","av_change","bw_change","approx_length_flag",shape) VALUES ('0','2','2541','8900','2025418900','32.97000000','0','0','0',NULL,NULL,NULL,NULL,'0','0','0','0105000020D70800000100000001020000000200000080ABEC63EBA12E4100A24EAC31070E41805F31CB2CA22E4100927E2E18070E41');
INSERT INTO "tax_lot_face_scratch" ("tax_lot_face_type","boro","block","lot","bbl","lot_face_length","source","block_face_flag","lot_face_length_error","created_by","created_date","last_modified_by","last_modified_date","av_change","bw_change","approx_length_flag",shape) VALUES ('0','2','2541','180','2025410180','0.00000000','1','0','2',NULL,NULL,NULL,NULL,'0','0','0','0105000020D7080000010000000102000000020000008046B1F6D5A32E410056FFAAE1160E4180CABDDA9FA32E4100BC046A2F170E41');
INSERT INTO "tax_lot_face_scratch" ("tax_lot_face_type","boro","block","lot","bbl","lot_face_length","source","block_face_flag","lot_face_length_error","created_by","created_date","last_modified_by","last_modified_date","av_change","bw_change","approx_length_flag",shape) VALUES ('0','2','2541','123','2025410123','178.11000000','0','0','0',NULL,NULL,NULL,NULL,'0','0','0','0105000020D708000001000000010200000006000000806084D152A22E410010355A6C0C0E4180E0B2EB6CA22E41006C688C740D0E41809D25A982A22E410028BAF0410E0E41802D01D9A1A22E410036CD36550F0E4100422424C0A22E4100969E1D4E100E418052BAD5E9A22E4100109FE18B110E41');
INSERT INTO "tax_lot_face_scratch" ("tax_lot_face_type","boro","block","lot","bbl","lot_face_length","source","block_face_flag","lot_face_length_error","created_by","created_date","last_modified_by","last_modified_date","av_change","bw_change","approx_length_flag",shape) VALUES ('0','2','2541','3','2025410003','0.00000000','1','0','2',NULL,NULL,NULL,NULL,'0','0','0','0105000020D70800000100000001020000000200000080187AA5D2A22E4100DAE91ED70A0E418068FCA36DA22E41005AB92EFA0A0E41');
INSERT INTO "tax_lot_face_scratch" ("tax_lot_face_type","boro","block","lot","bbl","lot_face_length","source","block_face_flag","lot_face_length_error","created_by","created_date","last_modified_by","last_modified_date","av_change","bw_change","approx_length_flag",shape) VALUES ('0','2','2541','180','2025410180','25.71000000','0','0','0',NULL,NULL,NULL,NULL,'0','0','0','0105000020D7080000010000000102000000020000008007511165A42E4100A6010D14160E4180EFB3E437A42E4100E4BDF454160E41');
INSERT INTO "tax_lot_face_scratch" ("tax_lot_face_type","boro","block","lot","bbl","lot_face_length","source","block_face_flag","lot_face_length_error","created_by","created_date","last_modified_by","last_modified_date","av_change","bw_change","approx_length_flag",shape) VALUES ('0','2','2541','22','2025410022','143.76000000','0','0','0',NULL,NULL,NULL,NULL,'0','0','0','0105000020D70800000100000001020000000200000000B58842B9A32E410058C62C39120E4180EFB3E437A42E4100E4BDF454160E41');
INSERT INTO "tax_lot_face_scratch" ("tax_lot_face_type","boro","block","lot","bbl","lot_face_length","source","block_face_flag","lot_face_length_error","created_by","created_date","last_modified_by","last_modified_date","av_change","bw_change","approx_length_flag",shape) VALUES ('0','2','2541','8900','2025418900','107.44000000','0','1','0',NULL,NULL,NULL,NULL,'0','0','0','0105000020D70800000100000001020000000200000080B51E4A2AA62E4100C459F3812F0E4100BEBF06F2A62E4100E05E42432E0E41');
INSERT INTO "tax_lot_face_scratch" ("tax_lot_face_type","boro","block","lot","bbl","lot_face_length","source","block_face_flag","lot_face_length_error","created_by","created_date","last_modified_by","last_modified_date","av_change","bw_change","approx_length_flag",shape) VALUES ('0','2','2541','8900','2025418900','165.75000000','0','0','0',NULL,NULL,NULL,NULL,'0','0','0','0105000020D708000001000000010200000002000000009F6F5E92A42E41009E22F7722D0E4180FD9EE4CCA52E4100B204500A2C0E41');
INSERT INTO "tax_lot_face_scratch" ("tax_lot_face_type","boro","block","lot","bbl","lot_face_length","source","block_face_flag","lot_face_length_error","created_by","created_date","last_modified_by","last_modified_date","av_change","bw_change","approx_length_flag",shape) VALUES ('0','2','2541','3','2025410003','0.00000000','1','0','2',NULL,NULL,NULL,NULL,'0','0','0','0105000020D708000001000000010200000002000000802F63EB7FA22E4100E226F3ED0B0E4180FB5BE3E9A22E41008E38B4C60B0E41');
INSERT INTO "tax_lot_face_scratch" ("tax_lot_face_type","boro","block","lot","bbl","lot_face_length","source","block_face_flag","lot_face_length_error","created_by","created_date","last_modified_by","last_modified_date","av_change","bw_change","approx_length_flag",shape) VALUES ('0','2','2541','159','2025410159','2.10000000','0','0','0',NULL,NULL,NULL,NULL,'0','0','0','0105000020D708000001000000010200000002000000009F31AD5BA32E4100427BB8A2170E4180A2DFD859A32E4100AAF20094170E41');
INSERT INTO "tax_lot_face_scratch" ("tax_lot_face_type","boro","block","lot","bbl","lot_face_length","source","block_face_flag","lot_face_length_error","created_by","created_date","last_modified_by","last_modified_date","av_change","bw_change","approx_length_flag",shape) VALUES ('0','2','2541','8900','2025418900','89.59000000','0','0','0',NULL,NULL,NULL,NULL,'0','0','0','0105000020D70800000100000001020000000200000000DC906040A32E4100B44C9EF0130E418052BAD5E9A22E4100109FE18B110E41');
INSERT INTO "tax_lot_face_scratch" ("tax_lot_face_type","boro","block","lot","bbl","lot_face_length","source","block_face_flag","lot_face_length_error","created_by","created_date","last_modified_by","last_modified_date","av_change","bw_change","approx_length_flag",shape) VALUES ('0','2','2541','123','2025410123','136.40000000','0','0','0',NULL,NULL,NULL,NULL,'0','0','0','0105000020D7080000010000000102000000020000008046B1F6D5A32E410056FFAAE1160E4180754CF760A32E41000ACF2A11130E41');
INSERT INTO "tax_lot_face_scratch" ("tax_lot_face_type","boro","block","lot","bbl","lot_face_length","source","block_face_flag","lot_face_length_error","created_by","created_date","last_modified_by","last_modified_date","av_change","bw_change","approx_length_flag",shape) VALUES ('0','2','2541','22','2025410022','374.09000000','0','1','0',NULL,NULL,NULL,NULL,'0','0','0','0105000020D70800000100000001020000000200000080825F3D44A42E410020CB28F4110E4100351FF169A32E41001443A5AF060E41');
INSERT INTO "tax_lot_face_scratch" ("tax_lot_face_type","boro","block","lot","bbl","lot_face_length","source","block_face_flag","lot_face_length_error","created_by","created_date","last_modified_by","last_modified_date","av_change","bw_change","approx_length_flag",shape) VALUES ('0','2','2541','8900','2025418900','108.44000000','0','0','0',NULL,NULL,NULL,NULL,'0','0','0','0105000020D70800000100000001020000000200000000758F31CDA62E4100E29C48CE2C0E4180A8372F04A62E4100948041102E0E41');
INSERT INTO "tax_lot_face_scratch" ("tax_lot_face_type","boro","block","lot","bbl","lot_face_length","source","block_face_flag","lot_face_length_error","created_by","created_date","last_modified_by","last_modified_date","av_change","bw_change","approx_length_flag",shape) VALUES ('0','2','2541','8900','2025418900','0.00000000','1','0','2',NULL,NULL,NULL,NULL,'0','0','0','0105000020D70800000100000001020000000200000080A8372F04A62E4100948041102E0E4180B51E4A2AA62E4100C459F3812F0E41');
INSERT INTO "tax_lot_face_scratch" ("tax_lot_face_type","boro","block","lot","bbl","lot_face_length","source","block_face_flag","lot_face_length_error","created_by","created_date","last_modified_by","last_modified_date","av_change","bw_change","approx_length_flag",shape) VALUES ('0','2','2541','4','2025410004','0.00000000','1','0','2',NULL,NULL,NULL,NULL,'0','0','0','0105000020D70800000100000001020000000800000080187AA5D2A22E4100DAE91ED70A0E4100BFF196C1A22E41009838D0210A0E4100E4BEB6B4A22E41006A9F6C88090E418083F560A8A22E4100EED22BE3080E41008061DA9DA22E4100C4A63A42080E41008FFB3795A22E4100EC891AAA070E4100ACC1DC8CA22E41007C36DEFB060E4100E1AFAA8CA22E410064285AF7060E41');
INSERT INTO "tax_lot_face_scratch" ("tax_lot_face_type","boro","block","lot","bbl","lot_face_length","source","block_face_flag","lot_face_length_error","created_by","created_date","last_modified_by","last_modified_date","av_change","bw_change","approx_length_flag",shape) VALUES ('0','2','2541','8900','2025418900','718.05000000','0','0','0',NULL,NULL,NULL,NULL,'0','0','0','0105000020D70800000100000001020000000200000080FD9EE4CCA52E4100B204500A2C0E4180CABDDA9FA32E4100BC046A2F170E41');
INSERT INTO "tax_lot_face_scratch" ("tax_lot_face_type","boro","block","lot","bbl","lot_face_length","source","block_face_flag","lot_face_length_error","created_by","created_date","last_modified_by","last_modified_date","av_change","bw_change","approx_length_flag",shape) VALUES ('0','2','2541','123','2025410123','0.00000000','1','0','2',NULL,NULL,NULL,NULL,'0','0','0','0105000020D708000001000000010200000003000000809254C09BA32E410092714F35170E4180CABDDA9FA32E4100BC046A2F170E418046B1F6D5A32E410056FFAAE1160E41');
INSERT INTO "tax_lot_face_scratch" ("tax_lot_face_type","boro","block","lot","bbl","lot_face_length","source","block_face_flag","lot_face_length_error","created_by","created_date","last_modified_by","last_modified_date","av_change","bw_change","approx_length_flag",shape) VALUES ('0','2','2541','180','2025410180','107.29000000','0','1','0',NULL,NULL,NULL,NULL,'0','0','0','0105000020D70800000100000001020000000200000080A567CDD5A42E41008C25E100190E41805EB1D98FA42E41008A8094D6150E41');
INSERT INTO "tax_lot_face_scratch" ("tax_lot_face_type","boro","block","lot","bbl","lot_face_length","source","block_face_flag","lot_face_length_error","created_by","created_date","last_modified_by","last_modified_date","av_change","bw_change","approx_length_flag",shape) VALUES ('0','2','2541','22','2025410022','51.50000000','0','1','0',NULL,NULL,NULL,NULL,'0','0','0','0105000020D708000001000000010200000002000000805F205BB4A42E4100167020A2150E4100633C9D81A42E410094BF9334140E41');
INSERT INTO "tax_lot_face_scratch" ("tax_lot_face_type","boro","block","lot","bbl","lot_face_length","source","block_face_flag","lot_face_length_error","created_by","created_date","last_modified_by","last_modified_date","av_change","bw_change","approx_length_flag",shape) VALUES ('0','2','2541','123','2025410123','113.62000000','0','0','0',NULL,NULL,NULL,NULL,'0','0','0','0105000020D70800000100000001020000000200000000DC906040A32E4100B44C9EF0130E41809254C09BA32E410092714F35170E41');
INSERT INTO "tax_lot_face_scratch" ("tax_lot_face_type","boro","block","lot","bbl","lot_face_length","source","block_face_flag","lot_face_length_error","created_by","created_date","last_modified_by","last_modified_date","av_change","bw_change","approx_length_flag",shape) VALUES ('0','2','2541','123','2025410123','89.59000000','0','0','0',NULL,NULL,NULL,NULL,'0','0','0','0105000020D7080000010000000102000000020000008052BAD5E9A22E4100109FE18B110E4100DC906040A32E4100B44C9EF0130E41');
INSERT INTO "tax_lot_face_scratch" ("tax_lot_face_type","boro","block","lot","bbl","lot_face_length","source","block_face_flag","lot_face_length_error","created_by","created_date","last_modified_by","last_modified_date","av_change","bw_change","approx_length_flag",shape) VALUES ('0','2','2541','8900','2025418900','156.87000000','0','1','0',NULL,NULL,NULL,NULL,'0','0','0','0105000020D70800000100000001020000000200000080B51C3B0EA52E410018E82E47310E4180B51E4A2AA62E4100C459F3812F0E41');
INSERT INTO "tax_lot_face_scratch" ("tax_lot_face_type","boro","block","lot","bbl","lot_face_length","source","block_face_flag","lot_face_length_error","created_by","created_date","last_modified_by","last_modified_date","av_change","bw_change","approx_length_flag",shape) VALUES ('0','2','2541','8900','2025418900','524.69000000','0','1','0',NULL,NULL,NULL,NULL,'0','0','0','0105000020D7080000010000000102000000030000008094DF4AE4A12E4100D0A3DCDB050E418027868CBDA12E4100DA084CE5030E4100A931909DA02E41004E8EA54DF50D41');
INSERT INTO "tax_lot_face_scratch" ("tax_lot_face_type","boro","block","lot","bbl","lot_face_length","source","block_face_flag","lot_face_length_error","created_by","created_date","last_modified_by","last_modified_date","av_change","bw_change","approx_length_flag",shape) VALUES ('0','2','2541','8900','2025418900','22.76000000','0','0','0',NULL,NULL,NULL,NULL,'0','0','0','0105000020D70800000100000001020000000200000000018F50F9A12E41006477EDF0070E4180ABEC63EBA12E4100A24EAC31070E41');
INSERT INTO "tax_lot_face_scratch" ("tax_lot_face_type","boro","block","lot","bbl","lot_face_length","source","block_face_flag","lot_face_length_error","created_by","created_date","last_modified_by","last_modified_date","av_change","bw_change","approx_length_flag",shape) VALUES ('0','2','2541','122','2025410122','100.15000000','0','1','0',NULL,NULL,NULL,NULL,'0','0','0','0105000020D70800000100000001020000000400000080A4C5C1DBA12E410094B0BF2A0C0E4100EAF0B8DEA12E41000217B44E0C0E418063F5EF08A22E4100D2E424520E0E4180640BE916A22E41008E5BC7360F0E41');
INSERT INTO "tax_lot_face_scratch" ("tax_lot_face_type","boro","block","lot","bbl","lot_face_length","source","block_face_flag","lot_face_length_error","created_by","created_date","last_modified_by","last_modified_date","av_change","bw_change","approx_length_flag",shape) VALUES ('0','2','2541','8900','2025418900','143.67000000','0','1','0',NULL,NULL,NULL,NULL,'0','0','0','0105000020D708000001000000010200000002000000009F6F5E92A42E41009E22F7722D0E4180B51C3B0EA52E410018E82E47310E41');
INSERT INTO "tax_lot_face_scratch" ("tax_lot_face_type","boro","block","lot","bbl","lot_face_length","source","block_face_flag","lot_face_length_error","created_by","created_date","last_modified_by","last_modified_date","av_change","bw_change","approx_length_flag",shape) VALUES ('0','2','2541','122','2025410122','89.58000000','0','0','0',NULL,NULL,NULL,NULL,'0','0','0','0105000020D70800000100000001020000000200000000EC8D3BFBA22E4100C6390296140E41006A694F9FA22E410088302425120E41');
INSERT INTO "tax_lot_face_scratch" ("tax_lot_face_type","boro","block","lot","bbl","lot_face_length","source","block_face_flag","lot_face_length_error","created_by","created_date","last_modified_by","last_modified_date","av_change","bw_change","approx_length_flag",shape) VALUES ('0','2','2541','123','2025410123','115.85000000','0','0','0',NULL,NULL,NULL,NULL,'0','0','0','0105000020D70800000100000001020000000200000080754CF760A32E41000ACF2A11130E4100D81514F4A22E4100E028ADDD0F0E41');
INSERT INTO "tax_lot_face_scratch" ("tax_lot_face_type","boro","block","lot","bbl","lot_face_length","source","block_face_flag","lot_face_length_error","created_by","created_date","last_modified_by","last_modified_date","av_change","bw_change","approx_length_flag",shape) VALUES ('0','2','2541','8900','2025418900','128.93000000','0','0','0',NULL,NULL,NULL,NULL,'0','0','0','0105000020D708000001000000010200000002000000001B04A962A52E4100A2D8CF802A0E4180D3AFC75AA42E4100FEA6AEBA2B0E41');
INSERT INTO "tax_lot_face_scratch" ("tax_lot_face_type","boro","block","lot","bbl","lot_face_length","source","block_face_flag","lot_face_length_error","created_by","created_date","last_modified_by","last_modified_date","av_change","bw_change","approx_length_flag",shape) VALUES ('0','2','2541','123','2025410123','9.63000000','0','0','0',NULL,NULL,NULL,NULL,'0','0','0','0105000020D70800000100000001020000000200000000E1C26232A22E4100E24DEA69070E41805F31CB2CA22E4100927E2E18070E41');
INSERT INTO "tax_lot_face_scratch" ("tax_lot_face_type","boro","block","lot","bbl","lot_face_length","source","block_face_flag","lot_face_length_error","created_by","created_date","last_modified_by","last_modified_date","av_change","bw_change","approx_length_flag",shape) VALUES ('0','2','2541','8900','2025418900','0.00000000','1','1','2',NULL,NULL,NULL,NULL,'0','0','0','0105000020D70800000100000001020000000200000000A931909DA02E41004E8EA54DF50D41005AF3528FA02E4100D611F194F40D41');
INSERT INTO "tax_lot_face_scratch" ("tax_lot_face_type","boro","block","lot","bbl","lot_face_length","source","block_face_flag","lot_face_length_error","created_by","created_date","last_modified_by","last_modified_date","av_change","bw_change","approx_length_flag",shape) VALUES ('0','2','2541','8900','2025418900','49.54000000','0','0','0',NULL,NULL,NULL,NULL,'0','0','0','0105000020D70800000100000001020000000200000000EDE2DE32A22E41002C512914070E4100C6239923A22E410060402998050E41');
INSERT INTO "tax_lot_face_scratch" ("tax_lot_face_type","boro","block","lot","bbl","lot_face_length","source","block_face_flag","lot_face_length_error","created_by","created_date","last_modified_by","last_modified_date","av_change","bw_change","approx_length_flag",shape) VALUES ('0','2','2541','3','2025410003','0.00000000','1','0','2',NULL,NULL,NULL,NULL,'0','0','0','0105000020D7080000010000000102000000020000008068FCA36DA22E41005AB92EFA0A0E41802F63EB7FA22E4100E226F3ED0B0E41');
INSERT INTO "tax_lot_face_scratch" ("tax_lot_face_type","boro","block","lot","bbl","lot_face_length","source","block_face_flag","lot_face_length_error","created_by","created_date","last_modified_by","last_modified_date","av_change","bw_change","approx_length_flag",shape) VALUES ('0','2','2541','180','2025410180','115.85000000','0','0','0',NULL,NULL,NULL,NULL,'0','0','0','0105000020D70800000100000001020000000200000000B58842B9A32E410058C62C39120E4100FB32324EA32E41001A3384010F0E41');
--------------------------------------------------------------------------------
-- Manhattan block 605 not edited but may trigger a false positive
-- Two side by side lots with the same bbl (1006050046)
-- one of the lots is a tiny invisible sliver
-- ETL should see that the union of these two source lots produces
--    the same output as the target and do nothing here
--------------------------------------------------------------------------------
-- Manhattan block 605 tax_block_polygon 
INSERT INTO "tax_block_polygon_scratch" ("boro","block","eop_overlap_flag","jagged_st_flag","created_by","created_date","last_modified_by","last_modified_date","section_number","volume_number",shape) VALUES ('1','605','0','0',NULL,NULL,NULL,NULL,'2','6','0106000020D70800000100000001030000000100000016000000008106DCE0FA2D4100FAE7344C240941008AAB0BCDFA2D41002E9301C121094180FC1D921FFA2D4100CAE7351722094100B020D5F7F92D41003C5AF52A220941805C3B59F7F92D4100D2F4322B220941800DA2BDCFF92D4100305DE13E22094100AF56F5A7F92D4100EA50A652220941007B7BDF7DF92D41005A589067220941805A55FE60F92D4100164BEA75220941007233ABD4F82D41009E09A6BB2209410009E4E102F92D4100A0E8BE1D26094180F88C1314F92D4100A0F4FB5F2709418089DEB16DF92D41008C2A8FEF2D094180AD515037FB2D4100D61D90652F094100CC80F422FB2D410094D672C82C094100C2C3F51DFB2D41000EDD46242C094180828F0219FB2D410058B79B812B094180EF3A5C10FB2D4100F05854652A0941807C0956F2FA2D4100B292938A26094100A5F5F8EAFA2D4100C47590982509418044DA07E6FA2D4100EC6B28F6240941008106DCE0FA2D4100FAE7344C240941');
-- Manhattan block 605 tax_lot_polygon 
INSERT INTO "tax_lot_polygon_scratch" ("boro","block","lot","bbl","community_district","regular_lot_indicator","number_lot_sides","condo_flag","reuc_flag","air_rights_flag","subterranean_flag","easement_flag","section_number","volume_number","page_number","lot_note","nycmap_bldg_flag","missing_rpad_flag","conversion_exception_flag","value_reflected_out_flag","created_by","created_date","last_modified_by","last_modified_date","av_change","bw_change","effective_tax_year","bill_bbl_flag",shape) VALUES ('1','605','30','1006050030','0',NULL,'0',NULL,NULL,NULL,NULL,NULL,'2','6','17',NULL,'1','0','0','0',NULL,NULL,NULL,NULL,'0','0',NULL,'0','0106000020D7080000010000000103000000010000000500000000C2C3F51DFB2D41000EDD46242C094180828F0219FB2D410058B79B812B09418058294580FA2D4100905A82CD2B0941800A3C3885FA2D410046802D702C094100C2C3F51DFB2D41000EDD46242C0941');
INSERT INTO "tax_lot_polygon_scratch" ("boro","block","lot","bbl","community_district","regular_lot_indicator","number_lot_sides","condo_flag","reuc_flag","air_rights_flag","subterranean_flag","easement_flag","section_number","volume_number","page_number","lot_note","nycmap_bldg_flag","missing_rpad_flag","conversion_exception_flag","value_reflected_out_flag","created_by","created_date","last_modified_by","last_modified_date","av_change","bw_change","effective_tax_year","bill_bbl_flag",shape) VALUES ('1','605','29','1006050029','0',NULL,'0',NULL,NULL,NULL,NULL,NULL,'2','6','17',NULL,'1','0','0','0',NULL,NULL,NULL,NULL,'0','0',NULL,'0','0106000020D7080000010000000103000000010000000500000000CC80F422FB2D410094D672C82C094100C2C3F51DFB2D41000EDD46242C0941800A3C3885FA2D410046802D702C09418014F9368AFA2D4100CC7959142D094100CC80F422FB2D410094D672C82C0941');
INSERT INTO "tax_lot_polygon_scratch" ("boro","block","lot","bbl","community_district","regular_lot_indicator","number_lot_sides","condo_flag","reuc_flag","air_rights_flag","subterranean_flag","easement_flag","section_number","volume_number","page_number","lot_note","nycmap_bldg_flag","missing_rpad_flag","conversion_exception_flag","value_reflected_out_flag","created_by","created_date","last_modified_by","last_modified_date","av_change","bw_change","effective_tax_year","bill_bbl_flag",shape) VALUES ('1','605','44','1006050044','0','I','0',NULL,NULL,NULL,NULL,NULL,'2','6','17',NULL,'0','0','0','0',NULL,NULL,NULL,NULL,'0','0',NULL,'0','0106000020D70800000100000001030000000100000006000000008106DCE0FA2D4100FAE7344C240941008AAB0BCDFA2D41002E9301C121094180FC1D921FFA2D4100CAE7351722094100539D162FFA2D41005405351524094180F3786233FA2D4100963C69A2240941008106DCE0FA2D4100FAE7344C240941');
INSERT INTO "tax_lot_polygon_scratch" ("boro","block","lot","bbl","community_district","regular_lot_indicator","number_lot_sides","condo_flag","reuc_flag","air_rights_flag","subterranean_flag","easement_flag","section_number","volume_number","page_number","lot_note","nycmap_bldg_flag","missing_rpad_flag","conversion_exception_flag","value_reflected_out_flag","created_by","created_date","last_modified_by","last_modified_date","av_change","bw_change","effective_tax_year","bill_bbl_flag",shape) VALUES ('1','605','39','1006050039','0',NULL,'0',NULL,NULL,NULL,NULL,NULL,'2','6','17',NULL,'1','0','0','0',NULL,NULL,NULL,NULL,'0','0',NULL,'0','0106000020D7080000010000000103000000010000000500000000A5F5F8EAFA2D4100C47590982509418044DA07E6FA2D4100EC6B28F624094100AB24BAE8F92D4100989A08742509410029ECAAEDF92D4100FEC5701626094100A5F5F8EAFA2D4100C4759098250941');
INSERT INTO "tax_lot_polygon_scratch" ("boro","block","lot","bbl","community_district","regular_lot_indicator","number_lot_sides","condo_flag","reuc_flag","air_rights_flag","subterranean_flag","easement_flag","section_number","volume_number","page_number","lot_note","nycmap_bldg_flag","missing_rpad_flag","conversion_exception_flag","value_reflected_out_flag","created_by","created_date","last_modified_by","last_modified_date","av_change","bw_change","effective_tax_year","bill_bbl_flag",shape) VALUES ('1','605','33','1006050033','0',NULL,'0',NULL,NULL,NULL,NULL,NULL,'2','6','17',NULL,'2','0','0','0',NULL,NULL,NULL,NULL,'0','0',NULL,'0','0106000020D70800000100000001030000000100000007000000807C0956F2FA2D4100B292938A260941008E2108F5F92D4100ECE2730827094180F624B8F6F92D4100C270EB3F270941004968D3F6F92D4100F8B56B432709410073310E13FA2D4100F22234E32A094180EF3A5C10FB2D4100F05854652A0941807C0956F2FA2D4100B292938A260941');
INSERT INTO "tax_lot_polygon_scratch" ("boro","block","lot","bbl","community_district","regular_lot_indicator","number_lot_sides","condo_flag","reuc_flag","air_rights_flag","subterranean_flag","easement_flag","section_number","volume_number","page_number","lot_note","nycmap_bldg_flag","missing_rpad_flag","conversion_exception_flag","value_reflected_out_flag","created_by","created_date","last_modified_by","last_modified_date","av_change","bw_change","effective_tax_year","bill_bbl_flag",shape) VALUES ('1','605','48','1006050048','0',NULL,'0',NULL,NULL,NULL,NULL,NULL,'2','6','17',NULL,'1','0','0','0',NULL,NULL,NULL,NULL,'0','0',NULL,'0','0106000020D7080000010000000103000000010000000900000000419C8FE0F92D4100B0F7AD67240941800DA2BDCFF92D4100305DE13E22094100AF56F5A7F92D4100EA50A65222094180203A0CBBF92D4100E09A06C6240941007F85D4E2F92D410026A741B224094180EB6CD0E2F92D41004E2CBBB1240941002235F5E1F92D4100D68996952409410077F532E1F92D410056F0A67C24094100419C8FE0F92D4100B0F7AD67240941');
INSERT INTO "tax_lot_polygon_scratch" ("boro","block","lot","bbl","community_district","regular_lot_indicator","number_lot_sides","condo_flag","reuc_flag","air_rights_flag","subterranean_flag","easement_flag","section_number","volume_number","page_number","lot_note","nycmap_bldg_flag","missing_rpad_flag","conversion_exception_flag","value_reflected_out_flag","created_by","created_date","last_modified_by","last_modified_date","av_change","bw_change","effective_tax_year","bill_bbl_flag",shape) VALUES ('1','605','38','1006050038','0','I','0',NULL,NULL,NULL,NULL,NULL,'2','6','17',NULL,'1','0','0','0',NULL,NULL,NULL,NULL,'0','0',NULL,'0','0106000020D7080000010000000103000000010000002100000080F624B8F6F92D4100C270EB3F270941008E2108F5F92D4100ECE27308270941807C0956F2FA2D4100B292938A26094100A5F5F8EAFA2D4100C47590982509410029ECAAEDF92D4100FEC5701626094100AB24BAE8F92D4100989A087425094100C6FB79E4F92D410018D141E82409410070844D34FA2D4100D09E96C024094180F3786233FA2D4100963C69A224094100539D162FFA2D41005405351524094100B5370008FA2D41006CFC543E24094100419C8FE0F92D4100B0F7AD672409410077F532E1F92D410056F0A67C240941002235F5E1F92D4100D689969524094180EB6CD0E2F92D41004E2CBBB1240941007F85D4E2F92D410026A741B224094180203A0CBBF92D4100E09A06C62409410096FF9895F92D410060CFA2D824094180F9EB1DA5F92D41009410B09725094180775BF19AF92D41005A4418A025094180A2005997F92D41002ABF10A32509410088981A98F92D4100BC07ECBB25094180F2FE47A9F92D4100C473BAAD25094100321996B0F92D4100A6FCA8072609410031E88CBFF92D41008E774BFB25094180D98F1CC2F92D4100D646794F26094100E6E44DB3F92D4100A8A2B55B26094180B03222B6F92D4100961CB4B82609418094B6C0ABF92D4100FCF547C126094180351E74ACF92D4100E6B54FD826094180366BF8A5F92D4100EA1DABDD26094100C8E71DAAF92D41001A5FF16527094180F624B8F6F92D4100C270EB3F270941');
INSERT INTO "tax_lot_polygon_scratch" ("boro","block","lot","bbl","community_district","regular_lot_indicator","number_lot_sides","condo_flag","reuc_flag","air_rights_flag","subterranean_flag","easement_flag","section_number","volume_number","page_number","lot_note","nycmap_bldg_flag","missing_rpad_flag","conversion_exception_flag","value_reflected_out_flag","created_by","created_date","last_modified_by","last_modified_date","av_change","bw_change","effective_tax_year","bill_bbl_flag",shape) VALUES ('1','605','1','1006050001','0','I','21',NULL,NULL,NULL,NULL,NULL,'2','6','17',NULL,'2','0','0','0',NULL,NULL,NULL,NULL,'0','0','2015 - 2016','0','0106000020D7080000010000000103000000010000000F00000080A2005997F92D41002ABF10A325094180775BF19AF92D41005A4418A025094180F9EB1DA5F92D41009410B0972509410096FF9895F92D410060CFA2D8240941804173A58FF92D4100D0CC5E8F2409410059B91FA3F92D410008350E762409418003FC2294F92D41005AF88CBD23094180487B8B80F92D41005C7103D72309418088E59E6DF92D410026EE0AEE220941806412FD6BF92D4100A0AC71CF22094180360F2F69F92D41006A4CE19A22094100E4780D67F92D41007875E772220941007233ABD4F82D41009E09A6BB2209410009E4E102F92D4100A0E8BE1D26094180A2005997F92D41002ABF10A3250941');
INSERT INTO "tax_lot_polygon_scratch" ("boro","block","lot","bbl","community_district","regular_lot_indicator","number_lot_sides","condo_flag","reuc_flag","air_rights_flag","subterranean_flag","easement_flag","section_number","volume_number","page_number","lot_note","nycmap_bldg_flag","missing_rpad_flag","conversion_exception_flag","value_reflected_out_flag","created_by","created_date","last_modified_by","last_modified_date","av_change","bw_change","effective_tax_year","bill_bbl_flag",shape) VALUES ('1','605','40','1006050040','0','I','11',NULL,NULL,NULL,NULL,NULL,'2','6','17',NULL,'2','0','0','0',NULL,NULL,NULL,NULL,'0','0','2015 - 2016','0','0106000020D708000001000000010300000001000000070000008044DA07E6FA2D4100EC6B28F6240941008106DCE0FA2D4100FAE7344C24094180F3786233FA2D4100963C69A22409410070844D34FA2D4100D09E96C024094100C6FB79E4F92D410018D141E824094100AB24BAE8F92D4100989A08742509418044DA07E6FA2D4100EC6B28F6240941');
INSERT INTO "tax_lot_polygon_scratch" ("boro","block","lot","bbl","community_district","regular_lot_indicator","number_lot_sides","condo_flag","reuc_flag","air_rights_flag","subterranean_flag","easement_flag","section_number","volume_number","page_number","lot_note","nycmap_bldg_flag","missing_rpad_flag","conversion_exception_flag","value_reflected_out_flag","created_by","created_date","last_modified_by","last_modified_date","av_change","bw_change","effective_tax_year","bill_bbl_flag",shape) VALUES ('1','605','47','1006050047','0','I','8',NULL,NULL,NULL,NULL,NULL,'2','6','17',NULL,'2','0','0','0',NULL,NULL,NULL,NULL,'0','0','2015 - 2016','0','0106000020D70800000100000001030000000100000006000000001AA9FF07FA2D41005AC4423E24094100B020D5F7F92D41003C5AF52A220941805C3B59F7F92D4100D2F4322B220941800DA2BDCFF92D4100305DE13E22094100419C8FE0F92D4100B0F7AD67240941001AA9FF07FA2D41005AC4423E240941');
INSERT INTO "tax_lot_polygon_scratch" ("boro","block","lot","bbl","community_district","regular_lot_indicator","number_lot_sides","condo_flag","reuc_flag","air_rights_flag","subterranean_flag","easement_flag","section_number","volume_number","page_number","lot_note","nycmap_bldg_flag","missing_rpad_flag","conversion_exception_flag","value_reflected_out_flag","created_by","created_date","last_modified_by","last_modified_date","av_change","bw_change","effective_tax_year","bill_bbl_flag",shape) VALUES ('1','605','46','1006050046','0','I','8',NULL,NULL,NULL,NULL,NULL,'2','6','17',NULL,'2','0','0','0',NULL,NULL,NULL,NULL,'0','0','2015 - 2016','0','0106000020D7080000010000000103000000010000000500000000539D162FFA2D41005405351524094180FC1D921FFA2D4100CAE7351722094100B020D5F7F92D41003C5AF52A220941001AA9FF07FA2D41005AC4423E24094100539D162FFA2D410054053515240941');
-- (yes, boro is a space i am not making this up)
INSERT INTO "tax_lot_polygon_scratch" ("boro","block","lot","bbl","community_district","regular_lot_indicator","number_lot_sides","condo_flag","reuc_flag","air_rights_flag","subterranean_flag","easement_flag","section_number","volume_number","page_number","lot_note","nycmap_bldg_flag","missing_rpad_flag","conversion_exception_flag","value_reflected_out_flag","created_by","created_date","last_modified_by","last_modified_date","av_change","bw_change","effective_tax_year","bill_bbl_flag",shape) VALUES (' ','605','47','1006050047','0','I','8',NULL,NULL,NULL,NULL,NULL,'2','6','17',NULL,'0','0','0','0',NULL,NULL,NULL,NULL,'0','0','2015 - 2016','0','0106000020D7080000010000000103000000010000000400000000B5370008FA2D41006CFC543E240941001AA9FF07FA2D41005AC4423E24094100419C8FE0F92D4100B0F7AD6724094100B5370008FA2D41006CFC543E240941');
INSERT INTO "tax_lot_polygon_scratch" ("boro","block","lot","bbl","community_district","regular_lot_indicator","number_lot_sides","condo_flag","reuc_flag","air_rights_flag","subterranean_flag","easement_flag","section_number","volume_number","page_number","lot_note","nycmap_bldg_flag","missing_rpad_flag","conversion_exception_flag","value_reflected_out_flag","created_by","created_date","last_modified_by","last_modified_date","av_change","bw_change","effective_tax_year","bill_bbl_flag",shape) VALUES (' ','605','46','1006050046','0','I','8',NULL,NULL,NULL,NULL,NULL,'2','6','17',NULL,'0','0','0','0',NULL,NULL,NULL,NULL,'0','0','2015 - 2016','0','0106000020D7080000010000000103000000010000000400000000539D162FFA2D410054053515240941001AA9FF07FA2D41005AC4423E24094100B5370008FA2D41006CFC543E24094100539D162FFA2D410054053515240941');
INSERT INTO "tax_lot_polygon_scratch" ("boro","block","lot","bbl","community_district","regular_lot_indicator","number_lot_sides","condo_flag","reuc_flag","air_rights_flag","subterranean_flag","easement_flag","section_number","volume_number","page_number","lot_note","nycmap_bldg_flag","missing_rpad_flag","conversion_exception_flag","value_reflected_out_flag","created_by","created_date","last_modified_by","last_modified_date","av_change","bw_change","effective_tax_year","bill_bbl_flag",shape) VALUES ('1','605','31','1006050031','0','I','0',NULL,NULL,NULL,NULL,NULL,'2','6','17',NULL,'0','0','0','0',NULL,NULL,NULL,NULL,'0','0',NULL,'0','0106000020D7080000010000000103000000010000002100000080EF3A5C10FB2D4100F05854652A09410073310E13FA2D4100F22234E32A0941004968D3F6F92D4100F8B56B4327094180F624B8F6F92D4100C270EB3F27094100C8E71DAAF92D41001A5FF16527094180366BF8A5F92D4100EA1DABDD260941008E352BA2F92D410092EC4EE0260941005D8431A3F92D410038DAAE012709410051EE4698F92D4100C6FC190727094180C2B47797F92D4100EE5A7FEC26094180F11D0486F92D410082FFEAFA260941007A9DDC86F92D4100F680B616270941002B09587CF92D41000095671F27094180C10E6B81F92D4100287C2CC627094100EFBE327CF92D410022D7C3C827094100EB850A9DF92D41005AF3CB012A094100BF92B37DF92D4100AA4F5A112A094180E8793F99F92D4100C0C64FDC2B0941809C172F01FA2D4100FCE8673B2D094100F81DCB18FA2D4100FCC329EC2C0941808529D22CFA2D4100D44C51472C094100150B8454FA2D4100C89E97332C09410098CD2467FA2D4100CE5A648C2C094180FB105C78FA2D41009E8F37C22E094180D6B32861FA2D4100C87041AF2E094180EA0FD55FFA2D4100BC3274B52E094180AD515037FB2D4100D61D90652F094100CC80F422FB2D410094D672C82C09418014F9368AFA2D4100CC7959142D0941800A3C3885FA2D410046802D702C09418058294580FA2D4100905A82CD2B094180828F0219FB2D410058B79B812B094180EF3A5C10FB2D4100F05854652A0941');
INSERT INTO "tax_lot_polygon_scratch" ("boro","block","lot","bbl","community_district","regular_lot_indicator","number_lot_sides","condo_flag","reuc_flag","air_rights_flag","subterranean_flag","easement_flag","section_number","volume_number","page_number","lot_note","nycmap_bldg_flag","missing_rpad_flag","conversion_exception_flag","value_reflected_out_flag","created_by","created_date","last_modified_by","last_modified_date","av_change","bw_change","effective_tax_year","bill_bbl_flag",shape) VALUES ('1','605','49','1006050049','0','I','13',NULL,NULL,NULL,NULL,NULL,'2','6','17',NULL,'2','0','0','0',NULL,NULL,NULL,NULL,'0','0','2015 - 2016','0','0106000020D7080000010000000103000000010000000D00000080203A0CBBF92D4100E09A06C624094100AF56F5A7F92D4100EA50A652220941007B7BDF7DF92D41005A58906722094100E4780D67F92D41007875E77222094180360F2F69F92D41006A4CE19A220941806412FD6BF92D4100A0AC71CF2209418088E59E6DF92D410026EE0AEE22094180487B8B80F92D41005C7103D72309418003FC2294F92D41005AF88CBD2309410059B91FA3F92D410008350E76240941804173A58FF92D4100D0CC5E8F2409410096FF9895F92D410060CFA2D824094180203A0CBBF92D4100E09A06C6240941');
INSERT INTO "tax_lot_polygon_scratch" ("boro","block","lot","bbl","community_district","regular_lot_indicator","number_lot_sides","condo_flag","reuc_flag","air_rights_flag","subterranean_flag","easement_flag","section_number","volume_number","page_number","lot_note","nycmap_bldg_flag","missing_rpad_flag","conversion_exception_flag","value_reflected_out_flag","created_by","created_date","last_modified_by","last_modified_date","av_change","bw_change","effective_tax_year","bill_bbl_flag",shape) VALUES ('1','605','8','1006050008','0','I','0','C','R',NULL,NULL,NULL,'2','6','17',NULL,'0','0','0','0',NULL,NULL,NULL,NULL,'0','0',NULL,'0','0106000020D7080000010000000103000000010000002300000080366BF8A5F92D4100EA1DABDD26094180351E74ACF92D4100E6B54FD82609418094B6C0ABF92D4100FCF547C126094180B03222B6F92D4100961CB4B826094100E6E44DB3F92D4100A8A2B55B26094180D98F1CC2F92D4100D646794F2609410031E88CBFF92D41008E774BFB25094100321996B0F92D4100A6FCA80726094180F2FE47A9F92D4100C473BAAD2509410088981A98F92D4100BC07ECBB25094180A2005997F92D41002ABF10A32509410009E4E102F92D4100A0E8BE1D26094180F88C1314F92D4100A0F4FB5F2709418089DEB16DF92D41008C2A8FEF2D094180EA0FD55FFA2D4100BC3274B52E094180D6B32861FA2D4100C87041AF2E094180FB105C78FA2D41009E8F37C22E09410098CD2467FA2D4100CE5A648C2C094100150B8454FA2D4100C89E97332C0941808529D22CFA2D4100D44C51472C094100F81DCB18FA2D4100FCC329EC2C0941809C172F01FA2D4100FCE8673B2D094180E8793F99F92D4100C0C64FDC2B094100BF92B37DF92D4100AA4F5A112A094100EB850A9DF92D41005AF3CB012A094100EFBE327CF92D410022D7C3C827094180C10E6B81F92D4100287C2CC6270941002B09587CF92D41000095671F270941007A9DDC86F92D4100F680B61627094180F11D0486F92D410082FFEAFA26094180C2B47797F92D4100EE5A7FEC2609410051EE4698F92D4100C6FC1907270941005D8431A3F92D410038DAAE01270941008E352BA2F92D410092EC4EE026094180366BF8A5F92D4100EA1DABDD260941');
-- Manhattan block 605 tax_lot_face 
INSERT INTO "tax_lot_face_scratch" ("tax_lot_face_type","boro","block","lot","bbl","lot_face_length","source","block_face_flag","lot_face_length_error","created_by","created_date","last_modified_by","last_modified_date","av_change","bw_change","approx_length_flag",shape) VALUES ('0','1','605','30','1006050030','75.00000000','0','0','0',NULL,NULL,NULL,NULL,'0','0','0','0105000020D708000001000000010200000002000000800A3C3885FA2D410046802D702C094100C2C3F51DFB2D41000EDD46242C0941');
INSERT INTO "tax_lot_face_scratch" ("tax_lot_face_type","boro","block","lot","bbl","lot_face_length","source","block_face_flag","lot_face_length_error","created_by","created_date","last_modified_by","last_modified_date","av_change","bw_change","approx_length_flag",shape) VALUES ('0','1','605','39','1006050039','125.00000000','0','0','0',NULL,NULL,NULL,NULL,'0','0','0','0105000020D7080000010000000102000000020000000029ECAAEDF92D4100FEC5701626094100A5F5F8EAFA2D4100C4759098250941');
INSERT INTO "tax_lot_face_scratch" ("tax_lot_face_type","boro","block","lot","bbl","lot_face_length","source","block_face_flag","lot_face_length_error","created_by","created_date","last_modified_by","last_modified_date","av_change","bw_change","approx_length_flag",shape) VALUES ('0','1','605','29','1006050029','20.00000000','0','1','0',NULL,NULL,NULL,NULL,'0','0','0','0105000020D70800000100000001020000000200000000CC80F422FB2D410094D672C82C094100C2C3F51DFB2D41000EDD46242C0941');
INSERT INTO "tax_lot_face_scratch" ("tax_lot_face_type","boro","block","lot","bbl","lot_face_length","source","block_face_flag","lot_face_length_error","created_by","created_date","last_modified_by","last_modified_date","av_change","bw_change","approx_length_flag",shape) VALUES ('0','1','605','30','1006050030','20.00000000','0','1','0',NULL,NULL,NULL,NULL,'0','0','0','0105000020D70800000100000001020000000200000000C2C3F51DFB2D41000EDD46242C094180828F0219FB2D410058B79B812B0941');
INSERT INTO "tax_lot_face_scratch" ("tax_lot_face_type","boro","block","lot","bbl","lot_face_length","source","block_face_flag","lot_face_length_error","created_by","created_date","last_modified_by","last_modified_date","av_change","bw_change","approx_length_flag",shape) VALUES ('0','1','605','33','1006050033','125.00000000','0','1','0',NULL,NULL,NULL,NULL,'0','0','0','0105000020D70800000100000001020000000200000080EF3A5C10FB2D4100F05854652A0941807C0956F2FA2D4100B292938A260941');
INSERT INTO "tax_lot_face_scratch" ("tax_lot_face_type","boro","block","lot","bbl","lot_face_length","source","block_face_flag","lot_face_length_error","created_by","created_date","last_modified_by","last_modified_date","av_change","bw_change","approx_length_flag",shape) VALUES ('0','1','605','33','1006050033','125.00000000','0','0','0',NULL,NULL,NULL,NULL,'0','0','0','0105000020D7080000010000000102000000020000000073310E13FA2D4100F22234E32A094180EF3A5C10FB2D4100F05854652A0941');
INSERT INTO "tax_lot_face_scratch" ("tax_lot_face_type","boro","block","lot","bbl","lot_face_length","source","block_face_flag","lot_face_length_error","created_by","created_date","last_modified_by","last_modified_date","av_change","bw_change","approx_length_flag",shape) VALUES ('0','1','605','30','1006050030','75.00000000','0','0','0',NULL,NULL,NULL,NULL,'0','0','0','0105000020D70800000100000001020000000200000080828F0219FB2D410058B79B812B09418058294580FA2D4100905A82CD2B0941');
INSERT INTO "tax_lot_face_scratch" ("tax_lot_face_type","boro","block","lot","bbl","lot_face_length","source","block_face_flag","lot_face_length_error","created_by","created_date","last_modified_by","last_modified_date","av_change","bw_change","approx_length_flag",shape) VALUES ('0','1','605','44','1006050044','86.00000000','0','0','0',NULL,NULL,NULL,NULL,'0','0','0','0105000020D70800000100000001020000000200000080F3786233FA2D4100963C69A2240941008106DCE0FA2D4100FAE7344C240941');
INSERT INTO "tax_lot_face_scratch" ("tax_lot_face_type","boro","block","lot","bbl","lot_face_length","source","block_face_flag","lot_face_length_error","created_by","created_date","last_modified_by","last_modified_date","av_change","bw_change","approx_length_flag",shape) VALUES ('0','1','605','33','1006050033','125.00000000','0','0','0',NULL,NULL,NULL,NULL,'0','0','0','0105000020D708000001000000010200000002000000807C0956F2FA2D4100B292938A260941008E2108F5F92D4100ECE27308270941');
INSERT INTO "tax_lot_face_scratch" ("tax_lot_face_type","boro","block","lot","bbl","lot_face_length","source","block_face_flag","lot_face_length_error","created_by","created_date","last_modified_by","last_modified_date","av_change","bw_change","approx_length_flag",shape) VALUES ('0','1','605','44','1006050044','86.00000000','0','1','0',NULL,NULL,NULL,NULL,'0','0','0','0105000020D708000001000000010200000002000000008AAB0BCDFA2D41002E9301C121094180FC1D921FFA2D4100CAE73517220941');
INSERT INTO "tax_lot_face_scratch" ("tax_lot_face_type","boro","block","lot","bbl","lot_face_length","source","block_face_flag","lot_face_length_error","created_by","created_date","last_modified_by","last_modified_date","av_change","bw_change","approx_length_flag",shape) VALUES ('0','1','605','29','1006050029','20.00000000','0','0','0',NULL,NULL,NULL,NULL,'0','0','0','0105000020D708000001000000010200000002000000800A3C3885FA2D410046802D702C09418014F9368AFA2D4100CC7959142D0941');
INSERT INTO "tax_lot_face_scratch" ("tax_lot_face_type","boro","block","lot","bbl","lot_face_length","source","block_face_flag","lot_face_length_error","created_by","created_date","last_modified_by","last_modified_date","av_change","bw_change","approx_length_flag",shape) VALUES ('0','1','605','44','1006050044','79.92000000','0','1','0',NULL,NULL,NULL,NULL,'0','0','0','0105000020D708000001000000010200000002000000008106DCE0FA2D4100FAE7344C240941008AAB0BCDFA2D41002E9301C1210941');
INSERT INTO "tax_lot_face_scratch" ("tax_lot_face_type","boro","block","lot","bbl","lot_face_length","source","block_face_flag","lot_face_length_error","created_by","created_date","last_modified_by","last_modified_date","av_change","bw_change","approx_length_flag",shape) VALUES ('0','1','605','39','1006050039','20.00000000','0','0','0',NULL,NULL,NULL,NULL,'0','0','0','0105000020D7080000010000000102000000020000000056F2B9E8F92D410026BC08742509410029ECAAEDF92D4100FEC57016260941');
INSERT INTO "tax_lot_face_scratch" ("tax_lot_face_type","boro","block","lot","bbl","lot_face_length","source","block_face_flag","lot_face_length_error","created_by","created_date","last_modified_by","last_modified_date","av_change","bw_change","approx_length_flag",shape) VALUES ('0','1','605','29','1006050029','75.00000000','0','0','0',NULL,NULL,NULL,NULL,'0','0','0','0105000020D7080000010000000102000000020000008014F9368AFA2D4100CC7959142D094100CC80F422FB2D410094D672C82C0941');
INSERT INTO "tax_lot_face_scratch" ("tax_lot_face_type","boro","block","lot","bbl","lot_face_length","source","block_face_flag","lot_face_length_error","created_by","created_date","last_modified_by","last_modified_date","av_change","bw_change","approx_length_flag",shape) VALUES ('0','1','605','1','1006050001','10.24000000','0','0','0',NULL,NULL,NULL,NULL,'0','0','0','0105000020D708000001000000010200000002000000804173A58FF92D4100D0CC5E8F2409410059B91FA3F92D410008350E76240941');
INSERT INTO "tax_lot_face_scratch" ("tax_lot_face_type","boro","block","lot","bbl","lot_face_length","source","block_face_flag","lot_face_length_error","created_by","created_date","last_modified_by","last_modified_date","av_change","bw_change","approx_length_flag",shape) VALUES ('0','1','605','1','1006050001','24.25000000','0','0','0',NULL,NULL,NULL,NULL,'0','0','0','0105000020D7080000010000000102000000020000000059B91FA3F92D410008350E762409418003FC2294F92D41005AF88CBD230941');
INSERT INTO "tax_lot_face_scratch" ("tax_lot_face_type","boro","block","lot","bbl","lot_face_length","source","block_face_flag","lot_face_length_error","created_by","created_date","last_modified_by","last_modified_date","av_change","bw_change","approx_length_flag",shape) VALUES ('0','1','605','49','1006050049','24.25000000','0','0','0',NULL,NULL,NULL,NULL,'0','0','0','0105000020D7080000010000000102000000020000008003FC2294F92D41005AF88CBD2309410059B91FA3F92D410008350E76240941');
INSERT INTO "tax_lot_face_scratch" ("tax_lot_face_type","boro","block","lot","bbl","lot_face_length","source","block_face_flag","lot_face_length_error","created_by","created_date","last_modified_by","last_modified_date","av_change","bw_change","approx_length_flag",shape) VALUES ('0','1','605','49','1006050049','10.30000000','0','0','0',NULL,NULL,NULL,NULL,'0','0','0','0105000020D70800000100000001020000000200000080487B8B80F92D41005C7103D72309418003FC2294F92D41005AF88CBD230941');
INSERT INTO "tax_lot_face_scratch" ("tax_lot_face_type","boro","block","lot","bbl","lot_face_length","source","block_face_flag","lot_face_length_error","created_by","created_date","last_modified_by","last_modified_date","av_change","bw_change","approx_length_flag",shape) VALUES ('0','1','605','49','1006050049','30.62000000','0','0','0',NULL,NULL,NULL,NULL,'0','0','0','0105000020D7080000010000000102000000020000008088E59E6DF92D410026EE0AEE22094180487B8B80F92D41005C7103D7230941');
INSERT INTO "tax_lot_face_scratch" ("tax_lot_face_type","boro","block","lot","bbl","lot_face_length","source","block_face_flag","lot_face_length_error","created_by","created_date","last_modified_by","last_modified_date","av_change","bw_change","approx_length_flag",shape) VALUES ('0','1','605','40','1006050040','125.00000000','0','0','0',NULL,NULL,NULL,NULL,'0','0','0','0105000020D7080000010000000102000000020000000056F2B9E8F92D410026BC08742509418044DA07E6FA2D4100EC6B28F6240941');
INSERT INTO "tax_lot_face_scratch" ("tax_lot_face_type","boro","block","lot","bbl","lot_face_length","source","block_face_flag","lot_face_length_error","created_by","created_date","last_modified_by","last_modified_date","av_change","bw_change","approx_length_flag",shape) VALUES ('0','1','605','49','1006050049','15.16000000','0','0','0',NULL,NULL,NULL,NULL,'0','0','0','0105000020D7080000010000000102000000020000000096FF9895F92D410060CFA2D824094180203A0CBBF92D4100E09A06C6240941');
INSERT INTO "tax_lot_face_scratch" ("tax_lot_face_type","boro","block","lot","bbl","lot_face_length","source","block_face_flag","lot_face_length_error","created_by","created_date","last_modified_by","last_modified_date","av_change","bw_change","approx_length_flag",shape) VALUES ('0','1','605','46','1006050046','64.25000000','0','0','0',NULL,NULL,NULL,NULL,'0','0','0','0105000020D70800000100000001020000000200000000539D162FFA2D41005405351524094180FC1D921FFA2D4100CAE73517220941');
INSERT INTO "tax_lot_face_scratch" ("tax_lot_face_type","boro","block","lot","bbl","lot_face_length","source","block_face_flag","lot_face_length_error","created_by","created_date","last_modified_by","last_modified_date","av_change","bw_change","approx_length_flag",shape) VALUES ('0','1','605','1','1006050001','108.00000000','0','1','0',NULL,NULL,NULL,NULL,'0','0','0','0105000020D708000001000000010200000002000000007233ABD4F82D41009E09A6BB2209410009E4E102F92D4100A0E8BE1D260941');
INSERT INTO "tax_lot_face_scratch" ("tax_lot_face_type","boro","block","lot","bbl","lot_face_length","source","block_face_flag","lot_face_length_error","created_by","created_date","last_modified_by","last_modified_date","av_change","bw_change","approx_length_flag",shape) VALUES ('0','1','605','49','1006050049','7.62000000','0','0','0',NULL,NULL,NULL,NULL,'0','0','0','0105000020D708000001000000010200000002000000804173A58FF92D4100D0CC5E8F2409410096FF9895F92D410060CFA2D8240941');
INSERT INTO "tax_lot_face_scratch" ("tax_lot_face_type","boro","block","lot","bbl","lot_face_length","source","block_face_flag","lot_face_length_error","created_by","created_date","last_modified_by","last_modified_date","av_change","bw_change","approx_length_flag",shape) VALUES ('0','1','605','46','1006050046','20.00000000','0','1','0',NULL,NULL,NULL,NULL,'0','0','0','0105000020D70800000100000001020000000200000080FC1D921FFA2D4100CAE7351722094100B020D5F7F92D41003C5AF52A220941');
INSERT INTO "tax_lot_face_scratch" ("tax_lot_face_type","boro","block","lot","bbl","lot_face_length","source","block_face_flag","lot_face_length_error","created_by","created_date","last_modified_by","last_modified_date","av_change","bw_change","approx_length_flag",shape) VALUES ('0','1','605','40','1006050040','20.00000000','0','1','0',NULL,NULL,NULL,NULL,'0','0','0','0105000020D7080000010000000102000000020000008044DA07E6FA2D4100EC6B28F6240941008106DCE0FA2D4100FAE7344C240941');
INSERT INTO "tax_lot_face_scratch" ("tax_lot_face_type","boro","block","lot","bbl","lot_face_length","source","block_face_flag","lot_face_length_error","created_by","created_date","last_modified_by","last_modified_date","av_change","bw_change","approx_length_flag",shape) VALUES ('0','1','605','40','1006050040','3.11000000','0','0','0',NULL,NULL,NULL,NULL,'0','0','0','0105000020D70800000100000001020000000200000080F3786233FA2D4100963C69A22409410070844D34FA2D4100D09E96C0240941');
INSERT INTO "tax_lot_face_scratch" ("tax_lot_face_type","boro","block","lot","bbl","lot_face_length","source","block_face_flag","lot_face_length_error","created_by","created_date","last_modified_by","last_modified_date","av_change","bw_change","approx_length_flag",shape) VALUES ('0','1','605','40','1006050040','39.10000000','0','0','0',NULL,NULL,NULL,NULL,'0','0','0','0105000020D7080000010000000102000000020000000070844D34FA2D4100D09E96C024094100C6FB79E4F92D410018D141E8240941');
INSERT INTO "tax_lot_face_scratch" ("tax_lot_face_type","boro","block","lot","bbl","lot_face_length","source","block_face_flag","lot_face_length_error","created_by","created_date","last_modified_by","last_modified_date","av_change","bw_change","approx_length_flag",shape) VALUES ('0','1','605','40','1006050040','14.12000000','0','0','0',NULL,NULL,NULL,NULL,'0','0','0','0105000020D70800000100000001020000000200000000C6FB79E4F92D410018D141E82409410056F2B9E8F92D410026BC0874250941');
INSERT INTO "tax_lot_face_scratch" ("tax_lot_face_type","boro","block","lot","bbl","lot_face_length","source","block_face_flag","lot_face_length_error","created_by","created_date","last_modified_by","last_modified_date","av_change","bw_change","approx_length_flag",shape) VALUES ('0','1','605','49','1006050049','20.24000000','0','1','0',NULL,NULL,NULL,NULL,'0','0','0','0105000020D70800000100000001020000000300000000AF56F5A7F92D4100EA50A652220941007B7BDF7DF92D41005A58906722094100E4780D67F92D41007875E772220941');
INSERT INTO "tax_lot_face_scratch" ("tax_lot_face_type","boro","block","lot","bbl","lot_face_length","source","block_face_flag","lot_face_length_error","created_by","created_date","last_modified_by","last_modified_date","av_change","bw_change","approx_length_flag",shape) VALUES ('0','1','605','1','1006050001','83.92000000','0','1','0',NULL,NULL,NULL,NULL,'0','0','0','0105000020D70800000100000001020000000200000000E4780D67F92D41007875E772220941007233ABD4F82D41009E09A6BB220941');
INSERT INTO "tax_lot_face_scratch" ("tax_lot_face_type","boro","block","lot","bbl","lot_face_length","source","block_face_flag","lot_face_length_error","created_by","created_date","last_modified_by","last_modified_date","av_change","bw_change","approx_length_flag",shape) VALUES ('0','1','605','1','1006050001','3.17000000','0','0','0',NULL,NULL,NULL,NULL,'0','0','0','0105000020D70800000100000001020000000200000080360F2F69F92D41006A4CE19A22094100E4780D67F92D41007875E772220941');
INSERT INTO "tax_lot_face_scratch" ("tax_lot_face_type","boro","block","lot","bbl","lot_face_length","source","block_face_flag","lot_face_length_error","created_by","created_date","last_modified_by","last_modified_date","av_change","bw_change","approx_length_flag",shape) VALUES ('0','1','605','49','1006050049','3.17000000','0','0','0',NULL,NULL,NULL,NULL,'0','0','0','0105000020D70800000100000001020000000200000000E4780D67F92D41007875E77222094180360F2F69F92D41006A4CE19A220941');
INSERT INTO "tax_lot_face_scratch" ("tax_lot_face_type","boro","block","lot","bbl","lot_face_length","source","block_face_flag","lot_face_length_error","created_by","created_date","last_modified_by","last_modified_date","av_change","bw_change","approx_length_flag",shape) VALUES ('0','1','605','1','1006050001','3.85000000','0','0','0',NULL,NULL,NULL,NULL,'0','0','0','0105000020D7080000010000000102000000020000008088E59E6DF92D410026EE0AEE220941806412FD6BF92D4100A0AC71CF220941');
INSERT INTO "tax_lot_face_scratch" ("tax_lot_face_type","boro","block","lot","bbl","lot_face_length","source","block_face_flag","lot_face_length_error","created_by","created_date","last_modified_by","last_modified_date","av_change","bw_change","approx_length_flag",shape) VALUES ('0','1','605','49','1006050049','3.85000000','0','0','0',NULL,NULL,NULL,NULL,'0','0','0','0105000020D708000001000000010200000002000000806412FD6BF92D4100A0AC71CF2209418088E59E6DF92D410026EE0AEE220941');
INSERT INTO "tax_lot_face_scratch" ("tax_lot_face_type","boro","block","lot","bbl","lot_face_length","source","block_face_flag","lot_face_length_error","created_by","created_date","last_modified_by","last_modified_date","av_change","bw_change","approx_length_flag",shape) VALUES ('0','1','605','49','1006050049','6.79000000','0','0','0',NULL,NULL,NULL,NULL,'0','0','0','0105000020D70800000100000001020000000200000080360F2F69F92D41006A4CE19A220941806412FD6BF92D4100A0AC71CF220941');
INSERT INTO "tax_lot_face_scratch" ("tax_lot_face_type","boro","block","lot","bbl","lot_face_length","source","block_face_flag","lot_face_length_error","created_by","created_date","last_modified_by","last_modified_date","av_change","bw_change","approx_length_flag",shape) VALUES ('0','1','605','1','1006050001','6.79000000','0','0','0',NULL,NULL,NULL,NULL,'0','0','0','0105000020D708000001000000010200000002000000806412FD6BF92D4100A0AC71CF22094180360F2F69F92D41006A4CE19A220941');
INSERT INTO "tax_lot_face_scratch" ("tax_lot_face_type","boro","block","lot","bbl","lot_face_length","source","block_face_flag","lot_face_length_error","created_by","created_date","last_modified_by","last_modified_date","av_change","bw_change","approx_length_flag",shape) VALUES ('0','1','605','46','1006050046','65.58000000','0','0','0',NULL,NULL,NULL,NULL,'0','0','0','0105000020D70800000100000001020000000200000000B020D5F7F92D41003C5AF52A220941007C480008FA2D41002ED2563E240941');
INSERT INTO "tax_lot_face_scratch" ("tax_lot_face_type","boro","block","lot","bbl","lot_face_length","source","block_face_flag","lot_face_length_error","created_by","created_date","last_modified_by","last_modified_date","av_change","bw_change","approx_length_flag",shape) VALUES ('0','1','605','47','1006050047','65.58000000','0','0','0',NULL,NULL,NULL,NULL,'0','0','0','0105000020D70800000100000001020000000200000000B5370008FA2D41006CFC543E24094100B020D5F7F92D41003C5AF52A220941');
INSERT INTO "tax_lot_face_scratch" ("tax_lot_face_type","boro","block","lot","bbl","lot_face_length","source","block_face_flag","lot_face_length_error","created_by","created_date","last_modified_by","last_modified_date","av_change","bw_change","approx_length_flag",shape) VALUES ('0','1','605','47','1006050047','66.95000000','1','0','2',NULL,NULL,NULL,NULL,'0','0','0','0105000020D708000001000000010200000003000000800DA2BDCFF92D4100305DE13E22094100419C8FE0F92D4100B0F7AD672409410077F532E1F92D410056F0A67C240941');
INSERT INTO "tax_lot_face_scratch" ("tax_lot_face_type","boro","block","lot","bbl","lot_face_length","source","block_face_flag","lot_face_length_error","created_by","created_date","last_modified_by","last_modified_date","av_change","bw_change","approx_length_flag",shape) VALUES ('0','1','605','48','1006050048','66.95000000','1','0','2',NULL,NULL,NULL,NULL,'0','0','0','0105000020D708000001000000010200000004000000007F85D4E2F92D410026A741B22409410077F532E1F92D410056F0A67C24094100419C8FE0F92D4100B0F7AD67240941800DA2BDCFF92D4100305DE13E220941');
INSERT INTO "tax_lot_face_scratch" ("tax_lot_face_type","boro","block","lot","bbl","lot_face_length","source","block_face_flag","lot_face_length_error","created_by","created_date","last_modified_by","last_modified_date","av_change","bw_change","approx_length_flag",shape) VALUES ('0','1','605','48','1006050048','20.50000000','0','0','0',NULL,NULL,NULL,NULL,'0','0','0','0105000020D70800000100000001020000000200000080203A0CBBF92D4100E09A06C6240941007F85D4E2F92D410026A741B2240941');
INSERT INTO "tax_lot_face_scratch" ("tax_lot_face_type","boro","block","lot","bbl","lot_face_length","source","block_face_flag","lot_face_length_error","created_by","created_date","last_modified_by","last_modified_date","av_change","bw_change","approx_length_flag",shape) VALUES ('0','1','605','48','1006050048','20.00000000','0','1','0',NULL,NULL,NULL,NULL,'0','0','0','0105000020D708000001000000010200000002000000800DA2BDCFF92D4100305DE13E22094100AF56F5A7F92D4100EA50A652220941');
INSERT INTO "tax_lot_face_scratch" ("tax_lot_face_type","boro","block","lot","bbl","lot_face_length","source","block_face_flag","lot_face_length_error","created_by","created_date","last_modified_by","last_modified_date","av_change","bw_change","approx_length_flag",shape) VALUES ('0','1','605','33','1006050033','125.00000000','0','0','0',NULL,NULL,NULL,NULL,'0','0','0','0105000020D708000001000000010200000004000000008E2108F5F92D4100ECE2730827094180F624B8F6F92D4100C270EB3F270941004968D3F6F92D4100F8B56B432709410073310E13FA2D4100F22234E32A0941');
INSERT INTO "tax_lot_face_scratch" ("tax_lot_face_type","boro","block","lot","bbl","lot_face_length","source","block_face_flag","lot_face_length_error","created_by","created_date","last_modified_by","last_modified_date","av_change","bw_change","approx_length_flag",shape) VALUES ('0','1','605','38','1006050038','125.00000000','0','0','0',NULL,NULL,NULL,NULL,'0','0','0','0105000020D708000001000000010200000002000000008E2108F5F92D4100ECE27308270941807C0956F2FA2D4100B292938A260941');
INSERT INTO "tax_lot_face_scratch" ("tax_lot_face_type","boro","block","lot","bbl","lot_face_length","source","block_face_flag","lot_face_length_error","created_by","created_date","last_modified_by","last_modified_date","av_change","bw_change","approx_length_flag",shape) VALUES ('0','1','605','38','1006050038','39.10000000','0','0','0',NULL,NULL,NULL,NULL,'0','0','0','0105000020D70800000100000001020000000200000000C6FB79E4F92D410018D141E82409410070844D34FA2D4100D09E96C0240941');
INSERT INTO "tax_lot_face_scratch" ("tax_lot_face_type","boro","block","lot","bbl","lot_face_length","source","block_face_flag","lot_face_length_error","created_by","created_date","last_modified_by","last_modified_date","av_change","bw_change","approx_length_flag",shape) VALUES ('0','1','605','38','1006050038','6.75000000','0','0','0',NULL,NULL,NULL,NULL,'0','0','0','0105000020D70800000100000001020000000200000000419C8FE0F92D4100B0F7AD67240941007F85D4E2F92D410026A741B2240941');
INSERT INTO "tax_lot_face_scratch" ("tax_lot_face_type","boro","block","lot","bbl","lot_face_length","source","block_face_flag","lot_face_length_error","created_by","created_date","last_modified_by","last_modified_date","av_change","bw_change","approx_length_flag",shape) VALUES ('0','1','605','38','1006050038','35.67000000','0','0','0',NULL,NULL,NULL,NULL,'0','0','0','0105000020D708000001000000010200000002000000007F85D4E2F92D410026A741B22409410096FF9895F92D410060CFA2D8240941');
INSERT INTO "tax_lot_face_scratch" ("tax_lot_face_type","boro","block","lot","bbl","lot_face_length","source","block_face_flag","lot_face_length_error","created_by","created_date","last_modified_by","last_modified_date","av_change","bw_change","approx_length_flag",shape) VALUES ('0','1','605','38','1006050038','7.33000000','0','0','0',NULL,NULL,NULL,NULL,'0','0','0','0105000020D70800000100000001020000000200000080F624B8F6F92D4100C270EB3F270941008E2108F5F92D4100ECE27308270941');
INSERT INTO "tax_lot_face_scratch" ("tax_lot_face_type","boro","block","lot","bbl","lot_face_length","source","block_face_flag","lot_face_length_error","created_by","created_date","last_modified_by","last_modified_date","av_change","bw_change","approx_length_flag",shape) VALUES ('0','1','605','38','1006050038','27.20000000','0','0','0',NULL,NULL,NULL,NULL,'0','0','0','0105000020D7080000010000000102000000020000000096FF9895F92D410060CFA2D824094180F9EB1DA5F92D41009410B097250941');
INSERT INTO "tax_lot_face_scratch" ("tax_lot_face_type","boro","block","lot","bbl","lot_face_length","source","block_face_flag","lot_face_length_error","created_by","created_date","last_modified_by","last_modified_date","av_change","bw_change","approx_length_flag",shape) VALUES ('0','1','605','38','1006050038','5.30000000','0','0','0',NULL,NULL,NULL,NULL,'0','0','0','0105000020D70800000100000001020000000200000080B03222B6F92D4100961CB4B82609418094B6C0ABF92D4100FCF547C1260941');
INSERT INTO "tax_lot_face_scratch" ("tax_lot_face_type","boro","block","lot","bbl","lot_face_length","source","block_face_flag","lot_face_length_error","created_by","created_date","last_modified_by","last_modified_date","av_change","bw_change","approx_length_flag",shape) VALUES ('0','1','605','38','1006050038','34.12000000','0','0','0',NULL,NULL,NULL,NULL,'0','0','0','0105000020D7080000010000000102000000020000000029ECAAEDF92D4100FEC5701626094100C6FB79E4F92D410018D141E8240941');
INSERT INTO "tax_lot_face_scratch" ("tax_lot_face_type","boro","block","lot","bbl","lot_face_length","source","block_face_flag","lot_face_length_error","created_by","created_date","last_modified_by","last_modified_date","av_change","bw_change","approx_length_flag",shape) VALUES ('0','1','605','38','1006050038','18.43000000','0','0','0',NULL,NULL,NULL,NULL,'0','0','0','0105000020D7080000010000000102000000020000000070844D34FA2D4100D09E96C024094100539D162FFA2D410054053515240941');
INSERT INTO "tax_lot_face_scratch" ("tax_lot_face_type","boro","block","lot","bbl","lot_face_length","source","block_face_flag","lot_face_length_error","created_by","created_date","last_modified_by","last_modified_date","av_change","bw_change","approx_length_flag",shape) VALUES ('0','1','605','8','1006050008','123.57000000','0','1','0',NULL,NULL,NULL,NULL,'0','0','0','0105000020D7080000010000000102000000020000008089DEB16DF92D41008C2A8FEF2D094180EA0FD55FFA2D4100BC3274B52E0941');
INSERT INTO "tax_lot_face_scratch" ("tax_lot_face_type","boro","block","lot","bbl","lot_face_length","source","block_face_flag","lot_face_length_error","created_by","created_date","last_modified_by","last_modified_date","av_change","bw_change","approx_length_flag",shape) VALUES ('0','1','605','31','1006050031','40.00000000','0','0','0',NULL,NULL,NULL,NULL,'0','0','0','0105000020D7080000010000000102000000020000008014F9368AFA2D4100CC7959142D09418058294580FA2D4100905A82CD2B0941');
INSERT INTO "tax_lot_face_scratch" ("tax_lot_face_type","boro","block","lot","bbl","lot_face_length","source","block_face_flag","lot_face_length_error","created_by","created_date","last_modified_by","last_modified_date","av_change","bw_change","approx_length_flag",shape) VALUES ('0','1','605','8','1006050008','71.25000000','0','0','0',NULL,NULL,NULL,NULL,'0','0','0','0105000020D70800000100000001020000000200000080FB105C78FA2D41009E8F37C22E09410098CD2467FA2D4100CE5A648C2C0941');
INSERT INTO "tax_lot_face_scratch" ("tax_lot_face_type","boro","block","lot","bbl","lot_face_length","source","block_face_flag","lot_face_length_error","created_by","created_date","last_modified_by","last_modified_date","av_change","bw_change","approx_length_flag",shape) VALUES ('0','1','605','8','1006050008','14.49000000','0','0','0',NULL,NULL,NULL,NULL,'0','0','0','0105000020D7080000010000000102000000020000000098CD2467FA2D4100CE5A648C2C094100150B8454FA2D4100C89E97332C0941');
INSERT INTO "tax_lot_face_scratch" ("tax_lot_face_type","boro","block","lot","bbl","lot_face_length","source","block_face_flag","lot_face_length_error","created_by","created_date","last_modified_by","last_modified_date","av_change","bw_change","approx_length_flag",shape) VALUES ('0','1','605','31','1006050031','75.00000000','0','0','0',NULL,NULL,NULL,NULL,'0','0','0','0105000020D7080000010000000102000000020000008058294580FA2D4100905A82CD2B094180828F0219FB2D410058B79B812B0941');
INSERT INTO "tax_lot_face_scratch" ("tax_lot_face_type","boro","block","lot","bbl","lot_face_length","source","block_face_flag","lot_face_length_error","created_by","created_date","last_modified_by","last_modified_date","av_change","bw_change","approx_length_flag",shape) VALUES ('0','1','605','31','1006050031','36.00000000','0','0','0',NULL,NULL,NULL,NULL,'0','0','0','0105000020D70800000100000001020000000200000080828F0219FB2D410058B79B812B094180EF3A5C10FB2D4100F05854652A0941');
INSERT INTO "tax_lot_face_scratch" ("tax_lot_face_type","boro","block","lot","bbl","lot_face_length","source","block_face_flag","lot_face_length_error","created_by","created_date","last_modified_by","last_modified_date","av_change","bw_change","approx_length_flag",shape) VALUES ('0','1','605','31','1006050031','125.00000000','0','0','0',NULL,NULL,NULL,NULL,'0','0','0','0105000020D70800000100000001020000000200000080EF3A5C10FB2D4100F05854652A09410073310E13FA2D4100F22234E32A0941');
INSERT INTO "tax_lot_face_scratch" ("tax_lot_face_type","boro","block","lot","bbl","lot_face_length","source","block_face_flag","lot_face_length_error","created_by","created_date","last_modified_by","last_modified_date","av_change","bw_change","approx_length_flag",shape) VALUES ('0','1','605','31','1006050031','117.68000000','0','0','0',NULL,NULL,NULL,NULL,'0','0','0','0105000020D7080000010000000102000000020000000073310E13FA2D4100F22234E32A094180F624B8F6F92D4100C270EB3F270941');
INSERT INTO "tax_lot_face_scratch" ("tax_lot_face_type","boro","block","lot","bbl","lot_face_length","source","block_face_flag","lot_face_length_error","created_by","created_date","last_modified_by","last_modified_date","av_change","bw_change","approx_length_flag",shape) VALUES ('0','1','605','8','1006050008','3.13000000','0','0','0',NULL,NULL,NULL,NULL,'0','0','0','0105000020D70800000100000001020000000200000080A2005997F92D41002ABF10A32509410088981A98F92D4100BC07ECBB250941');
INSERT INTO "tax_lot_face_scratch" ("tax_lot_face_type","boro","block","lot","bbl","lot_face_length","source","block_face_flag","lot_face_length_error","created_by","created_date","last_modified_by","last_modified_date","av_change","bw_change","approx_length_flag",shape) VALUES ('0','1','605','8','1006050008','20.00000000','0','0','0',NULL,NULL,NULL,NULL,'0','0','0','0105000020D70800000100000001020000000200000000150B8454FA2D4100C89E97332C0941808529D22CFA2D4100D44C51472C0941');
INSERT INTO "tax_lot_face_scratch" ("tax_lot_face_type","boro","block","lot","bbl","lot_face_length","source","block_face_flag","lot_face_length_error","created_by","created_date","last_modified_by","last_modified_date","av_change","bw_change","approx_length_flag",shape) VALUES ('0','1','605','8','1006050008','22.91000000','0','0','0',NULL,NULL,NULL,NULL,'0','0','0','0105000020D708000001000000010200000002000000808529D22CFA2D4100D44C51472C094100F81DCB18FA2D4100FCC329EC2C0941');
INSERT INTO "tax_lot_face_scratch" ("tax_lot_face_type","boro","block","lot","bbl","lot_face_length","source","block_face_flag","lot_face_length_error","created_by","created_date","last_modified_by","last_modified_date","av_change","bw_change","approx_length_flag",shape) VALUES ('0','1','605','8','1006050008','15.41000000','0','0','0',NULL,NULL,NULL,NULL,'0','0','0','0105000020D70800000100000001020000000200000000F81DCB18FA2D4100FCC329EC2C0941809C172F01FA2D4100FCE8673B2D0941');
INSERT INTO "tax_lot_face_scratch" ("tax_lot_face_type","boro","block","lot","bbl","lot_face_length","source","block_face_flag","lot_face_length_error","created_by","created_date","last_modified_by","last_modified_date","av_change","bw_change","approx_length_flag",shape) VALUES ('0','1','605','8','1006050008','8.77000000','0','0','0',NULL,NULL,NULL,NULL,'0','0','0','0105000020D7080000010000000102000000020000000088981A98F92D4100BC07ECBB25094180F2FE47A9F92D4100C473BAAD250941');
INSERT INTO "tax_lot_face_scratch" ("tax_lot_face_type","boro","block","lot","bbl","lot_face_length","source","block_face_flag","lot_face_length_error","created_by","created_date","last_modified_by","last_modified_date","av_change","bw_change","approx_length_flag",shape) VALUES ('0','1','605','8','1006050008','11.82000000','0','0','0',NULL,NULL,NULL,NULL,'0','0','0','0105000020D70800000100000001020000000200000080F2FE47A9F92D4100C473BAAD25094100321996B0F92D4100A6FCA807260941');
INSERT INTO "tax_lot_face_scratch" ("tax_lot_face_type","boro","block","lot","bbl","lot_face_length","source","block_face_flag","lot_face_length_error","created_by","created_date","last_modified_by","last_modified_date","av_change","bw_change","approx_length_flag",shape) VALUES ('0','1','605','8','1006050008','7.56000000','0','0','0',NULL,NULL,NULL,NULL,'0','0','0','0105000020D70800000100000001020000000200000080D98F1CC2F92D4100D646794F26094100E6E44DB3F92D4100A8A2B55B260941');
INSERT INTO "tax_lot_face_scratch" ("tax_lot_face_type","boro","block","lot","bbl","lot_face_length","source","block_face_flag","lot_face_length_error","created_by","created_date","last_modified_by","last_modified_date","av_change","bw_change","approx_length_flag",shape) VALUES ('0','1','605','38','1006050038','11.71000000','0','0','0',NULL,NULL,NULL,NULL,'0','0','0','0105000020D70800000100000001020000000200000080B03222B6F92D4100961CB4B826094100E6E44DB3F92D4100A8A2B55B260941');
INSERT INTO "tax_lot_face_scratch" ("tax_lot_face_type","boro","block","lot","bbl","lot_face_length","source","block_face_flag","lot_face_length_error","created_by","created_date","last_modified_by","last_modified_date","av_change","bw_change","approx_length_flag",shape) VALUES ('0','1','605','8','1006050008','2.90000000','0','0','0',NULL,NULL,NULL,NULL,'0','0','0','0105000020D70800000100000001020000000200000080351E74ACF92D4100E6B54FD82609418094B6C0ABF92D4100FCF547C1260941');
INSERT INTO "tax_lot_face_scratch" ("tax_lot_face_type","boro","block","lot","bbl","lot_face_length","source","block_face_flag","lot_face_length_error","created_by","created_date","last_modified_by","last_modified_date","av_change","bw_change","approx_length_flag",shape) VALUES ('0','1','605','31','1006050031','108.30000000','0','1','0',NULL,NULL,NULL,NULL,'0','0','0','0105000020D70800000100000001020000000200000080EA0FD55FFA2D4100BC3274B52E094180AD515037FB2D4100D61D90652F0941');
INSERT INTO "tax_lot_face_scratch" ("tax_lot_face_type","boro","block","lot","bbl","lot_face_length","source","block_face_flag","lot_face_length_error","created_by","created_date","last_modified_by","last_modified_date","av_change","bw_change","approx_length_flag",shape) VALUES ('0','1','605','38','1006050038','3.31000000','0','0','0',NULL,NULL,NULL,NULL,'0','0','0','0105000020D70800000100000001020000000200000080351E74ACF92D4100E6B54FD826094180366BF8A5F92D4100EA1DABDD260941');
INSERT INTO "tax_lot_face_scratch" ("tax_lot_face_type","boro","block","lot","bbl","lot_face_length","source","block_face_flag","lot_face_length_error","created_by","created_date","last_modified_by","last_modified_date","av_change","bw_change","approx_length_flag",shape) VALUES ('0','1','605','8','1006050008','5.30000000','0','0','0',NULL,NULL,NULL,NULL,'0','0','0','0105000020D7080000010000000102000000020000008094B6C0ABF92D4100FCF547C126094180B03222B6F92D4100961CB4B8260941');
INSERT INTO "tax_lot_face_scratch" ("tax_lot_face_type","boro","block","lot","bbl","lot_face_length","source","block_face_flag","lot_face_length_error","created_by","created_date","last_modified_by","last_modified_date","av_change","bw_change","approx_length_flag",shape) VALUES ('0','1','605','8','1006050008','11.71000000','0','0','0',NULL,NULL,NULL,NULL,'0','0','0','0105000020D70800000100000001020000000200000000E6E44DB3F92D4100A8A2B55B26094180B03222B6F92D4100961CB4B8260941');
INSERT INTO "tax_lot_face_scratch" ("tax_lot_face_type","boro","block","lot","bbl","lot_face_length","source","block_face_flag","lot_face_length_error","created_by","created_date","last_modified_by","last_modified_date","av_change","bw_change","approx_length_flag",shape) VALUES ('0','1','605','38','1006050038','7.56000000','0','0','0',NULL,NULL,NULL,NULL,'0','0','0','0105000020D70800000100000001020000000200000000E6E44DB3F92D4100A8A2B55B26094180D98F1CC2F92D4100D646794F260941');
INSERT INTO "tax_lot_face_scratch" ("tax_lot_face_type","boro","block","lot","bbl","lot_face_length","source","block_face_flag","lot_face_length_error","created_by","created_date","last_modified_by","last_modified_date","av_change","bw_change","approx_length_flag",shape) VALUES ('0','1','605','8','1006050008','10.60000000','0','0','0',NULL,NULL,NULL,NULL,'0','0','0','0105000020D7080000010000000102000000020000000031E88CBFF92D41008E774BFB25094180D98F1CC2F92D4100D646794F260941');
INSERT INTO "tax_lot_face_scratch" ("tax_lot_face_type","boro","block","lot","bbl","lot_face_length","source","block_face_flag","lot_face_length_error","created_by","created_date","last_modified_by","last_modified_date","av_change","bw_change","approx_length_flag",shape) VALUES ('0','1','605','38','1006050038','11.82000000','0','0','0',NULL,NULL,NULL,NULL,'0','0','0','0105000020D70800000100000001020000000200000000321996B0F92D4100A6FCA80726094180F2FE47A9F92D4100C473BAAD250941');
INSERT INTO "tax_lot_face_scratch" ("tax_lot_face_type","boro","block","lot","bbl","lot_face_length","source","block_face_flag","lot_face_length_error","created_by","created_date","last_modified_by","last_modified_date","av_change","bw_change","approx_length_flag",shape) VALUES ('0','1','605','38','1006050038','8.77000000','0','0','0',NULL,NULL,NULL,NULL,'0','0','0','0105000020D70800000100000001020000000200000080F2FE47A9F92D4100C473BAAD2509410088981A98F92D4100BC07ECBB250941');
INSERT INTO "tax_lot_face_scratch" ("tax_lot_face_type","boro","block","lot","bbl","lot_face_length","source","block_face_flag","lot_face_length_error","created_by","created_date","last_modified_by","last_modified_date","av_change","bw_change","approx_length_flag",shape) VALUES ('0','1','605','38','1006050038','3.13000000','0','0','0',NULL,NULL,NULL,NULL,'0','0','0','0105000020D7080000010000000102000000020000000088981A98F92D4100BC07ECBB25094180A2005997F92D41002ABF10A3250941');
INSERT INTO "tax_lot_face_scratch" ("tax_lot_face_type","boro","block","lot","bbl","lot_face_length","source","block_face_flag","lot_face_length_error","created_by","created_date","last_modified_by","last_modified_date","av_change","bw_change","approx_length_flag",shape) VALUES ('0','1','605','31','1006050031','17.16000000','0','0','0',NULL,NULL,NULL,NULL,'0','0','0','0105000020D70800000100000001020000000200000080366BF8A5F92D4100EA1DABDD26094100C8E71DAAF92D41001A5FF165270941');
INSERT INTO "tax_lot_face_scratch" ("tax_lot_face_type","boro","block","lot","bbl","lot_face_length","source","block_face_flag","lot_face_length_error","created_by","created_date","last_modified_by","last_modified_date","av_change","bw_change","approx_length_flag",shape) VALUES ('0','1','605','8','1006050008','1.02000000','0','0','0',NULL,NULL,NULL,NULL,'0','0','0','0105000020D70800000100000001020000000200000080EA0FD55FFA2D4100BC3274B52E094180D6B32861FA2D4100C87041AF2E0941');
INSERT INTO "tax_lot_face_scratch" ("tax_lot_face_type","boro","block","lot","bbl","lot_face_length","source","block_face_flag","lot_face_length_error","created_by","created_date","last_modified_by","last_modified_date","av_change","bw_change","approx_length_flag",shape) VALUES ('0','1','605','8','1006050008','68.02000000','0','0','0',NULL,NULL,NULL,NULL,'0','0','0','0105000020D708000001000000010200000002000000809C172F01FA2D4100FCE8673B2D094180E8793F99F92D4100C0C64FDC2B0941');
INSERT INTO "tax_lot_face_scratch" ("tax_lot_face_type","boro","block","lot","bbl","lot_face_length","source","block_face_flag","lot_face_length_error","created_by","created_date","last_modified_by","last_modified_date","av_change","bw_change","approx_length_flag",shape) VALUES ('0','1','605','8','1006050008','57.44000000','0','0','0',NULL,NULL,NULL,NULL,'0','0','0','0105000020D70800000100000001020000000200000080E8793F99F92D4100C0C64FDC2B094100BF92B37DF92D4100AA4F5A112A0941');
INSERT INTO "tax_lot_face_scratch" ("tax_lot_face_type","boro","block","lot","bbl","lot_face_length","source","block_face_flag","lot_face_length_error","created_by","created_date","last_modified_by","last_modified_date","av_change","bw_change","approx_length_flag",shape) VALUES ('0','1','605','8','1006050008','70.07000000','0','0','0',NULL,NULL,NULL,NULL,'0','0','0','0105000020D70800000100000001020000000200000000EB850A9DF92D41005AF3CB012A094100EFBE327CF92D410022D7C3C8270941');
INSERT INTO "tax_lot_face_scratch" ("tax_lot_face_type","boro","block","lot","bbl","lot_face_length","source","block_face_flag","lot_face_length_error","created_by","created_date","last_modified_by","last_modified_date","av_change","bw_change","approx_length_flag",shape) VALUES ('0','1','605','8','1006050008','19.77000000','0','0','0',NULL,NULL,NULL,NULL,'0','0','0','0105000020D70800000100000001020000000200000080C10E6B81F92D4100287C2CC6270941002B09587CF92D41000095671F270941');
INSERT INTO "tax_lot_face_scratch" ("tax_lot_face_type","boro","block","lot","bbl","lot_face_length","source","block_face_flag","lot_face_length_error","created_by","created_date","last_modified_by","last_modified_date","av_change","bw_change","approx_length_flag",shape) VALUES ('0','1','605','8','1006050008','5.37000000','0','0','0',NULL,NULL,NULL,NULL,'0','0','0','0105000020D708000001000000010200000002000000002B09587CF92D41000095671F270941007A9DDC86F92D4100F680B616270941');
INSERT INTO "tax_lot_face_scratch" ("tax_lot_face_type","boro","block","lot","bbl","lot_face_length","source","block_face_flag","lot_face_length_error","created_by","created_date","last_modified_by","last_modified_date","av_change","bw_change","approx_length_flag",shape) VALUES ('0','1','605','8','1006050008','3.43000000','0','0','0',NULL,NULL,NULL,NULL,'0','0','0','0105000020D708000001000000010200000002000000007A9DDC86F92D4100F680B61627094180F11D0486F92D410082FFEAFA260941');
INSERT INTO "tax_lot_face_scratch" ("tax_lot_face_type","boro","block","lot","bbl","lot_face_length","source","block_face_flag","lot_face_length_error","created_by","created_date","last_modified_by","last_modified_date","av_change","bw_change","approx_length_flag",shape) VALUES ('0','1','605','8','1006050008','8.91000000','0','0','0',NULL,NULL,NULL,NULL,'0','0','0','0105000020D70800000100000001020000000200000080F11D0486F92D410082FFEAFA26094180C2B47797F92D4100EE5A7FEC260941');
INSERT INTO "tax_lot_face_scratch" ("tax_lot_face_type","boro","block","lot","bbl","lot_face_length","source","block_face_flag","lot_face_length_error","created_by","created_date","last_modified_by","last_modified_date","av_change","bw_change","approx_length_flag",shape) VALUES ('0','1','605','8','1006050008','3.43000000','0','0','0',NULL,NULL,NULL,NULL,'0','0','0','0105000020D70800000100000001020000000200000080C2B47797F92D4100EE5A7FEC2609410051EE4698F92D4100C6FC1907270941');
INSERT INTO "tax_lot_face_scratch" ("tax_lot_face_type","boro","block","lot","bbl","lot_face_length","source","block_face_flag","lot_face_length_error","created_by","created_date","last_modified_by","last_modified_date","av_change","bw_change","approx_length_flag",shape) VALUES ('0','1','605','8','1006050008','5.33000000','0','0','0',NULL,NULL,NULL,NULL,'0','0','0','0105000020D7080000010000000102000000020000000051EE4698F92D4100C6FC1907270941005D8431A3F92D410038DAAE01270941');
INSERT INTO "tax_lot_face_scratch" ("tax_lot_face_type","boro","block","lot","bbl","lot_face_length","source","block_face_flag","lot_face_length_error","created_by","created_date","last_modified_by","last_modified_date","av_change","bw_change","approx_length_flag",shape) VALUES ('0','1','605','8','1006050008','3.35000000','0','0','0',NULL,NULL,NULL,NULL,'0','0','0','0105000020D708000001000000010200000002000000005D8431A3F92D410038DAAE01270941008E352BA2F92D410092EC4EE0260941');
INSERT INTO "tax_lot_face_scratch" ("tax_lot_face_type","boro","block","lot","bbl","lot_face_length","source","block_face_flag","lot_face_length_error","created_by","created_date","last_modified_by","last_modified_date","av_change","bw_change","approx_length_flag",shape) VALUES ('0','1','605','31','1006050031','1.54000000','0','0','0',NULL,NULL,NULL,NULL,'0','0','0','0105000020D70800000100000001020000000200000080366BF8A5F92D4100EA1DABDD260941008E352BA2F92D410092EC4EE0260941');
INSERT INTO "tax_lot_face_scratch" ("tax_lot_face_type","boro","block","lot","bbl","lot_face_length","source","block_face_flag","lot_face_length_error","created_by","created_date","last_modified_by","last_modified_date","av_change","bw_change","approx_length_flag",shape) VALUES ('0','1','605','31','1006050031','85.61000000','0','1','0',NULL,NULL,NULL,NULL,'0','0','0','0105000020D70800000100000001020000000200000080AD515037FB2D4100D61D90652F094100CC80F422FB2D410094D672C82C0941');
INSERT INTO "tax_lot_face_scratch" ("tax_lot_face_type","boro","block","lot","bbl","lot_face_length","source","block_face_flag","lot_face_length_error","created_by","created_date","last_modified_by","last_modified_date","av_change","bw_change","approx_length_flag",shape) VALUES ('0','1','605','31','1006050031','36.87000000','0','0','0',NULL,NULL,NULL,NULL,'0','0','0','0105000020D70800000100000001020000000200000000C8E71DAAF92D41001A5FF16527094180F624B8F6F92D4100C270EB3F270941');
INSERT INTO "tax_lot_face_scratch" ("tax_lot_face_type","boro","block","lot","bbl","lot_face_length","source","block_face_flag","lot_face_length_error","created_by","created_date","last_modified_by","last_modified_date","av_change","bw_change","approx_length_flag",shape) VALUES ('0','1','605','31','1006050031','3.35000000','0','0','0',NULL,NULL,NULL,NULL,'0','0','0','0105000020D708000001000000010200000002000000008E352BA2F92D410092EC4EE0260941005D8431A3F92D410038DAAE01270941');
INSERT INTO "tax_lot_face_scratch" ("tax_lot_face_type","boro","block","lot","bbl","lot_face_length","source","block_face_flag","lot_face_length_error","created_by","created_date","last_modified_by","last_modified_date","av_change","bw_change","approx_length_flag",shape) VALUES ('0','1','605','31','1006050031','5.33000000','0','0','0',NULL,NULL,NULL,NULL,'0','0','0','0105000020D708000001000000010200000002000000005D8431A3F92D410038DAAE012709410051EE4698F92D4100C6FC1907270941');
INSERT INTO "tax_lot_face_scratch" ("tax_lot_face_type","boro","block","lot","bbl","lot_face_length","source","block_face_flag","lot_face_length_error","created_by","created_date","last_modified_by","last_modified_date","av_change","bw_change","approx_length_flag",shape) VALUES ('0','1','605','31','1006050031','3.43000000','0','0','0',NULL,NULL,NULL,NULL,'0','0','0','0105000020D7080000010000000102000000020000000051EE4698F92D4100C6FC190727094180C2B47797F92D4100EE5A7FEC260941');
INSERT INTO "tax_lot_face_scratch" ("tax_lot_face_type","boro","block","lot","bbl","lot_face_length","source","block_face_flag","lot_face_length_error","created_by","created_date","last_modified_by","last_modified_date","av_change","bw_change","approx_length_flag",shape) VALUES ('0','1','605','31','1006050031','8.91000000','0','0','0',NULL,NULL,NULL,NULL,'0','0','0','0105000020D70800000100000001020000000200000080C2B47797F92D4100EE5A7FEC26094180F11D0486F92D410082FFEAFA260941');
INSERT INTO "tax_lot_face_scratch" ("tax_lot_face_type","boro","block","lot","bbl","lot_face_length","source","block_face_flag","lot_face_length_error","created_by","created_date","last_modified_by","last_modified_date","av_change","bw_change","approx_length_flag",shape) VALUES ('0','1','605','31','1006050031','3.43000000','0','0','0',NULL,NULL,NULL,NULL,'0','0','0','0105000020D70800000100000001020000000200000080F11D0486F92D410082FFEAFA260941007A9DDC86F92D4100F680B616270941');
INSERT INTO "tax_lot_face_scratch" ("tax_lot_face_type","boro","block","lot","bbl","lot_face_length","source","block_face_flag","lot_face_length_error","created_by","created_date","last_modified_by","last_modified_date","av_change","bw_change","approx_length_flag",shape) VALUES ('0','1','605','31','1006050031','5.37000000','0','0','0',NULL,NULL,NULL,NULL,'0','0','0','0105000020D708000001000000010200000002000000007A9DDC86F92D4100F680B616270941002B09587CF92D41000095671F270941');
INSERT INTO "tax_lot_face_scratch" ("tax_lot_face_type","boro","block","lot","bbl","lot_face_length","source","block_face_flag","lot_face_length_error","created_by","created_date","last_modified_by","last_modified_date","av_change","bw_change","approx_length_flag",shape) VALUES ('0','1','605','31','1006050031','19.77000000','0','0','0',NULL,NULL,NULL,NULL,'0','0','0','0105000020D708000001000000010200000002000000002B09587CF92D41000095671F27094180C10E6B81F92D4100287C2CC6270941');
INSERT INTO "tax_lot_face_scratch" ("tax_lot_face_type","boro","block","lot","bbl","lot_face_length","source","block_face_flag","lot_face_length_error","created_by","created_date","last_modified_by","last_modified_date","av_change","bw_change","approx_length_flag",shape) VALUES ('0','1','605','31','1006050031','2.63000000','0','0','0',NULL,NULL,NULL,NULL,'0','0','0','0105000020D70800000100000001020000000200000080C10E6B81F92D4100287C2CC627094100EFBE327CF92D410022D7C3C8270941');
INSERT INTO "tax_lot_face_scratch" ("tax_lot_face_type","boro","block","lot","bbl","lot_face_length","source","block_face_flag","lot_face_length_error","created_by","created_date","last_modified_by","last_modified_date","av_change","bw_change","approx_length_flag",shape) VALUES ('0','1','605','31','1006050031','70.07000000','0','0','0',NULL,NULL,NULL,NULL,'0','0','0','0105000020D70800000100000001020000000200000000EFBE327CF92D410022D7C3C827094100EB850A9DF92D41005AF3CB012A0941');
INSERT INTO "tax_lot_face_scratch" ("tax_lot_face_type","boro","block","lot","bbl","lot_face_length","source","block_face_flag","lot_face_length_error","created_by","created_date","last_modified_by","last_modified_date","av_change","bw_change","approx_length_flag",shape) VALUES ('0','1','605','31','1006050031','68.02000000','0','0','0',NULL,NULL,NULL,NULL,'0','0','0','0105000020D70800000100000001020000000200000080E8793F99F92D4100C0C64FDC2B0941809C172F01FA2D4100FCE8673B2D0941');
INSERT INTO "tax_lot_face_scratch" ("tax_lot_face_type","boro","block","lot","bbl","lot_face_length","source","block_face_flag","lot_face_length_error","created_by","created_date","last_modified_by","last_modified_date","av_change","bw_change","approx_length_flag",shape) VALUES ('0','1','605','31','1006050031','15.41000000','0','0','0',NULL,NULL,NULL,NULL,'0','0','0','0105000020D708000001000000010200000002000000809C172F01FA2D4100FCE8673B2D094100F81DCB18FA2D4100FCC329EC2C0941');
INSERT INTO "tax_lot_face_scratch" ("tax_lot_face_type","boro","block","lot","bbl","lot_face_length","source","block_face_flag","lot_face_length_error","created_by","created_date","last_modified_by","last_modified_date","av_change","bw_change","approx_length_flag",shape) VALUES ('0','1','605','31','1006050031','22.91000000','0','0','0',NULL,NULL,NULL,NULL,'0','0','0','0105000020D70800000100000001020000000200000000F81DCB18FA2D4100FCC329EC2C0941808529D22CFA2D4100D44C51472C0941');
INSERT INTO "tax_lot_face_scratch" ("tax_lot_face_type","boro","block","lot","bbl","lot_face_length","source","block_face_flag","lot_face_length_error","created_by","created_date","last_modified_by","last_modified_date","av_change","bw_change","approx_length_flag",shape) VALUES ('0','1','605','31','1006050031','20.00000000','0','0','0',NULL,NULL,NULL,NULL,'0','0','0','0105000020D708000001000000010200000002000000808529D22CFA2D4100D44C51472C094100150B8454FA2D4100C89E97332C0941');
INSERT INTO "tax_lot_face_scratch" ("tax_lot_face_type","boro","block","lot","bbl","lot_face_length","source","block_face_flag","lot_face_length_error","created_by","created_date","last_modified_by","last_modified_date","av_change","bw_change","approx_length_flag",shape) VALUES ('0','1','605','31','1006050031','14.49000000','0','0','0',NULL,NULL,NULL,NULL,'0','0','0','0105000020D70800000100000001020000000200000000150B8454FA2D4100C89E97332C09410098CD2467FA2D4100CE5A648C2C0941');
INSERT INTO "tax_lot_face_scratch" ("tax_lot_face_type","boro","block","lot","bbl","lot_face_length","source","block_face_flag","lot_face_length_error","created_by","created_date","last_modified_by","last_modified_date","av_change","bw_change","approx_length_flag",shape) VALUES ('0','1','605','31','1006050031','11.84000000','0','0','0',NULL,NULL,NULL,NULL,'0','0','0','0105000020D70800000100000001020000000200000080FB105C78FA2D41009E8F37C22E094180D6B32861FA2D4100C87041AF2E0941');
INSERT INTO "tax_lot_face_scratch" ("tax_lot_face_type","boro","block","lot","bbl","lot_face_length","source","block_face_flag","lot_face_length_error","created_by","created_date","last_modified_by","last_modified_date","av_change","bw_change","approx_length_flag",shape) VALUES ('0','1','605','31','1006050031','1.02000000','0','0','0',NULL,NULL,NULL,NULL,'0','0','0','0105000020D70800000100000001020000000200000080D6B32861FA2D4100C87041AF2E094180EA0FD55FFA2D4100BC3274B52E0941');
INSERT INTO "tax_lot_face_scratch" ("tax_lot_face_type","boro","block","lot","bbl","lot_face_length","source","block_face_flag","lot_face_length_error","created_by","created_date","last_modified_by","last_modified_date","av_change","bw_change","approx_length_flag",shape) VALUES ('0','1','605','8','1006050008','75.80000000','0','0','0',NULL,NULL,NULL,NULL,'0','0','0','0105000020D70800000100000001020000000200000080A2005997F92D41002ABF10A32509410009E4E102F92D4100A0E8BE1D260941');
INSERT INTO "tax_lot_face_scratch" ("tax_lot_face_type","boro","block","lot","bbl","lot_face_length","source","block_face_flag","lot_face_length_error","created_by","created_date","last_modified_by","last_modified_date","av_change","bw_change","approx_length_flag",shape) VALUES ('0','1','605','31','1006050031','15.79000000','0','0','0',NULL,NULL,NULL,NULL,'0','0','0','0105000020D70800000100000001020000000200000000EB850A9DF92D41005AF3CB012A094100BF92B37DF92D4100AA4F5A112A0941');
INSERT INTO "tax_lot_face_scratch" ("tax_lot_face_type","boro","block","lot","bbl","lot_face_length","source","block_face_flag","lot_face_length_error","created_by","created_date","last_modified_by","last_modified_date","av_change","bw_change","approx_length_flag",shape) VALUES ('0','1','605','31','1006050031','71.25000000','0','0','0',NULL,NULL,NULL,NULL,'0','0','0','0105000020D7080000010000000102000000020000000098CD2467FA2D4100CE5A648C2C094180FB105C78FA2D41009E8F37C22E0941');
INSERT INTO "tax_lot_face_scratch" ("tax_lot_face_type","boro","block","lot","bbl","lot_face_length","source","block_face_flag","lot_face_length_error","created_by","created_date","last_modified_by","last_modified_date","av_change","bw_change","approx_length_flag",shape) VALUES ('0','1','605','39','1006050039','20.00000000','0','1','0',NULL,NULL,NULL,NULL,'0','0','0','0105000020D70800000100000001020000000200000000A5F5F8EAFA2D4100C47590982509418044DA07E6FA2D4100EC6B28F6240941');
INSERT INTO "tax_lot_face_scratch" ("tax_lot_face_type","boro","block","lot","bbl","lot_face_length","source","block_face_flag","lot_face_length_error","created_by","created_date","last_modified_by","last_modified_date","av_change","bw_change","approx_length_flag",shape) VALUES ('0','1','605','1','1006050001','82.83000000','0','0','0',NULL,NULL,NULL,NULL,'0','0','0','0105000020D7080000010000000102000000030000000009E4E102F92D4100A0E8BE1D26094180775BF19AF92D41005A4418A025094180F9EB1DA5F92D41009410B097250941');
INSERT INTO "tax_lot_face_scratch" ("tax_lot_face_type","boro","block","lot","bbl","lot_face_length","source","block_face_flag","lot_face_length_error","created_by","created_date","last_modified_by","last_modified_date","av_change","bw_change","approx_length_flag",shape) VALUES ('0','1','605','38','1006050038','2.90000000','0','0','0',NULL,NULL,NULL,NULL,'0','0','0','0105000020D7080000010000000102000000020000008094B6C0ABF92D4100FCF547C126094180351E74ACF92D4100E6B54FD8260941');
INSERT INTO "tax_lot_face_scratch" ("tax_lot_face_type","boro","block","lot","bbl","lot_face_length","source","block_face_flag","lot_face_length_error","created_by","created_date","last_modified_by","last_modified_date","av_change","bw_change","approx_length_flag",shape) VALUES ('0','1','605','29','1006050029','75.00000000','0','0','0',NULL,NULL,NULL,NULL,'0','0','0','0105000020D70800000100000001020000000200000000C2C3F51DFB2D41000EDD46242C0941800A3C3885FA2D410046802D702C0941');
INSERT INTO "tax_lot_face_scratch" ("tax_lot_face_type","boro","block","lot","bbl","lot_face_length","source","block_face_flag","lot_face_length_error","created_by","created_date","last_modified_by","last_modified_date","av_change","bw_change","approx_length_flag",shape) VALUES ('0','1','605','49','1006050049','10.24000000','0','0','0',NULL,NULL,NULL,NULL,'0','0','0','0105000020D7080000010000000102000000020000000059B91FA3F92D410008350E76240941804173A58FF92D4100D0CC5E8F240941');
INSERT INTO "tax_lot_face_scratch" ("tax_lot_face_type","boro","block","lot","bbl","lot_face_length","source","block_face_flag","lot_face_length_error","created_by","created_date","last_modified_by","last_modified_date","av_change","bw_change","approx_length_flag",shape) VALUES ('0','1','605','1','1006050001','30.62000000','0','0','0',NULL,NULL,NULL,NULL,'0','0','0','0105000020D70800000100000001020000000200000080487B8B80F92D41005C7103D72309418088E59E6DF92D410026EE0AEE220941');
INSERT INTO "tax_lot_face_scratch" ("tax_lot_face_type","boro","block","lot","bbl","lot_face_length","source","block_face_flag","lot_face_length_error","created_by","created_date","last_modified_by","last_modified_date","av_change","bw_change","approx_length_flag",shape) VALUES ('0','1','605','8','1006050008','255.29000000','0','1','0',NULL,NULL,NULL,NULL,'0','0','0','0105000020D7080000010000000102000000020000000009E4E102F92D4100A0E8BE1D2609418089DEB16DF92D41008C2A8FEF2D0941');
INSERT INTO "tax_lot_face_scratch" ("tax_lot_face_type","boro","block","lot","bbl","lot_face_length","source","block_face_flag","lot_face_length_error","created_by","created_date","last_modified_by","last_modified_date","av_change","bw_change","approx_length_flag",shape) VALUES ('0','1','605','38','1006050038','7.03000000','0','0','0',NULL,NULL,NULL,NULL,'0','0','0','0105000020D70800000100000001020000000200000080F9EB1DA5F92D41009410B09725094180A2005997F92D41002ABF10A3250941');
INSERT INTO "tax_lot_face_scratch" ("tax_lot_face_type","boro","block","lot","bbl","lot_face_length","source","block_face_flag","lot_face_length_error","created_by","created_date","last_modified_by","last_modified_date","av_change","bw_change","approx_length_flag",shape) VALUES ('0','1','605','38','1006050038','36.87000000','0','0','0',NULL,NULL,NULL,NULL,'0','0','0','0105000020D70800000100000001020000000200000080F624B8F6F92D4100C270EB3F27094100C8E71DAAF92D41001A5FF165270941');
INSERT INTO "tax_lot_face_scratch" ("tax_lot_face_type","boro","block","lot","bbl","lot_face_length","source","block_face_flag","lot_face_length_error","created_by","created_date","last_modified_by","last_modified_date","av_change","bw_change","approx_length_flag",shape) VALUES ('0','1','605','8','1006050008','15.79000000','0','0','0',NULL,NULL,NULL,NULL,'0','0','0','0105000020D70800000100000001020000000200000000BF92B37DF92D4100AA4F5A112A094100EB850A9DF92D41005AF3CB012A0941');
INSERT INTO "tax_lot_face_scratch" ("tax_lot_face_type","boro","block","lot","bbl","lot_face_length","source","block_face_flag","lot_face_length_error","created_by","created_date","last_modified_by","last_modified_date","av_change","bw_change","approx_length_flag",shape) VALUES ('0','1','605','39','1006050039','125.00000000','0','0','0',NULL,NULL,NULL,NULL,'0','0','0','0105000020D7080000010000000102000000020000008044DA07E6FA2D4100EC6B28F62409410056F2B9E8F92D410026BC0874250941');
INSERT INTO "tax_lot_face_scratch" ("tax_lot_face_type","boro","block","lot","bbl","lot_face_length","source","block_face_flag","lot_face_length_error","created_by","created_date","last_modified_by","last_modified_date","av_change","bw_change","approx_length_flag",shape) VALUES ('0','1','605','8','1006050008','4.85000000','0','0','0',NULL,NULL,NULL,NULL,'0','0','0','0105000020D708000001000000010200000003000000008E352BA2F92D410092EC4EE026094180366BF8A5F92D4100EA1DABDD26094180351E74ACF92D4100E6B54FD8260941');
INSERT INTO "tax_lot_face_scratch" ("tax_lot_face_type","boro","block","lot","bbl","lot_face_length","source","block_face_flag","lot_face_length_error","created_by","created_date","last_modified_by","last_modified_date","av_change","bw_change","approx_length_flag",shape) VALUES ('0','1','605','8','1006050008','11.84000000','0','0','0',NULL,NULL,NULL,NULL,'0','0','0','0105000020D70800000100000001020000000200000080D6B32861FA2D4100C87041AF2E094180FB105C78FA2D41009E8F37C22E0941');
INSERT INTO "tax_lot_face_scratch" ("tax_lot_face_type","boro","block","lot","bbl","lot_face_length","source","block_face_flag","lot_face_length_error","created_by","created_date","last_modified_by","last_modified_date","av_change","bw_change","approx_length_flag",shape) VALUES ('0','1','605','1','1006050001','10.30000000','0','0','0',NULL,NULL,NULL,NULL,'0','0','0','0105000020D7080000010000000102000000020000008003FC2294F92D41005AF88CBD23094180487B8B80F92D41005C7103D7230941');
INSERT INTO "tax_lot_face_scratch" ("tax_lot_face_type","boro","block","lot","bbl","lot_face_length","source","block_face_flag","lot_face_length_error","created_by","created_date","last_modified_by","last_modified_date","av_change","bw_change","approx_length_flag",shape) VALUES ('0','1','605','47','1006050047','20.20000000','0','1','0',NULL,NULL,NULL,NULL,'0','0','0','0105000020D70800000100000001020000000300000000B020D5F7F92D41003C5AF52A220941805C3B59F7F92D4100D2F4322B220941800DA2BDCFF92D4100305DE13E220941');
INSERT INTO "tax_lot_face_scratch" ("tax_lot_face_type","boro","block","lot","bbl","lot_face_length","source","block_face_flag","lot_face_length_error","created_by","created_date","last_modified_by","last_modified_date","av_change","bw_change","approx_length_flag",shape) VALUES ('0','1','605','44','1006050044','80.00000000','0','0','0',NULL,NULL,NULL,NULL,'0','0','0','0105000020D70800000100000001020000000300000080FC1D921FFA2D4100CAE7351722094100539D162FFA2D41005405351524094180F3786233FA2D4100963C69A2240941');
INSERT INTO "tax_lot_face_scratch" ("tax_lot_face_type","boro","block","lot","bbl","lot_face_length","source","block_face_flag","lot_face_length_error","created_by","created_date","last_modified_by","last_modified_date","av_change","bw_change","approx_length_flag",shape) VALUES ('0','1','605','46','1006050046','19.75000000','0','0','0',NULL,NULL,NULL,NULL,'0','0','0','0105000020D70800000100000001020000000200000000B5370008FA2D41006CFC543E24094100539D162FFA2D410054053515240941');
INSERT INTO "tax_lot_face_scratch" ("tax_lot_face_type","boro","block","lot","bbl","lot_face_length","source","block_face_flag","lot_face_length_error","created_by","created_date","last_modified_by","last_modified_date","av_change","bw_change","approx_length_flag",shape) VALUES ('0','1','605','8','1006050008','2.63000000','0','0','0',NULL,NULL,NULL,NULL,'0','0','0','0105000020D70800000100000001020000000200000000EFBE327CF92D410022D7C3C827094180C10E6B81F92D4100287C2CC6270941');
INSERT INTO "tax_lot_face_scratch" ("tax_lot_face_type","boro","block","lot","bbl","lot_face_length","source","block_face_flag","lot_face_length_error","created_by","created_date","last_modified_by","last_modified_date","av_change","bw_change","approx_length_flag",shape) VALUES ('0','1','605','31','1006050031','57.44000000','0','0','0',NULL,NULL,NULL,NULL,'0','0','0','0105000020D70800000100000001020000000200000000BF92B37DF92D4100AA4F5A112A094180E8793F99F92D4100C0C64FDC2B0941');
INSERT INTO "tax_lot_face_scratch" ("tax_lot_face_type","boro","block","lot","bbl","lot_face_length","source","block_face_flag","lot_face_length_error","created_by","created_date","last_modified_by","last_modified_date","av_change","bw_change","approx_length_flag",shape) VALUES ('0','1','605','49','1006050049','75.06000000','1','0','2',NULL,NULL,NULL,NULL,'0','0','0','0105000020D70800000100000001020000000200000080203A0CBBF92D4100E09A06C624094100AF56F5A7F92D4100EA50A652220941');
INSERT INTO "tax_lot_face_scratch" ("tax_lot_face_type","boro","block","lot","bbl","lot_face_length","source","block_face_flag","lot_face_length_error","created_by","created_date","last_modified_by","last_modified_date","av_change","bw_change","approx_length_flag",shape) VALUES ('0','1','605','47','1006050047','20.24000000','0','0','0',NULL,NULL,NULL,NULL,'0','0','0','0105000020D70800000100000001020000000200000000419C8FE0F92D4100B0F7AD6724094100B5370008FA2D41006CFC543E240941');
INSERT INTO "tax_lot_face_scratch" ("tax_lot_face_type","boro","block","lot","bbl","lot_face_length","source","block_face_flag","lot_face_length_error","created_by","created_date","last_modified_by","last_modified_date","av_change","bw_change","approx_length_flag",shape) VALUES ('0','1','605','38','1006050038','17.16000000','0','0','0',NULL,NULL,NULL,NULL,'0','0','0','0105000020D70800000100000001020000000200000000C8E71DAAF92D41001A5FF16527094180366BF8A5F92D4100EA1DABDD260941');
INSERT INTO "tax_lot_face_scratch" ("tax_lot_face_type","boro","block","lot","bbl","lot_face_length","source","block_face_flag","lot_face_length_error","created_by","created_date","last_modified_by","last_modified_date","av_change","bw_change","approx_length_flag",shape) VALUES ('0','1','605','38','1006050038','7.64000000','0','0','0',NULL,NULL,NULL,NULL,'0','0','0','0105000020D70800000100000001020000000200000000321996B0F92D4100A6FCA8072609410031E88CBFF92D41008E774BFB250941');
INSERT INTO "tax_lot_face_scratch" ("tax_lot_face_type","boro","block","lot","bbl","lot_face_length","source","block_face_flag","lot_face_length_error","created_by","created_date","last_modified_by","last_modified_date","av_change","bw_change","approx_length_flag",shape) VALUES ('0','1','605','30','1006050030','20.00000000','0','0','0',NULL,NULL,NULL,NULL,'0','0','0','0105000020D7080000010000000102000000020000008058294580FA2D4100905A82CD2B0941800A3C3885FA2D410046802D702C0941');
INSERT INTO "tax_lot_face_scratch" ("tax_lot_face_type","boro","block","lot","bbl","lot_face_length","source","block_face_flag","lot_face_length_error","created_by","created_date","last_modified_by","last_modified_date","av_change","bw_change","approx_length_flag",shape) VALUES ('0','1','605','40','1006050040','86.00000000','0','0','0',NULL,NULL,NULL,NULL,'0','0','0','0105000020D708000001000000010200000002000000008106DCE0FA2D4100FAE7344C24094180F3786233FA2D4100963C69A2240941');
INSERT INTO "tax_lot_face_scratch" ("tax_lot_face_type","boro","block","lot","bbl","lot_face_length","source","block_face_flag","lot_face_length_error","created_by","created_date","last_modified_by","last_modified_date","av_change","bw_change","approx_length_flag",shape) VALUES ('0','1','605','1','1006050001','34.81000000','0','0','0',NULL,NULL,NULL,NULL,'0','0','0','0105000020D70800000100000001020000000300000080F9EB1DA5F92D41009410B0972509410096FF9895F92D410060CFA2D8240941804173A58FF92D4100D0CC5E8F240941');
INSERT INTO "tax_lot_face_scratch" ("tax_lot_face_type","boro","block","lot","bbl","lot_face_length","source","block_face_flag","lot_face_length_error","created_by","created_date","last_modified_by","last_modified_date","av_change","bw_change","approx_length_flag",shape) VALUES ('0','1','605','38','1006050038','40.00000000','0','0','0',NULL,NULL,NULL,NULL,'0','0','0','0105000020D70800000100000001020000000200000000539D162FFA2D41005405351524094100419C8FE0F92D4100B0F7AD67240941');
INSERT INTO "tax_lot_face_scratch" ("tax_lot_face_type","boro","block","lot","bbl","lot_face_length","source","block_face_flag","lot_face_length_error","created_by","created_date","last_modified_by","last_modified_date","av_change","bw_change","approx_length_flag",shape) VALUES ('0','1','605','48','1006050048','75.06000000','1','0','2',NULL,NULL,NULL,NULL,'0','0','0','0105000020D70800000100000001020000000200000000AF56F5A7F92D4100EA50A65222094180203A0CBBF92D4100E09A06C6240941');
INSERT INTO "tax_lot_face_scratch" ("tax_lot_face_type","boro","block","lot","bbl","lot_face_length","source","block_face_flag","lot_face_length_error","created_by","created_date","last_modified_by","last_modified_date","av_change","bw_change","approx_length_flag",shape) VALUES ('0','1','605','38','1006050038','30.00000000','0','0','0',NULL,NULL,NULL,NULL,'0','0','0','0105000020D708000001000000010200000002000000807C0956F2FA2D4100B292938A26094100A5F5F8EAFA2D4100C4759098250941');
INSERT INTO "tax_lot_face_scratch" ("tax_lot_face_type","boro","block","lot","bbl","lot_face_length","source","block_face_flag","lot_face_length_error","created_by","created_date","last_modified_by","last_modified_date","av_change","bw_change","approx_length_flag",shape) VALUES ('0','1','605','31','1006050031','75.00000000','0','0','0',NULL,NULL,NULL,NULL,'0','0','0','0105000020D70800000100000001020000000200000000CC80F422FB2D410094D672C82C09418014F9368AFA2D4100CC7959142D0941');
INSERT INTO "tax_lot_face_scratch" ("tax_lot_face_type","boro","block","lot","bbl","lot_face_length","source","block_face_flag","lot_face_length_error","created_by","created_date","last_modified_by","last_modified_date","av_change","bw_change","approx_length_flag",shape) VALUES ('0','1','605','38','1006050038','10.60000000','0','0','0',NULL,NULL,NULL,NULL,'0','0','0','0105000020D70800000100000001020000000200000080D98F1CC2F92D4100D646794F2609410031E88CBFF92D41008E774BFB250941');
INSERT INTO "tax_lot_face_scratch" ("tax_lot_face_type","boro","block","lot","bbl","lot_face_length","source","block_face_flag","lot_face_length_error","created_by","created_date","last_modified_by","last_modified_date","av_change","bw_change","approx_length_flag",shape) VALUES ('0','1','605','8','1006050008','7.64000000','0','0','0',NULL,NULL,NULL,NULL,'0','0','0','0105000020D7080000010000000102000000020000000031E88CBFF92D41008E774BFB25094100321996B0F92D4100A6FCA807260941');
INSERT INTO "tax_lot_face_scratch" ("tax_lot_face_type","boro","block","lot","bbl","lot_face_length","source","block_face_flag","lot_face_length_error","created_by","created_date","last_modified_by","last_modified_date","av_change","bw_change","approx_length_flag",shape) VALUES ('0','1','605','38','1006050038','125.00000000','0','0','0',NULL,NULL,NULL,NULL,'0','0','0','0105000020D70800000100000001020000000200000000A5F5F8EAFA2D4100C47590982509410029ECAAEDF92D4100FEC57016260941');
--------------------------------------------------------------------------------
--dont delete this bustah
--------------------------------------------------------------------------------
commit;
begin;
-- why does ESRI add {braces} around globalids?
update tax_block_polygon_scratch set globalid = uuid_generate_v4();
alter table tax_block_polygon_scratch alter globalid set not null;
commit;
begin;
update tax_lot_polygon_scratch set globalid = uuid_generate_v4();
alter table tax_lot_polygon_scratch alter globalid set not null;
commit;
begin;
update tax_lot_face_scratch set globalid = uuid_generate_v4();
alter table tax_lot_face_scratch alter globalid set not null;
commit;